ProductName,Rating,Price,OriginalPrice,Discount,Reviews,Features,PageNumber,Ratings1,Reviews1,Number_Ratings,Number_Reviews,Brand,Ton,Star,AC_Type,Power_Usage,Room_Size
Samsung 2025 Model 1.5 Ton 5 Star Split Inverter with Wi-fi AC,4.2,36490,72990,50,"26,515 Ratings & 2,683 Reviews",Annual Power Usage: 751.24 WRoom Size: 111 - 150 sqft5 Years Comprehensive Warranty on AC and 10 Years Warranty on Compressor,1,"26,515 Ratings "," 2,683 Reviews",26515,2683,Samsung,1.5,5.0,Split,751.24,111 - 150 sqft
Voltas 2026 Model 1.5 Ton 3 Star Split Inverter AC,4.2,33990,60990,44,"83,437 Ratings & 7,067 Reviews","Annual Power Usage: 900.94 kWhRoom Size: 111 - 150 sqft1 Year Warranty On Product,10 Years Warranty On Compressor",1,"83,437 Ratings "," 7,067 Reviews",83437,7067,Voltas,1.5,3.0,Split,900.94,111 - 150 sqft
MarQ by Flipkart 2026 Model 1 Ton 3 Star Split Inverter 5-in-1 Convertible with Turbo Cool Technology ...,4.2,21990,47999,54,"43,706 Ratings & 5,407 Reviews",Annual Power Usage: 594.03 kWhRoom Size: 90 sqft or Below1 year comprehensive warranty on product and 10 years warranty on compressor,1,"43,706 Ratings "," 5,407 Reviews",43706,5407,MarQ,1.0,3.0,Split,594.03,90 sqft
MarQ by Flipkart 2026 Model 1.5 Ton 3 Star Split Inverter 5-in-1 Convertible with Turbo Cool Technolog...,4.2,26490,49999,47,"49,936 Ratings & 6,373 Reviews",Annual Power Usage: 858.22 kWhRoom Size: 111 - 150 sqft1 year comprehensive warranty on product and 10 years warranty on compressor,1,"49,936 Ratings "," 6,373 Reviews",49936,6373,MarQ,1.5,3.0,Split,858.22,111 - 150 sqft
Voltas 2025 Model 1.5 Ton 5 Star Split Inverter 4-IN-1 Adjustable Mode | Energy Efficient | High Ambie...,4.2,38990,69990,44,"41,002 Ratings & 3,819 Reviews","Annual Power Usage: 751.28 UnitsRoom Size: 111 - 150 sqft5 years warranty from the date of installation, (Inverter or Fixed Speed SACs) of Tonnage up to 2.2 Tr (Offer valid till 31st May 2026). It is applicable only for residential usage and does not apply to commercial or National Accounts customers, 5 Years warranty on PCB, 10 Years on Inverter Compressor",1,"41,002 Ratings "," 3,819 Reviews",41002,3819,Voltas,1.5,5.0,Split,751.28,111 - 150 sqft
Daikin 2026 Model 1.5 Ton 3 Star Split Inverter AC,4.2,37490,56100,33,"24,785 Ratings & 1,912 Reviews",Annual Power Usage: 880.1 kWhRoom Size: 111 - 150 sqft1 Year Warranty on Product and  5 Years Warranty on PCB and 10 Years Warranty on Compressor,1,"24,785 Ratings "," 1,912 Reviews",24785,1912,Daikin,1.5,3.0,Split,880.1,111 - 150 sqft
MarQ by Flipkart 2025 Model 1.5 Ton 5 Star Split Inverter 5-in-1 Convertible with Turbo Cool Technolog...,4.2,28990,56199,48,"29,718 Ratings & 3,672 Reviews",Annual Power Usage: 781.88 UnitsRoom Size: 111 - 150 sqft1 Year Warranty on Product and 10 Years Warranty on Compressor,1,"29,718 Ratings "," 3,672 Reviews",29718,3672,MarQ,1.5,5.0,Split,781.88,111 - 150 sqft
"LG 2025 Model 1.5 Ton 5 Star Split Dual Inverter with Faster Cooling and Energy Saving, AI Convertible...",4.2,42990,78990,45,"46,175 Ratings & 4,255 Reviews",Annual Power Usage: 744.75 kWhRoom Size: 111 - 150 sqft1 Year Manufacturing Warranty on Product,1,"46,175 Ratings "," 4,255 Reviews",46175,4255,LG,1.5,5.0,Split,744.75,111 - 150 sqft
Daikin 2026 Model 1.5 Ton 4 Star Split Inverter AC,4.1,40990,60000,31,953 Ratings & 106 Reviews,"Annual Power Usage: 751.22 kWhRoom Size: 111 - 150 sqft1 Year Warranty on Product,  5 Years warranty on PCB and 10 Years Warranty on Compressor",1,953 Ratings , 106 Reviews,953,106,Daikin,1.5,4.0,Split,751.22,111 - 150 sqft
MarQ by Flipkart 2026 Model 1.5 Ton 5 Star Split Inverter 5-in-1 Convertible with Turbo Cool Technolog...,4.2,31490,58999,46,"29,718 Ratings & 3,672 Reviews",Annual Power Usage: 656.35 kWhRoom Size: 111 - 150 sqft1 year comprehensive warranty on product and 10 years warranty on compressor,1,"29,718 Ratings "," 3,672 Reviews",29718,3672,MarQ,1.5,5.0,Split,656.35,111 - 150 sqft
Godrej 2025 Model 1 Ton 3 Star Split Inverter 5-In-1-Convertible Cooling with Heavy Duty Cooling At Ex...,4.0,26490,38600,31,"8,298 Ratings & 716 Reviews","Annual Power Usage: 1034 UnitsRoom Size: 90 sqft or Below5 Years Warranty on Whole Product (Valid on sales post 1 Sep 2024, warranty can be availed after registering on Brand website within 7 days of purchase) and 10 Years Warranty on Compressor",1,"8,298 Ratings ", 716 Reviews,8298,716,Godrej,1.0,3.0,Split,1034.0,90 sqft
"CARRIER 2026 Model 1.5 Ton 3 Star Split AI Inverter Convertible 6-in-1 with Smart Energy Display, Inst...",4.2,32490,65500,50,"38,222 Ratings & 4,626 Reviews","Annual Power Usage: 854.39 kWhRoom Size: 111 - 150 sqft1 Year Warranty on Product, 5 Years on PCB and 10 Years on the Compressor",1,"38,222 Ratings "," 4,626 Reviews",38222,4626,CARRIER,1.5,3.0,Split,854.39,111 - 150 sqft
Godrej 2025 Model 1.5 Ton 3 Star Split Inverter 5-In-1 Convertible Cooling with Heavy Duty Cooling and...,4.0,31667,45900,31,"22,727 Ratings & 1,770 Reviews","Annual Power Usage: 983.99 kWhRoom Size: 111 - 150 sqft10 years warranty on compressor, 5 year warranty on whole product (Applicable on purchase after Sept 2024 and warranty can be availed after registering on brand website within 30 days of purchase)",1,"22,727 Ratings "," 1,770 Reviews",22727,1770,Godrej,1.5,3.0,Split,983.99,111 - 150 sqft
Whirlpool 2026 Model 1.5 Ton 3 Star Split Inverter AC,4.1,32240,57150,43,"30,027 Ratings & 3,540 Reviews","Annual Power Usage: 858.22 kWhRoom Size: 111 - 150 sqft1 year warranty on product, 5 years  warranty on compressor",1,"30,027 Ratings "," 3,540 Reviews",30027,3540,Whirlpool,1.5,3.0,Split,858.22,111 - 150 sqft
MarQ by Flipkart 2025 Model 1 Ton 3 Star Split Inverter 5-in-1 Convertible with Turbo Cool Technology ...,4.2,21990,45099,51,"43,706 Ratings & 5,407 Reviews",Annual Power Usage: 684.9 UnitsRoom Size: 90 sqft or Below1 Year Warranty on Product and 10 Years Warranty on Compressor,1,"43,706 Ratings "," 5,407 Reviews",43706,5407,MarQ,1.0,3.0,Split,684.9,90 sqft
"TCL 2026 Model 1 Ton 3 Star Split Inverter 7 Step Convertible with Powerful and Fast cooling, 4 Ways S...",3.8,24990,48991,48,827 Ratings & 110 Reviews,"Annual Power Usage: 596.47 kWhRoom Size: 90 sqft or Below1 year warranty on product,5 Years on PCB and 10 Years on the Compressor",1,827 Ratings , 110 Reviews,827,110,TCL,1.0,3.0,Split,596.47,90 sqft
"Samsung Bespoke AI 2026 Model 1.5 ton 4 Star Split Inverter with Wi-fi Energy Saving, Voice Control, P...",4.1,38990,82990,53,"6,233 Ratings & 578 Reviews",Annual Power Usage: 713.57 kWhRoom Size: 111 - 150 sqft5 year comprehensive warranty on product and 10 years warranty on compressor,1,"6,233 Ratings ", 578 Reviews,6233,578,Samsung,1.5,4.0,Split,713.57,111 - 150 sqft
CARRIER 2026 Model 1.5 Ton 3 Star Split AI Inverter with Wi-fi Convertible 6-in-1 with Geo-Fencing & V...,4.2,33490,65900,49,"38,222 Ratings & 4,626 Reviews","Annual Power Usage: 854.39 kWhRoom Size: 111 - 150 sqft1 Year Warranty on Product, 5 Years on PCB and 10 Years on the Compressor",1,"38,222 Ratings "," 4,626 Reviews",38222,4626,CARRIER,1.5,3.0,Split,854.39,111 - 150 sqft
MarQ by Flipkart 2026 Model 1 Ton 5 Star Split Inverter 5-in-1 Convertible with Turbo Cool Technology ...,4.2,27990,51999,46,"3,041 Ratings & 379 Reviews",Annual Power Usage: 472.64 kWhRoom Size: 90 sqft or Below1 Year on Product and 10 Years Warranty on Compressor,1,"3,041 Ratings ", 379 Reviews,3041,379,MarQ,1.0,5.0,Split,472.64,90 sqft
LG 2025 Model 1.5 Ton 5 Star Split AI Dual Inverter AI Convertible 6-in-1 Split with Faster Cooling an...,4.2,42990,78990,45,"46,175 Ratings & 4,255 Reviews","Annual Power Usage: 744.75 kWhRoom Size: 111 - 150 sqft1 Year Warranty on Product,5 year on Pcb and 10 Years Warranty on Compressor",1,"46,175 Ratings "," 4,255 Reviews",46175,4255,LG,1.5,5.0,Split,744.75,111 - 150 sqft
Midea 2026 Model 1.5 Ton 3 Star Split AI Inverter with Wi-fi Convertible 6-in-1 with Turbo Mode for Fa...,4.3,29990,59700,49,"18,604 Ratings & 2,838 Reviews","Annual Power Usage: 854.39 kWhRoom Size: 111 - 150 sqft5 Year Comprehensive Warranty On Product,10 Year Warranty On Compressor",1,"18,604 Ratings "," 2,838 Reviews",18604,2838,Midea,1.5,3.0,Split,854.39,111 - 150 sqft
Whirlpool 2025 Model 1.5 Ton 5 Star Split Inverter AC,4.2,34040,65083,47,"21,787 Ratings & 2,439 Reviews","Annual Power Usage: 728.95 kWhRoom Size: 111 - 150 sqft1 Year Warranty On Product, 5 Year Warranty On Compressor",1,"21,787 Ratings "," 2,439 Reviews",21787,2439,Whirlpool,1.5,5.0,Split,728.95,111 - 150 sqft
"IFB 2025 Model 2 Ton 3 Star Split Inverter Silver Plus Series with HD Compressor, AI, Dual Gold Fin, N...",4.2,41990,73740,43,"1,194 Ratings & 115 Reviews","Annual Power Usage: 1252.53 UnitsRoom Size: 151 - 200 sqft1 Year warranty on Product , 5 Years warranty on PCB and 10 Years Warranty on Compressor",2,"1,194 Ratings ", 115 Reviews,1194,115,IFB,2.0,3.0,Split,1252.53,151 - 200 sqft
"Panasonic 2026 Model 1.5 Ton 3 Star Split Inverter with Wi-fi Smart, DustBuster Tech, Matter Enabled, ...",4.1,36990,54000,31,"24,445 Ratings & 2,408 Reviews","Annual Power Usage: 877.74 kWhRoom Size: 111 - 150 sqft1 Year Comprehensive warranty on Product,
5 Years warranty on PCB & 
10 Years warranty on Compressor",2,"24,445 Ratings "," 2,408 Reviews",24445,2408,Panasonic,1.5,3.0,Split,877.74,111 - 150 sqft
Voltas 2026 Model 1.5 Ton 3 Star Split Inverter AC,4.2,33990,60990,44,"83,437 Ratings & 7,067 Reviews","Annual Power Usage: 900.94 kWhRoom Size: 111 - 150 sqft1 Year Warranty On Product,10 Years Warranty On Compressor",2,"83,437 Ratings "," 7,067 Reviews",83437,7067,Voltas,1.5,3.0,Split,900.94,111 - 150 sqft
"LG 2025 Model 1.5 Ton 5 Star Split Dual Inverter with Faster Cooling and Energy Saving, AI Convertible...",4.2,42990,78990,45,"46,175 Ratings & 4,255 Reviews",Annual Power Usage: 744.75 kWhRoom Size: 111 - 150 sqft1 Year Manufacturing Warranty on Product,2,"46,175 Ratings "," 4,255 Reviews",46175,4255,LG,1.5,5.0,Split,744.75,111 - 150 sqft
Lloyd 2026 Model 1.5 Ton 3 Star Split Inverter AC,4.1,33990,56990,40,"20,599 Ratings & 2,180 Reviews","Annual Power Usage: 831.01 kWhRoom Size: 111 - 150 sqft1 Year Comprehensive Warranty on AC, 5 Year Warranty on Component and 10 Years Warranty on Compressor",2,"20,599 Ratings "," 2,180 Reviews",20599,2180,Lloyd,1.5,3.0,Split,831.01,111 - 150 sqft
"ONIDA 2025 Model 1.5 Ton 5 Star Split Inverter 5-in-1 Convertible, Energy Efficient, Deep frost Clean,...",4.2,31490,60000,47,"7,142 Ratings & 843 Reviews","Annual Power Usage: 744.21 kWhRoom Size: 111 - 150 sqft1 Years Warranty On Product, 5 Years Warranty on Compressor",2,"7,142 Ratings ", 843 Reviews,7142,843,ONIDA,1.5,5.0,Split,744.21,111 - 150 sqft
Godrej 2025 Model 1 Ton 3 Star Split Inverter 5-In-1-Convertible Cooling with Heavy Duty Cooling At Ex...,4.0,26490,38600,31,"8,298 Ratings & 716 Reviews","Annual Power Usage: 1034 UnitsRoom Size: 90 sqft or Below5 Years Warranty on Whole Product (Valid on sales post 1 Sep 2024, warranty can be availed after registering on Brand website within 7 days of purchase) and 10 Years Warranty on Compressor",2,"8,298 Ratings ", 716 Reviews,8298,716,Godrej,1.0,3.0,Split,1034.0,90 sqft
"CARRIER 2026 Model 1.5 Ton 3 Star Split AI Inverter Convertible 6-in-1 with Smart Energy Display, Inst...",4.2,32490,65500,50,"38,222 Ratings & 4,626 Reviews","Annual Power Usage: 854.39 kWhRoom Size: 111 - 150 sqft1 Year Warranty on Product, 5 Years on PCB and 10 Years on the Compressor",2,"38,222 Ratings "," 4,626 Reviews",38222,4626,CARRIER,1.5,3.0,Split,854.39,111 - 150 sqft
"IFB 2025 Model 1.5 Ton 5 Star Split Inverter Silver Plus Series with HD Compressor, AI, Dual Gold Fin,...",4.2,35490,66365,46,"15,363 Ratings & 1,538 Reviews","Annual Power Usage: 721.04 UnitsRoom Size: 111 - 150 sqft1 Year warranty on Product , 5 Years warranty on PCB and 10 Years Warranty on Compressor",2,"15,363 Ratings "," 1,538 Reviews",15363,1538,IFB,1.5,5.0,Split,721.04,111 - 150 sqft
Haier 2026 Model 1.5 Ton 3 Star Split Twin Inverter AC,4.0,33990,59000,42,"6,315 Ratings & 597 Reviews",Annual Power Usage: 851.12 kWhRoom Size: 111 - 150 sqft5 years on the product and 12 years on the compressor (1-year warranty card in the box + 4-year promotional warranty auto activated post-installation).,2,"6,315 Ratings ", 597 Reviews,6315,597,Haier,1.5,3.0,Split,851.12,111 - 150 sqft
MarQ by Flipkart 2025 Model 1 Ton 5 Star Split Inverter 5-in-1 Convertible with Turbo Cool Technology ...,4.2,27490,48799,43,"3,041 Ratings & 379 Reviews",Annual Power Usage: 526.8 UnitsRoom Size: 90 sqft or Below1 Year Warranty on Product and 10 Years Warranty on Compressor,2,"3,041 Ratings ", 379 Reviews,3041,379,MarQ,1.0,5.0,Split,526.8,90 sqft
"Godrej 2025 Model 1.5 Ton 4 Star Split Inverter 5-In-1-Convertible Cooling, 4 Way Air Swing And Heavy ...",3.9,30990,46000,32,"11,102 Ratings & 811 Reviews","Annual Power Usage: 835.07 UnitsRoom Size: 111 - 150 sqft5 Years Warranty on Whole Product (Valid on sales post 1 Sep 2024, warranty can be availed after registering on Brand website within 7 days of purchase) and 10 Years Warranty on Compressor",2,"11,102 Ratings ", 811 Reviews,11102,811,Godrej,1.5,4.0,Split,835.07,111 - 150 sqft
Whirlpool 2026 Model 1.5 Ton 3 Star Split Inverter AC,4.1,32240,57150,43,"30,027 Ratings & 3,540 Reviews","Annual Power Usage: 858.22 kWhRoom Size: 111 - 150 sqft1 year warranty on product, 5 years  warranty on compressor",2,"30,027 Ratings "," 3,540 Reviews",30027,3540,Whirlpool,1.5,3.0,Split,858.22,111 - 150 sqft
Samsung 2025 Model 1.5 Ton 5 Star Split Inverter with Wi-fi AC,4.2,36490,72990,50,"26,515 Ratings & 2,683 Reviews",Annual Power Usage: 751.24 WRoom Size: 111 - 150 sqft5 Years Comprehensive Warranty on AC and 10 Years Warranty on Compressor,2,"26,515 Ratings "," 2,683 Reviews",26515,2683,Samsung,1.5,5.0,Split,751.24,111 - 150 sqft
CARRIER 2026 Model 1.5 Ton 3 Star Split AI Inverter with Wi-fi Convertible 6-in-1 with Geo-Fencing & V...,4.2,33490,65900,49,"38,222 Ratings & 4,626 Reviews","Annual Power Usage: 854.39 kWhRoom Size: 111 - 150 sqft1 Year Warranty on Product, 5 Years on PCB and 10 Years on the Compressor",2,"38,222 Ratings "," 4,626 Reviews",38222,4626,CARRIER,1.5,3.0,Split,854.39,111 - 150 sqft
"Samsung Bespoke AI 2026 Model 1.5 ton 4 Star Split Inverter with Wi-fi Energy Saving, Voice Control, P...",4.1,38990,82990,53,"6,233 Ratings & 578 Reviews",Annual Power Usage: 713.57 kWhRoom Size: 111 - 150 sqft5 year comprehensive warranty on product and 10 years warranty on compressor,2,"6,233 Ratings ", 578 Reviews,6233,578,Samsung,1.5,4.0,Split,713.57,111 - 150 sqft
MarQ by Flipkart 2025 Model 0.75 ton 3 Star Split Inverter 4-in-1 Convertible with Turbo Cool Technolo...,4.2,19990,42799,53,"2,503 Ratings & 276 Reviews",Annual Power Usage: 553.16 UnitsRoom Size: 90 sqft or Below1 Year Warranty on Product and 10 Years Warranty on Compressor,2,"2,503 Ratings ", 276 Reviews,2503,276,MarQ,1.5,3.0,Split,553.16,90 sqft
MarQ by Flipkart 2025 Model 1.5 Ton 3 Star Split Inverter 4-in-1 Convertible with Turbo Cool Technolog...,4.2,25990,46999,44,"49,936 Ratings & 6,373 Reviews",Annual Power Usage: 964.1 kWhRoom Size: 111 - 150 sqft1 Year on Product and 10 Years Warranty on Compressor,2,"49,936 Ratings "," 6,373 Reviews",49936,6373,MarQ,1.5,3.0,Split,964.1,111 - 150 sqft
realme TechLife 2026 Model 1.5 Ton 5 Star Split Inverter with Wi-fi AC,4.2,31990,59999,46,"4,506 Ratings & 594 Reviews",Room Size: 111 - 150 sqft1 Year warranty on Product and 10 Years Warranty on Compressor,2,"4,506 Ratings ", 594 Reviews,4506,594,realme,1.5,5.0,Split,854.39,111 - 150 sqft
LG 2025 Model 1.5 Ton 5 Star Split AI Dual Inverter AI Convertible 6-in-1 Split with Faster Cooling an...,4.2,42990,78990,45,"46,175 Ratings & 4,255 Reviews","Annual Power Usage: 744.75 kWhRoom Size: 111 - 150 sqft1 Year Warranty on Product,5 year on Pcb and 10 Years Warranty on Compressor",2,"46,175 Ratings "," 4,255 Reviews",46175,4255,LG,1.5,5.0,Split,744.75,111 - 150 sqft
Midea 2026 Model 1.5 Ton 3 Star Split AI Inverter with Wi-fi Convertible 6-in-1 with Turbo Mode for Fa...,4.3,29990,59700,49,"18,604 Ratings & 2,838 Reviews","Annual Power Usage: 854.39 kWhRoom Size: 111 - 150 sqft5 Year Comprehensive Warranty On Product,10 Year Warranty On Compressor",2,"18,604 Ratings "," 2,838 Reviews",18604,2838,Midea,1.5,3.0,Split,854.39,111 - 150 sqft
Blue Star 2025 Model 1.5 Ton 3 Star Window Inverter AC,4.2,31290,41400,24,"1,912 Ratings & 181 Reviews",Annual Power Usage: 1191.02 kWhRoom Size: 111 - 150 sqftWarranty of the Product is Limited to Manufacturing Defects Only,3,"1,912 Ratings ", 181 Reviews,1912,181,Blue,1.5,3.0,Window,1191.02,111 - 150 sqft
MarQ by Flipkart 2026 Model 2 Ton 3 Star Split Inverter 5-in-1 Convertible with Turbo Cool Technology ...,4.2,35990,63999,43,"1,462 Ratings & 164 Reviews",Annual Power Usage: 1780 WRoom Size: 151 - 200 sqft1 year comprehensive warranty on product and 10 years warranty on compressor,3,"1,462 Ratings ", 164 Reviews,1462,164,MarQ,2.0,3.0,Split,1780.0,151 - 200 sqft
Voltas 2026 Model 1.5 Ton 3 Star Split Inverter AC,4.2,33990,60990,44,"83,437 Ratings & 7,067 Reviews","Annual Power Usage: 900.94 kWhRoom Size: 111 - 150 sqft1 Year Warranty On Product,10 Years Warranty On Compressor",3,"83,437 Ratings "," 7,067 Reviews",83437,7067,Voltas,1.5,3.0,Split,900.94,111 - 150 sqft
"LG 2025 Model 1.5 Ton 5 Star Split Dual Inverter with Faster Cooling and Energy Saving, AI Convertible...",4.2,42990,78990,45,"46,175 Ratings & 4,255 Reviews",Annual Power Usage: 744.75 kWhRoom Size: 111 - 150 sqft1 Year Manufacturing Warranty on Product,3,"46,175 Ratings "," 4,255 Reviews",46175,4255,LG,1.5,5.0,Split,744.75,111 - 150 sqft
"Samsung Bespoke AI 2026 Model 1.5 ton 3 Star Split Inverter with Wi-fi Energy Saving, Voice Control, P...",4.1,36490,78990,53,"37,322 Ratings & 3,395 Reviews",Annual Power Usage: 847.65 kWhRoom Size: 111 - 150 sqft5 year comprehensive warranty on product and 10 years warranty on compressor,3,"37,322 Ratings "," 3,395 Reviews",37322,3395,Samsung,1.5,3.0,Split,847.65,111 - 150 sqft
Blue Star 2026 Model 1 Ton 5 Star Split Inverter with Wi-fi AC,4.0,37990,62000,38,"2,676 Ratings & 255 Reviews",Annual Power Usage: 495.16 kWhRoom Size: 90 sqft or Below60 months for those customers who purchase Blue Star Split ACs (Inverter or Fixed Speed SACs) of Tonnage up to 2 Tr from 16th February 2026 to 30th June 2026.,3,"2,676 Ratings ", 255 Reviews,2676,255,Blue,1.0,5.0,Split,495.16,90 sqft
Lloyd 2026 Model 1 Ton 5 Star Split Inverter AC,4.0,35990,58990,38,"1,286 Ratings & 110 Reviews","Annual Power Usage: 471.53 kWhRoom Size: 90 sqft or Below1 Year Comprehensive Warranty on AC, 5 Year Warranty on Component and 10 Years Warranty on Compressor",3,"1,286 Ratings ", 110 Reviews,1286,110,Lloyd,1.0,5.0,Split,471.53,90 sqft
Godrej 2025 Model 1 Ton 3 Star Split Inverter 5-In-1-Convertible Cooling with Heavy Duty Cooling At Ex...,4.0,26490,38600,31,"8,298 Ratings & 716 Reviews","Annual Power Usage: 1034 UnitsRoom Size: 90 sqft or Below5 Years Warranty on Whole Product (Valid on sales post 1 Sep 2024, warranty can be availed after registering on Brand website within 7 days of purchase) and 10 Years Warranty on Compressor",3,"8,298 Ratings ", 716 Reviews,8298,716,Godrej,1.0,3.0,Split,1034.0,90 sqft
"CARRIER 2026 Model 1.5 Ton 3 Star Split AI Inverter Convertible 6-in-1 with Smart Energy Display, Inst...",4.2,32490,65500,50,"38,222 Ratings & 4,626 Reviews","Annual Power Usage: 854.39 kWhRoom Size: 111 - 150 sqft1 Year Warranty on Product, 5 Years on PCB and 10 Years on the Compressor",3,"38,222 Ratings "," 4,626 Reviews",38222,4626,CARRIER,1.5,3.0,Split,854.39,111 - 150 sqft
MOTOROLA 2026 Model 2 Ton 3 Star Split Inverter with Wi-fi | Free Installation with 3-Year Comprehensi...,4.3,38990,70999,45,494 Ratings & 84 Reviews,"Annual Power Usage: 1098.15 kWhRoom Size: 151 - 200 sqft3 Year on Product and 10 Years Warranty on Compressor

You additionally get the following benefits free of cost for the first 3 years:
-Gas recharge (maximum 2 times) and service basis requirement.

Please reach out to the brand for these benefits.",3,494 Ratings , 84 Reviews,494,84,MOTOROLA,2.0,3.0,Split,1098.15,151 - 200 sqft
ONIDA 2025 Model 2 Ton 3 Star Split Inverter 5-in-1 Convertible Cooling with Four Way Swing AC,4.1,35990,66290,45,"1,153 Ratings & 117 Reviews","Annual Power Usage: 1231.9 UnitsRoom Size: 151 - 200 sqft1 Years Warranty On Product, 5 Years Warranty on PCB, 10 Years Warranty on Compressor",3,"1,153 Ratings ", 117 Reviews,1153,117,ONIDA,2.0,3.0,Split,1231.9,151 - 200 sqft
Whirlpool 2026 Model 1.5 Ton 3 Star Split Inverter AC,4.1,32240,57150,43,"30,027 Ratings & 3,540 Reviews","Annual Power Usage: 858.22 kWhRoom Size: 111 - 150 sqft1 year warranty on product, 5 years  warranty on compressor",3,"30,027 Ratings "," 3,540 Reviews",30027,3540,Whirlpool,1.5,3.0,Split,858.22,111 - 150 sqft
Samsung 2025 Model 1.5 Ton 5 Star Split Inverter with Wi-fi AC,4.2,36490,72990,50,"26,515 Ratings & 2,683 Reviews",Annual Power Usage: 751.24 WRoom Size: 111 - 150 sqft5 Years Comprehensive Warranty on AC and 10 Years Warranty on Compressor,3,"26,515 Ratings "," 2,683 Reviews",26515,2683,Samsung,1.5,5.0,Split,751.24,111 - 150 sqft
Hisense 2026 Model 2 Ton 3 Star Split Inverter AC,3.8,34990,56000,37,67 Ratings & 10 Reviews,"Annual Power Usage: 1073.79 kWhRoom Size: 151 - 200 sqft1 Year Comprehensive warranty on Product, 5 Year on PCB & 10 Year on Compressor",3,67 Ratings , 10 Reviews,67,10,Hisense,2.0,3.0,Split,1073.79,151 - 200 sqft
LG 2026 Model 1.5 Ton 5 Star Split Smart Inverter AC,4.2,48490,83290,41,"46,175 Ratings & 4,255 Reviews","Annual Power Usage: 671.15 kWhRoom Size: 111 - 150 sqftManufacturer Warranty: 1 Year Comprehensive on Product, 5 Year on PCB and Motor & 10 Year on Compressor (Free Gas charging during comprehensive period only T&C Apply) To claim, present your original Proof of Purchase (invoice), model and serial number of the Product while requesting service. Visit https://www.lg.com/in/support for details Call on our customer care number 8069379999, WhatsApp : 9711709999 E-mail: serviceindia@lge.com",3,"46,175 Ratings "," 4,255 Reviews",46175,4255,LG,1.5,5.0,Split,671.15,111 - 150 sqft
Voltas 2025 Model 2 Ton 3 Star Split Inverter AC,4.1,43990,74990,41,"1,788 Ratings & 157 Reviews","Annual Power Usage: 1079.03 kWhRoom Size: 151 - 200 sqft1 Year Warranty On Product,10 Years Warranty On Compressor",3,"1,788 Ratings ", 157 Reviews,1788,157,Voltas,2.0,3.0,Split,1079.03,151 - 200 sqft
Samsung 2026 Model 1.5 Ton 5 Star Split Inverter with Wi-fi AC,4.2,48000,87990,45,"26,515 Ratings & 2,683 Reviews","Annual Power Usage: 636.71 kWhRoom Size: 111 - 150 sqftManufacturer warranty: 5 year comprehensive, 10 years on compressor (T&C Apply)",3,"26,515 Ratings "," 2,683 Reviews",26515,2683,Samsung,1.5,5.0,Split,636.71,111 - 150 sqft
"Samsung Bespoke AI 2026 Model 1.5 ton 4 Star Split Inverter with Wi-fi Energy Saving, Voice Control, P...",4.1,38990,82990,53,"6,233 Ratings & 578 Reviews",Annual Power Usage: 713.57 kWhRoom Size: 111 - 150 sqft5 year comprehensive warranty on product and 10 years warranty on compressor,3,"6,233 Ratings ", 578 Reviews,6233,578,Samsung,1.5,4.0,Split,713.57,111 - 150 sqft
CARRIER 2026 Model 1.5 Ton 3 Star Split AI Inverter with Wi-fi Convertible 6-in-1 with Geo-Fencing & V...,4.2,33490,65900,49,"38,222 Ratings & 4,626 Reviews","Annual Power Usage: 854.39 kWhRoom Size: 111 - 150 sqft1 Year Warranty on Product, 5 Years on PCB and 10 Years on the Compressor",3,"38,222 Ratings "," 4,626 Reviews",38222,4626,CARRIER,1.5,3.0,Split,854.39,111 - 150 sqft
Voltas 2026 Model 1.5 Ton 3 Star Split Inverter AC,4.2,33990,60990,44,"83,437 Ratings & 7,067 Reviews",Annual Power Usage: 900.94 kWhRoom Size: 111 - 150 sqft1 Year Warranty on Product + 10 Years on Inverter SAC Compressor,3,"83,437 Ratings "," 7,067 Reviews",83437,7067,Voltas,1.5,3.0,Split,900.94,111 - 150 sqft
Godrej 2025 Model 1.4 Ton 3 Star Split Inverter 5-In-1-Convertible Cooling Heavy Duty Cooling At Extre...,3.9,28490,40450,29,"3,150 Ratings & 247 Reviews","Annual Power Usage: 905.88 UnitsRoom Size: 111 - 150 sqft5 Years Warranty on Whole Product (Valid on sales post 1 Sep 2024, warranty can be availed after registering on Brand website within 7 days of purchase) and 10 Years Warranty on Compressor",3,"3,150 Ratings ", 247 Reviews,3150,247,Godrej,1.4,3.0,Split,905.88,111 - 150 sqft
LG 2025 Model 1.5 Ton 5 Star Split AI Dual Inverter AI Convertible 6-in-1 Split with Faster Cooling an...,4.2,42990,78990,45,"46,175 Ratings & 4,255 Reviews","Annual Power Usage: 744.75 kWhRoom Size: 111 - 150 sqft1 Year Warranty on Product,5 year on Pcb and 10 Years Warranty on Compressor",3,"46,175 Ratings "," 4,255 Reviews",46175,4255,LG,1.5,5.0,Split,744.75,111 - 150 sqft
Midea 2026 Model 1.5 Ton 3 Star Split AI Inverter with Wi-fi Convertible 6-in-1 with Turbo Mode for Fa...,4.3,29990,59700,49,"18,604 Ratings & 2,838 Reviews","Annual Power Usage: 854.39 kWhRoom Size: 111 - 150 sqft5 Year Comprehensive Warranty On Product,10 Year Warranty On Compressor",3,"18,604 Ratings "," 2,838 Reviews",18604,2838,Midea,1.5,3.0,Split,854.39,111 - 150 sqft
"Godrej 2025 Model 1.5 Ton 5 Star Split Inverter AI Powered, 5-In-1 Convertible, Heavy Duty Cooling At ...",4.0,38500,51500,25,"12,566 Ratings & 1,206 Reviews","Annual Power Usage: 736.46 kWhRoom Size: 111 - 150 sqft5 year warranty on whole product, 10 years warranty on compressor , Warranty can be availed after registering on Brand website within 7 days of purchase.",4,"12,566 Ratings "," 1,206 Reviews",12566,1206,Godrej,1.5,5.0,Split,736.46,111 - 150 sqft
"LG 2026 Model 1.5 tons 3 Star Split Smart Inverter with Wi-fi Faster Cooling and Energy Saving, Energy...",4.0,39490,72190,45,"43,160 Ratings & 4,010 Reviews","Annual Power Usage: 769.55 kWhRoom Size: 111 - 150 sqft1 Year Comprehensive warranty on Product, 5 Year warranty on PCB & Motor and 10 Year warranty on Compressor",4,"43,160 Ratings "," 4,010 Reviews",43160,4010,LG,1.5,3.0,Split,769.55,111 - 150 sqft
Daikin 2024 Model 1 Ton 3 Star Split Inverter AC,4.1,30490,48200,36,"4,844 Ratings & 409 Reviews",Annual Power Usage: 680.4 UnitsRoom Size: 90 sqft or Below1 Year Warranty on Product and  5 Years Warranty on PCB and 10 Years Warranty on Compressor,4,"4,844 Ratings ", 409 Reviews,4844,409,Daikin,1.0,3.0,Split,680.4,90 sqft
"Haier 2025 Model 1.5 Ton 5 Star Split Inverter Intelli-Convertible 7 in1 ConvertibleHD Filter, Frost S...",4.0,37900,65300,41,"3,274 Ratings & 351 Reviews",Annual Power Usage: 714.29 UnitsRoom Size: 111 - 150 sqft5 years on the product and 12 years on the compressor (1-year warranty card in the box + 4-year promotional warranty auto activated post-installation).,4,"3,274 Ratings ", 351 Reviews,3274,351,Haier,1.5,5.0,Split,714.29,111 - 150 sqft
Voltas 2026 Model 1.5 Ton 3 Star Split Inverter AC,4.2,33990,60990,44,"83,437 Ratings & 7,067 Reviews","Annual Power Usage: 900.94 kWhRoom Size: 111 - 150 sqft1 Year Warranty On Product,10 Years Warranty On Compressor",4,"83,437 Ratings "," 7,067 Reviews",83437,7067,Voltas,1.5,3.0,Split,900.94,111 - 150 sqft
"LG 2025 Model 1.5 Ton 5 Star Split Dual Inverter with Faster Cooling and Energy Saving, AI Convertible...",4.2,42990,78990,45,"46,175 Ratings & 4,255 Reviews",Annual Power Usage: 744.75 kWhRoom Size: 111 - 150 sqft1 Year Manufacturing Warranty on Product,4,"46,175 Ratings "," 4,255 Reviews",46175,4255,LG,1.5,5.0,Split,744.75,111 - 150 sqft
Whirlpool 2025 Model 1.5 Ton 5 Star Split Inverter AC,4.2,37500,71990,47,"21,787 Ratings & 2,439 Reviews",Annual Power Usage: 778 kWhRoom Size: 111 - 150 sqft1 Year Comprehensive Warranty on  product,4,"21,787 Ratings "," 2,439 Reviews",21787,2439,Whirlpool,1.5,5.0,Split,778.0,111 - 150 sqft
Blue Star 2025 Model 1 Ton 5 Star Split Inverter with Wi-fi AC,4.0,37990,59200,35,"2,676 Ratings & 255 Reviews",Annual Power Usage: 517.83 kWhRoom Size: 90 sqft or Below60 months for those customers who purchase Blue Star Split ACs (Inverter or Fixed Speed SACs) of Tonnage up to 2 Tr from 16th February 2026 to 30th June 2026.,4,"2,676 Ratings ", 255 Reviews,2676,255,Blue,1.0,5.0,Split,517.83,90 sqft
Godrej 2025 Model 1 Ton 3 Star Split Inverter 5-In-1-Convertible Cooling with Heavy Duty Cooling At Ex...,4.0,26490,38600,31,"8,298 Ratings & 716 Reviews","Annual Power Usage: 1034 UnitsRoom Size: 90 sqft or Below5 Years Warranty on Whole Product (Valid on sales post 1 Sep 2024, warranty can be availed after registering on Brand website within 7 days of purchase) and 10 Years Warranty on Compressor",4,"8,298 Ratings ", 716 Reviews,8298,716,Godrej,1.0,3.0,Split,1034.0,90 sqft
"CARRIER 2026 Model 1.5 Ton 3 Star Split AI Inverter Convertible 6-in-1 with Smart Energy Display, Inst...",4.2,32490,65500,50,"38,222 Ratings & 4,626 Reviews","Annual Power Usage: 854.39 kWhRoom Size: 111 - 150 sqft1 Year Warranty on Product, 5 Years on PCB and 10 Years on the Compressor",4,"38,222 Ratings "," 4,626 Reviews",38222,4626,CARRIER,1.5,3.0,Split,854.39,111 - 150 sqft
Voltas 2025 Model 1.5 Ton 3 Star Split Inverter AC,4.2,31490,59790,47,"83,437 Ratings & 7,067 Reviews","Annual Power Usage: 975.26 kWhRoom Size: 111 - 150 sqft5 years warranty from the date of installation, (Inverter or Fixed Speed SACs) of Tonnage up to 2.2 Tr (Offer valid till 31st May 2026). It is applicable only for residential usage and does not apply to commercial or National Accounts customers, 5 Years warranty on PCB, 10 Years on Inverter Compressor",4,"83,437 Ratings "," 7,067 Reviews",83437,7067,Voltas,1.5,3.0,Split,975.26,111 - 150 sqft
realme TechLife 2026 Model 1 Ton 3 Star Split Inverter with Wi-fi AC,4.2,25490,49999,49,"1,189 Ratings & 120 Reviews",Annual Power Usage: 587.24 kWhRoom Size: 90 sqft or Below1 Year Warranty on Product and 10 Years Warranty on Compressor,4,"1,189 Ratings ", 120 Reviews,1189,120,realme,1.0,3.0,Split,587.24,90 sqft
"CARRIER 2026 Model 1.5 Ton 5 Star Window Inverter Turbo mode for Faster Cooling, Energy Saver Mode, Dr...",4.2,36490,58190,37,"1,238 Ratings & 124 Reviews","Annual Power Usage: 1104.37 kWhRoom Size: 111 - 150 sqft1 Year Warranty on Product, 10 Year Warranty on Compressor",4,"1,238 Ratings ", 124 Reviews,1238,124,CARRIER,1.5,5.0,Window,1104.37,111 - 150 sqft
Whirlpool 2026 Model 1.5 Ton 3 Star Split Inverter AC,4.1,32240,57150,43,"30,027 Ratings & 3,540 Reviews","Annual Power Usage: 858.22 kWhRoom Size: 111 - 150 sqft1 year warranty on product, 5 years  warranty on compressor",4,"30,027 Ratings "," 3,540 Reviews",30027,3540,Whirlpool,1.5,3.0,Split,858.22,111 - 150 sqft
"Samsung Bespoke AI 2026 Model 1.5 ton 4 Star Split Inverter with Wi-fi Energy Saving, Voice Control, P...",4.1,38990,82990,53,"6,233 Ratings & 578 Reviews",Annual Power Usage: 713.57 kWhRoom Size: 111 - 150 sqft5 year comprehensive warranty on product and 10 years warranty on compressor,4,"6,233 Ratings ", 578 Reviews,6233,578,Samsung,1.5,4.0,Split,713.57,111 - 150 sqft
Panasonic 2025 Model 1 Ton 3 Star Split Inverter with Wi-fi AC,4.2,27990,45100,37,"5,369 Ratings & 613 Reviews","Annual Power Usage: 667.91 UnitsRoom Size: 90 sqft or Below1 Year Comprehensive warranty on Product,
5 Years warranty on PCB & 
10 Years warranty on Compressor",4,"5,369 Ratings ", 613 Reviews,5369,613,Panasonic,1.0,3.0,Split,667.91,90 sqft
MOTOROLA 2026 Model 1.5 Ton 3 Star Split Inverter with Wi-fi | Free Installation with 3-Year Comprehen...,4.2,31990,53999,40,"1,743 Ratings & 241 Reviews","Annual Power Usage: 858.22 kWhRoom Size: 111 - 150 sqft3 Year on Product and 10 Years Warranty on Compressor

You additionally get the following benefits free of cost for the first 3 years:
-Gas recharge (maximum 2 times) and service basis requirement.

Please reach out to the brand for these benefits.",4,"1,743 Ratings ", 241 Reviews,1743,241,MOTOROLA,1.5,3.0,Split,858.22,111 - 150 sqft
CARRIER 2026 Model 1.5 Ton 3 Star Split AI Inverter with Wi-fi Convertible 6-in-1 with Geo-Fencing & V...,4.2,33490,65900,49,"38,222 Ratings & 4,626 Reviews","Annual Power Usage: 854.39 kWhRoom Size: 111 - 150 sqft1 Year Warranty on Product, 5 Years on PCB and 10 Years on the Compressor",4,"38,222 Ratings "," 4,626 Reviews",38222,4626,CARRIER,1.5,3.0,Split,854.39,111 - 150 sqft
LG 2025 Model 1.5 Ton 5 Star Split AI Dual Inverter AI Convertible 6-in-1 Split with Faster Cooling an...,4.2,42990,78990,45,"46,175 Ratings & 4,255 Reviews","Annual Power Usage: 744.75 kWhRoom Size: 111 - 150 sqft1 Year Warranty on Product,5 year on Pcb and 10 Years Warranty on Compressor",4,"46,175 Ratings "," 4,255 Reviews",46175,4255,LG,1.5,5.0,Split,744.75,111 - 150 sqft
Godrej 2025 Model 1.5 Ton 5 Star Split Inverter 5-In-1 Convertible Cooling Heavy Duty Cooling at Extre...,4.0,33490,50600,33,"12,566 Ratings & 1,206 Reviews","Annual Power Usage: 728.37 WRoom Size: 111 - 150 sqft5 Years Warranty on Whole Product (Valid on sales post 1 Sep 2024, warranty can be availed after registering on Brand website within 7 days of purchase) and 10 Years Warranty on Compressor",4,"12,566 Ratings "," 1,206 Reviews",12566,1206,Godrej,1.5,5.0,Split,728.37,111 - 150 sqft
Lloyd 2026 Model 1.5 Ton 5 Star Split Inverter AC,4.1,43900,67990,35,"11,881 Ratings & 1,355 Reviews","Annual Power Usage: 646.32 kWhRoom Size: 111 - 150 sqft1 Year Comprehensive Warranty on AC, 5 Year Warranty on Component and 10 Years Warranty on Compressor",4,"11,881 Ratings "," 1,355 Reviews",11881,1355,Lloyd,1.5,5.0,Split,646.32,111 - 150 sqft
"Godrej 2025 Model 2 Ton 3 Star Split Inverter AI Powered, 5-In-1 Convertible, Heavy Duty Cooling At Ex...",3.9,43400,56200,22,"2,151 Ratings & 134 Reviews","Annual Power Usage: 1181.02 kWhRoom Size: 151 - 200 sqft5 year warranty on whole product, 10 years warranty on compressor , Warranty can be availed after registering on Brand website within 7 days of purchase.",4,"2,151 Ratings ", 134 Reviews,2151,134,Godrej,2.0,3.0,Split,1181.02,151 - 200 sqft
"Samsung Bespoke AI 2026 Model 2 Ton 3 Star Split Inverter with Wi-fi Energy Saving, Voice Control, Pow...",4.0,50358,95990,47,426 Ratings & 25 Reviews,"Annual Power Usage: 1084.6 kWhRoom Size: 151 - 200 sqftManufacturer warranty: 5 year comprehensive, 10 years on compressor (T&C Apply)",4,426 Ratings , 25 Reviews,426,25,Samsung,2.0,3.0,Split,1084.6,151 - 200 sqft
Voltas 2026 Model 1.5 Ton 3 Star Split Inverter AC,4.2,33990,60990,44,"83,437 Ratings & 7,067 Reviews","Annual Power Usage: 900.94 kWhRoom Size: 111 - 150 sqft1 Year Warranty On Product,10 Years Warranty On Compressor",5,"83,437 Ratings "," 7,067 Reviews",83437,7067,Voltas,1.5,3.0,Split,900.94,111 - 150 sqft
"LG 2025 Model 1.5 Ton 5 Star Split Dual Inverter with Faster Cooling and Energy Saving, AI Convertible...",4.2,42990,78990,45,"46,175 Ratings & 4,255 Reviews",Annual Power Usage: 744.75 kWhRoom Size: 111 - 150 sqft1 Year Manufacturing Warranty on Product,5,"46,175 Ratings "," 4,255 Reviews",46175,4255,LG,1.5,5.0,Split,744.75,111 - 150 sqft
Voltas 2026 Model 1 Ton 5 Star Split Inverter AC,4.1,36990,62990,41,"2,331 Ratings & 256 Reviews",Annual Power Usage: 470.35 kWhRoom Size: 90 sqft or Below1 Year Warranty on Product + 10 Years on Inverter RAC Compressor,5,"2,331 Ratings ", 256 Reviews,2331,256,Voltas,1.0,5.0,Split,470.35,90 sqft
Daikin 2025 Model 1.5 Ton 5 Star Split Inverter AC,4.3,43990,61940,28,"17,218 Ratings & 1,537 Reviews",Annual Power Usage: 785.99 kWhRoom Size: 111 - 150 sqft1 Year Warranty on Product and  5 Years Warranty on PCB and 10 Years Warranty on Compressor,5,"17,218 Ratings "," 1,537 Reviews",17218,1537,Daikin,1.5,5.0,Split,785.99,111 - 150 sqft
Godrej 2025 Model 1 Ton 3 Star Split Inverter 5-In-1-Convertible Cooling with Heavy Duty Cooling At Ex...,4.0,26490,38600,31,"8,298 Ratings & 716 Reviews","Annual Power Usage: 1034 UnitsRoom Size: 90 sqft or Below5 Years Warranty on Whole Product (Valid on sales post 1 Sep 2024, warranty can be availed after registering on Brand website within 7 days of purchase) and 10 Years Warranty on Compressor",5,"8,298 Ratings ", 716 Reviews,8298,716,Godrej,1.0,3.0,Split,1034.0,90 sqft
"CARRIER 2026 Model 1.5 Ton 3 Star Split AI Inverter Convertible 6-in-1 with Smart Energy Display, Inst...",4.2,32490,65500,50,"38,222 Ratings & 4,626 Reviews","Annual Power Usage: 854.39 kWhRoom Size: 111 - 150 sqft1 Year Warranty on Product, 5 Years on PCB and 10 Years on the Compressor",5,"38,222 Ratings "," 4,626 Reviews",38222,4626,CARRIER,1.5,3.0,Split,854.39,111 - 150 sqft
ONIDA 2025 Model 1.5 Ton 3 Star Split Inverter 5-in-1 Convertible Cooling with Deep Cleaning AC,4.1,26990,42290,36,"15,623 Ratings & 1,827 Reviews",Annual Power Usage: 952.59 UnitsRoom Size: 111 - 150 sqft1 Year Warranty on Product and 5 Years Warranty on Compressor,5,"15,623 Ratings "," 1,827 Reviews",15623,1827,ONIDA,1.5,3.0,Split,952.59,111 - 150 sqft
"LG 2026 Model 0.8 ton 2 Star Split Smart Inverter Faster Cooling and Energy Saving, AI Convertible 6-i...",3.0,26490,48990,45,46 Ratings & 6 Reviews,"Annual Power Usage: 577.95 kWhRoom Size: 90 sqft or Below1 Year Comprehensive warranty on Product, 5 Year warranty on PCB & Motor and 10 Year warranty on Compressor",5,46 Ratings , 6 Reviews,46,6,LG,1.5,2.0,Split,577.95,90 sqft
realme TechLife 2023 Model 1 Ton 4 Star Split Inverter 4-in-1 Convertible with Flexi-Control Technolog...,4.2,28999,48999,40,"1,256 Ratings & 168 Reviews",Annual Power Usage: 965 UnitsRoom Size: 90 sqft or Below1 Year Warranty on Product and 10 Years Warranty on Compressor,5,"1,256 Ratings ", 168 Reviews,1256,168,realme,1.0,4.0,Split,965.0,90 sqft
Whirlpool 2026 Model 1.5 Ton 3 Star Split Inverter AC,4.1,32240,57150,43,"30,027 Ratings & 3,540 Reviews","Annual Power Usage: 858.22 kWhRoom Size: 111 - 150 sqft1 year warranty on product, 5 years  warranty on compressor",5,"30,027 Ratings "," 3,540 Reviews",30027,3540,Whirlpool,1.5,3.0,Split,858.22,111 - 150 sqft
"Samsung Bespoke AI 2026 Model 1.5 ton 4 Star Split Inverter with Wi-fi Energy Saving, Voice Control, P...",4.1,38990,82990,53,"6,233 Ratings & 578 Reviews",Annual Power Usage: 713.57 kWhRoom Size: 111 - 150 sqft5 year comprehensive warranty on product and 10 years warranty on compressor,5,"6,233 Ratings ", 578 Reviews,6233,578,Samsung,1.5,4.0,Split,713.57,111 - 150 sqft
"Daikin 2026 Model 1.5 Ton 3 Star Hot and Cold Split Inverter PM1.0 Filter, Hot & Cold, Inverter, ISEER...",4.2,41490,61600,32,"24,785 Ratings & 1,912 Reviews","Annual Power Usage: 880.1 kWhRoom Size: 111 - 150 sqft1 Year warranty on product, compressor warranty 10 Years and PCB warranty 5 years",5,"24,785 Ratings "," 1,912 Reviews",24785,1912,Daikin,1.5,3.0,Split,880.1,111 - 150 sqft
Samsung 2025 Model 1 Ton 3 Star Split Inverter 5 Step Convertible with Powerful cooling & Energy savin...,4.2,26990,53490,49,"8,987 Ratings & 942 Reviews",Annual Power Usage: 626.62 UnitsRoom Size: 90 sqft or Below5 years comprehensive warranty on product and 10 years on compressor,5,"8,987 Ratings ", 942 Reviews,8987,942,Samsung,1.0,3.0,Split,626.62,90 sqft
CARRIER 2026 Model 1.5 Ton 3 Star Split AI Inverter with Wi-fi Convertible 6-in-1 with Geo-Fencing & V...,4.2,33490,65900,49,"38,222 Ratings & 4,626 Reviews","Annual Power Usage: 854.39 kWhRoom Size: 111 - 150 sqft1 Year Warranty on Product, 5 Years on PCB and 10 Years on the Compressor",5,"38,222 Ratings "," 4,626 Reviews",38222,4626,CARRIER,1.5,3.0,Split,854.39,111 - 150 sqft
LG 2025 Model 1.5 Ton 5 Star Split AI Dual Inverter AI Convertible 6-in-1 Split with Faster Cooling an...,4.2,42990,78990,45,"46,175 Ratings & 4,255 Reviews","Annual Power Usage: 744.75 kWhRoom Size: 111 - 150 sqft1 Year Warranty on Product,5 year on Pcb and 10 Years Warranty on Compressor",5,"46,175 Ratings "," 4,255 Reviews",46175,4255,LG,1.5,5.0,Split,744.75,111 - 150 sqft
Blue Star 2026 Model 2 Ton 3 Star Split Inverter AC,4.0,49490,69000,28,"1,251 Ratings & 72 Reviews",Annual Power Usage: 1131.55 kWhRoom Size: 151 - 200 sqft60 months for those customers who purchase Blue Star Split ACs (Inverter or Fixed Speed SACs) of Tonnage up to 2 Tr from 16th February 2026 to 30th June 2026.,5,"1,251 Ratings ", 72 Reviews,1251,72,Blue,2.0,3.0,Split,1131.55,151 - 200 sqft
LG 2025 Model 1 Ton 5 Star Split AI Dual Inverter AI Convertible 6-in-1 with Faster Cooling and Energy...,4.1,36990,69990,47,"7,602 Ratings & 794 Reviews","Annual Power Usage: 515.84 UnitsRoom Size: 90 sqft or Below1 Year Comprehensive Warranty on Product, 5 Year on PCB and Motor & 10 Year on Compressor (Free Gas charging during comprehensive warranty period only)",5,"7,602 Ratings ", 794 Reviews,7602,794,LG,1.0,5.0,Split,515.84,90 sqft
Haier 2026 Model 1 Ton 3 Star Split Twin Inverter AC,3.8,27990,45000,37,"3,318 Ratings & 266 Reviews",Annual Power Usage: 560.41 kWhRoom Size: 90 sqft or Below5 years on the product and 12 years on the compressor (1-year warranty card in the box + 4-year promotional warranty auto activated post-installation).,5,"3,318 Ratings ", 266 Reviews,3318,266,Haier,1.0,3.0,Split,560.41,90 sqft
realme TechLife 2026 Model 1.6 Ton 3 Star Split Inverter with Wi-fi 5-in-1 Convertible Smart AC with E...,4.3,29990,53999,44,126 Ratings & 18 Reviews,Annual Power Usage: 977.62 kWhRoom Size: 151 - 200 sqft1 Year Warranty on Product and 10 Year Warranty on Compressor,5,126 Ratings , 18 Reviews,126,18,realme,1.6,3.0,Split,977.62,151 - 200 sqft
"Godrej 2025 Model 1.5 Ton 5 Star Split Inverter AI Powered, 5-In-1 Convertible, Heavy Duty Cooling At ...",4.0,33490,50600,33,"12,566 Ratings & 1,206 Reviews","Annual Power Usage: 736.46 kWhRoom Size: 111 - 150 sqft5 year warranty on whole product, 10 years warranty on compressor , Warranty can be availed after registering on Brand website within 7 days of purchase.",5,"12,566 Ratings "," 1,206 Reviews",12566,1206,Godrej,1.5,5.0,Split,736.46,111 - 150 sqft
Midea 2026 Model 1.5 Ton 3 Star Split AI Inverter with Wi-fi Convertible 6-in-1 with Turbo Mode for Fa...,4.3,29990,59700,49,"18,604 Ratings & 2,838 Reviews","Annual Power Usage: 854.39 kWhRoom Size: 111 - 150 sqft5 Year Comprehensive Warranty On Product,10 Year Warranty On Compressor",5,"18,604 Ratings "," 2,838 Reviews",18604,2838,Midea,1.5,3.0,Split,854.39,111 - 150 sqft
ONIDA 2025 Model 2 Ton 3 Star Split Inverter 5-in-1 Convertible Cooling with Four Way Swing AC,4.1,35990,66290,45,"1,153 Ratings & 117 Reviews","Annual Power Usage: 1231.9 UnitsRoom Size: 151 - 200 sqft1 Years Warranty On Product, 5 Years Warranty on PCB, 10 Years Warranty on Compressor",5,"1,153 Ratings ", 117 Reviews,1153,117,ONIDA,2.0,3.0,Split,1231.9,151 - 200 sqft
Daikin 2026 Model 1.5 Ton 2 Star Split Fixed Speed AC,3.6,37990,55900,32,33 Ratings & 4 Reviews,"Annual Power Usage: 1002.47 kWhRoom Size: 111 - 150 sqft1 Year Comprehensive Warranty, 5 Years Warranty On Compressor Warranty",5,33 Ratings , 4 Reviews,33,4,Daikin,1.5,2.0,Split,1002.47,111 - 150 sqft
Voltas 2026 Model 1.5 Ton 3 Star Split Inverter AC,4.2,33990,60990,44,"83,437 Ratings & 7,067 Reviews","Annual Power Usage: 900.94 kWhRoom Size: 111 - 150 sqft1 Year Warranty On Product,10 Years Warranty On Compressor",6,"83,437 Ratings "," 7,067 Reviews",83437,7067,Voltas,1.5,3.0,Split,900.94,111 - 150 sqft
"LG 2025 Model 1.5 Ton 5 Star Split Dual Inverter with Faster Cooling and Energy Saving, AI Convertible...",4.2,42990,78990,45,"46,175 Ratings & 4,255 Reviews",Annual Power Usage: 744.75 kWhRoom Size: 111 - 150 sqft1 Year Manufacturing Warranty on Product,6,"46,175 Ratings "," 4,255 Reviews",46175,4255,LG,1.5,5.0,Split,744.75,111 - 150 sqft
Haier 2026 Model 2 Ton 3 Star Split Twin Inverter AC,3.9,46990,65900,28,103 Ratings & 10 Reviews,Annual Power Usage: 1120.86 kWhRoom Size: 151 - 200 sqft5 years on the product and 12 years on the compressor (1-year warranty card in the box + 4-year promotional warranty auto activated post-installation).,6,103 Ratings , 10 Reviews,103,10,Haier,2.0,3.0,Split,1120.86,151 - 200 sqft
"CARRIER 2026 Model 1 Ton 3 Star Split AI Inverter Convertible 6-in-1 with Smart Energy Display, Insta ...",4.2,30990,55100,43,"13,833 Ratings & 1,614 Reviews","Annual Power Usage: 604.99 kWhRoom Size: 90 sqft or Below1 Year Warranty on Product, 5 Years on PCB and 10 Years on the Compressor",6,"13,833 Ratings "," 1,614 Reviews",13833,1614,CARRIER,1.0,3.0,Split,604.99,90 sqft
"Panasonic 2026 Model 2 Ton 3 Star Split Inverter with Wi-fi Smart, DustBuster Tech, Matter Enabled, AI...",4.2,51990,66500,21,942 Ratings & 81 Reviews,"Annual Power Usage: 1153.74 kWhRoom Size: 151 - 200 sqft1 Year Comprehensive warranty on Product,
5 Years warranty on PCB & 
10 Years warranty on Compressor",6,942 Ratings , 81 Reviews,942,81,Panasonic,2.0,3.0,Split,1153.74,151 - 200 sqft
Godrej 2025 Model 1 Ton 3 Star Split Inverter 5-In-1-Convertible Cooling with Heavy Duty Cooling At Ex...,4.0,26490,38600,31,"8,298 Ratings & 716 Reviews","Annual Power Usage: 1034 UnitsRoom Size: 90 sqft or Below5 Years Warranty on Whole Product (Valid on sales post 1 Sep 2024, warranty can be availed after registering on Brand website within 7 days of purchase) and 10 Years Warranty on Compressor",6,"8,298 Ratings ", 716 Reviews,8298,716,Godrej,1.0,3.0,Split,1034.0,90 sqft
"CARRIER 2026 Model 1.5 Ton 3 Star Split AI Inverter Convertible 6-in-1 with Smart Energy Display, Inst...",4.2,32490,65500,50,"38,222 Ratings & 4,626 Reviews","Annual Power Usage: 854.39 kWhRoom Size: 111 - 150 sqft1 Year Warranty on Product, 5 Years on PCB and 10 Years on the Compressor",6,"38,222 Ratings "," 4,626 Reviews",38222,4626,CARRIER,1.5,3.0,Split,854.39,111 - 150 sqft
Whirlpool 2026 Model 2 Ton 3 Star Split Inverter AC,4.0,38899,70940,45,761 Ratings & 82 Reviews,"Annual Power Usage: 1079.61 kWhRoom Size: 151 - 200 sqft1 year warranty on product, 5 years  warranty on compressor",6,761 Ratings , 82 Reviews,761,82,Whirlpool,2.0,3.0,Split,1079.61,151 - 200 sqft
"CARRIER 2025 Model 1.5 Ton 5 Star Split Inverter with Wi-fi Smart Flexicool 6 in 1 Convertible, Smart ...",4.2,39490,70100,43,"26,219 Ratings & 3,537 Reviews","Annual Power Usage: 754.05 UnitsRoom Size: 111 - 150 sqft1 Year Comprehensive Warranty  on Product, 5 Years Warranty on PCB, 10 Years Warranty on Compressor",6,"26,219 Ratings "," 3,537 Reviews",26219,3537,CARRIER,1.5,5.0,Split,754.05,111 - 150 sqft
Whirlpool 2026 Model 1.5 Ton 3 Star Split Inverter AC,4.1,32240,57150,43,"30,027 Ratings & 3,540 Reviews","Annual Power Usage: 858.22 kWhRoom Size: 111 - 150 sqft1 year warranty on product, 5 years  warranty on compressor",6,"30,027 Ratings "," 3,540 Reviews",30027,3540,Whirlpool,1.5,3.0,Split,858.22,111 - 150 sqft
"Samsung Bespoke AI 2026 Model 1.5 ton 4 Star Split Inverter with Wi-fi Energy Saving, Voice Control, P...",4.1,38990,82990,53,"6,233 Ratings & 578 Reviews",Annual Power Usage: 713.57 kWhRoom Size: 111 - 150 sqft5 year comprehensive warranty on product and 10 years warranty on compressor,6,"6,233 Ratings ", 578 Reviews,6233,578,Samsung,1.5,4.0,Split,713.57,111 - 150 sqft
Lloyd 2025 Model 1.5 Ton 5 Star Window Fixed Speed AC,4.0,30990,50490,38,"1,256 Ratings & 156 Reviews","Annual Power Usage: 1044.27 UnitsRoom Size: 111 - 150 sqft1 Year Warranty on Product, 5 Year Warranty on Component & 10 Year Warranty on Compressor.",6,"1,256 Ratings ", 156 Reviews,1256,156,Lloyd,1.5,5.0,Window,1044.27,111 - 150 sqft
ONIDA 2025 Model 1.5 Ton 3 Star Split Inverter 5-in-1 Convertible Cooling with AI Deep Cleaning AC,4.1,25490,51490,50,"15,623 Ratings & 1,827 Reviews","Annual Power Usage: 1012.16 kWhRoom Size: 111 - 150 sqft1 Years Warranty On Product, 5 Years Warranty on PCB, 10 Years Warranty on Compressor",6,"15,623 Ratings "," 1,827 Reviews",15623,1827,ONIDA,1.5,3.0,Split,1012.16,111 - 150 sqft
Voltas 2022 Model 1 Ton 3 Star Split Inverter AC,4.1,32998,56990,42,"8,721 Ratings & 907 Reviews",Annual Power Usage: 672.93 UnitsRoom Size: 90 sqft or Below1 Year Warranty on Product and 10 Years Warranty on Compressor,6,"8,721 Ratings ", 907 Reviews,8721,907,Voltas,1.0,3.0,Split,672.93,90 sqft
CARRIER 2026 Model 1 Ton 3 Star Split AI Inverter with Wi-fi Convertible 6-in-1 with Wi-Fi with Geo-Fe...,4.2,31490,55500,43,"13,833 Ratings & 1,614 Reviews","Annual Power Usage: 604.99 kWhRoom Size: 90 sqft or Below1 Year Warranty on Product, 5 Years on PCB and 10 Years on the Compressor",6,"13,833 Ratings "," 1,614 Reviews",13833,1614,CARRIER,1.0,3.0,Split,604.99,90 sqft
CARRIER 2026 Model 1.5 Ton 3 Star Split AI Inverter with Wi-fi Convertible 6-in-1 with Geo-Fencing & V...,4.2,33490,65900,49,"38,222 Ratings & 4,626 Reviews","Annual Power Usage: 854.39 kWhRoom Size: 111 - 150 sqft1 Year Warranty on Product, 5 Years on PCB and 10 Years on the Compressor",6,"38,222 Ratings "," 4,626 Reviews",38222,4626,CARRIER,1.5,3.0,Split,854.39,111 - 150 sqft
LG 2025 Model 1.5 Ton 5 Star Split AI Dual Inverter AI Convertible 6-in-1 Split with Faster Cooling an...,4.2,42990,78990,45,"46,175 Ratings & 4,255 Reviews","Annual Power Usage: 744.75 kWhRoom Size: 111 - 150 sqft1 Year Warranty on Product,5 year on Pcb and 10 Years Warranty on Compressor",6,"46,175 Ratings "," 4,255 Reviews",46175,4255,LG,1.5,5.0,Split,744.75,111 - 150 sqft
Voltas 2026 Model 1.5 Ton 3 Star Window Fixed Speed AC,4.2,31990,45990,30,"12,494 Ratings & 1,225 Reviews","Annual Power Usage: 1124.78 kWhRoom Size: 111 - 150 sqft1 Year Warranty On Product, 10 Years Warranty On Compressor",6,"12,494 Ratings "," 1,225 Reviews",12494,1225,Voltas,1.5,3.0,Window,1124.78,111 - 150 sqft
Lloyd 2026 Model 1.5 Ton 5 Star Split Inverter with Wi-fi AC,4.1,41990,67990,38,"11,881 Ratings & 1,355 Reviews","Annual Power Usage: 646.32 kWhRoom Size: 111 - 150 sqft1 Year Comprehensive Warranty on Product, 5 Year Warranty on Component and 10 Years Warranty on Compressor",6,"11,881 Ratings "," 1,355 Reviews",11881,1355,Lloyd,1.5,5.0,Split,646.32,111 - 150 sqft
"Godrej 2025 Model 1.5 Ton 5 Star Split Inverter AI Powered, 5-In-1 Convertible, Heavy Duty Cooling At ...",4.0,33490,50600,33,"12,566 Ratings & 1,206 Reviews","Annual Power Usage: 736.46 kWhRoom Size: 111 - 150 sqft5 year warranty on whole product, 10 years warranty on compressor , Warranty can be availed after registering on Brand website within 7 days of purchase.",6,"12,566 Ratings "," 1,206 Reviews",12566,1206,Godrej,1.5,5.0,Split,736.46,111 - 150 sqft
Midea 2026 Model 1.5 Ton 3 Star Split AI Inverter with Wi-fi Convertible 6-in-1 with Turbo Mode for Fa...,4.3,29990,59700,49,"18,604 Ratings & 2,838 Reviews","Annual Power Usage: 854.39 kWhRoom Size: 111 - 150 sqft5 Year Comprehensive Warranty On Product,10 Year Warranty On Compressor",6,"18,604 Ratings "," 2,838 Reviews",18604,2838,Midea,1.5,3.0,Split,854.39,111 - 150 sqft
Blue Star 2023 Model 2 Ton 5 Star Split Inverter AC,3.8,52900,85000,37,430 Ratings & 28 Reviews,Annual Power Usage: 935.89 UnitsRoom Size: 151 - 200 sqft1 Year Warranty on Product and 5 Years Warranty on Compressor,6,430 Ratings , 28 Reviews,430,28,Blue,2.0,5.0,Split,935.89,151 - 200 sqft
"TCL 2026 Model 2 Ton 3 Star Split Inverter 7 Step Convertible with Powerful and Fast cooling, 4 Ways S...",3.7,34990,62991,44,225 Ratings & 38 Reviews,"Annual Power Usage: 1070.16 kWhRoom Size: 151 - 200 sqft1 year warranty on product,5 Years on PCB and 10 Years on the Compressor",6,225 Ratings , 38 Reviews,225,38,TCL,2.0,3.0,Split,1070.16,151 - 200 sqft
Panasonic 2025 Model 1 Ton 5 Star Split Inverter with Wi-fi AC,4.2,31990,50700,36,"4,169 Ratings & 452 Reviews","Annual Power Usage: 524.08 UnitsRoom Size: 90 sqft or Below1 Year Comprehensive warranty on Product,
5 Years warranty on PCB & 
10 Years warranty on Compressor",7,"4,169 Ratings ", 452 Reviews,4169,452,Panasonic,1.0,5.0,Split,524.08,90 sqft
Voltas 2026 Model 1 Ton 2 Star Window Fixed Speed AC,3.7,27990,32990,15,79 Ratings & 11 Reviews,"Annual Power Usage: 744.11 kWhRoom Size: 90 sqft or Below1 Year Warranty On Product, 10 Years Warranty On Compressor",7,79 Ratings , 11 Reviews,79,11,Voltas,1.0,2.0,Window,744.11,90 sqft
Voltas 2026 Model 1.5 Ton 3 Star Split Inverter AC,4.2,33990,60990,44,"83,437 Ratings & 7,067 Reviews","Annual Power Usage: 900.94 kWhRoom Size: 111 - 150 sqft1 Year Warranty On Product,10 Years Warranty On Compressor",7,"83,437 Ratings "," 7,067 Reviews",83437,7067,Voltas,1.5,3.0,Split,900.94,111 - 150 sqft
"LG 2025 Model 1.5 Ton 5 Star Split Dual Inverter with Faster Cooling and Energy Saving, AI Convertible...",4.2,42990,78990,45,"46,175 Ratings & 4,255 Reviews",Annual Power Usage: 744.75 kWhRoom Size: 111 - 150 sqft1 Year Manufacturing Warranty on Product,7,"46,175 Ratings "," 4,255 Reviews",46175,4255,LG,1.5,5.0,Split,744.75,111 - 150 sqft
CARRIER 2025 Model 1 Ton 3 Star Split Inverter with Wi-fi Smart Flexicool 6 in 1 ConvertibleSmart Ener...,4.2,24990,52900,52,"13,833 Ratings & 1,614 Reviews","Annual Power Usage: 685.62 UnitsRoom Size: 90 sqft or Below1 Year Comprehensive Warranty  on Product, 5 Years Warranty on PCB, 10 Years Warranty on Compressor",7,"13,833 Ratings "," 1,614 Reviews",13833,1614,CARRIER,1.0,3.0,Split,685.62,90 sqft
"Samsung Bespoke AI 2026 Model 1.5 ton 3 Star Split WindFree Inverter with Wi-fi Energy Saving, Voice C...",4.1,38990,82990,53,"37,322 Ratings & 3,395 Reviews",Annual Power Usage: 829.57 kWhRoom Size: 111 - 150 sqft5 year comprehensive warranty on product and 10 years warranty on compressor,7,"37,322 Ratings "," 3,395 Reviews",37322,3395,Samsung,1.5,3.0,Split,829.57,111 - 150 sqft
Godrej 2025 Model 1 Ton 3 Star Split Inverter 5-In-1-Convertible Cooling with Heavy Duty Cooling At Ex...,4.0,26490,38600,31,"8,298 Ratings & 716 Reviews","Annual Power Usage: 1034 UnitsRoom Size: 90 sqft or Below5 Years Warranty on Whole Product (Valid on sales post 1 Sep 2024, warranty can be availed after registering on Brand website within 7 days of purchase) and 10 Years Warranty on Compressor",7,"8,298 Ratings ", 716 Reviews,8298,716,Godrej,1.0,3.0,Split,1034.0,90 sqft
"CARRIER 2026 Model 1.5 Ton 3 Star Split AI Inverter Convertible 6-in-1 with Smart Energy Display, Inst...",4.2,32490,65500,50,"38,222 Ratings & 4,626 Reviews","Annual Power Usage: 854.39 kWhRoom Size: 111 - 150 sqft1 Year Warranty on Product, 5 Years on PCB and 10 Years on the Compressor",7,"38,222 Ratings "," 4,626 Reviews",38222,4626,CARRIER,1.5,3.0,Split,854.39,111 - 150 sqft
Samsung 2025 Model 1.5 Ton 3 Star Split Inverter with Wi-fi AC,4.1,31990,78290,59,"37,322 Ratings & 3,395 Reviews",Annual Power Usage: 1047.62 WRoom Size: 111 - 150 sqft5 Years Comprehensive Warranty on AC and 10 Years Warranty on Compressor,7,"37,322 Ratings "," 3,395 Reviews",37322,3395,Samsung,1.5,3.0,Split,1047.62,111 - 150 sqft
realme TechLife 2025 Model 1 Ton 5 Star Split Inverter with Wi-fi 5-in-1 Convertible with Rapid Cool S...,4.2,28490,50699,43,993 Ratings & 137 Reviews,Annual Power Usage: 526.8 UnitsRoom Size: 90 sqft or Below1 Year Warranty on Product and 10 Years Warranty on Compressor,7,993 Ratings , 137 Reviews,993,137,realme,1.0,5.0,Split,526.8,90 sqft
Voltas 2026 Model 1.5 Ton 2 Star Window Fixed Speed AC,3.9,31900,42990,25,117 Ratings & 15 Reviews,Annual Power Usage: 1185.93 kWhRoom Size: 111 - 150 sqft1 Year on Product + 5 Years on Fixed Speed WAC Compressor,7,117 Ratings , 15 Reviews,117,15,Voltas,1.5,2.0,Window,1185.93,111 - 150 sqft
"CARRIER 2025 Model 2 Ton 5 Star Split Inverter with Wi-fi Smart Flexicool 6 in 1 Convertible, Smart En...",4.2,49990,84400,40,"2,305 Ratings & 254 Reviews","Annual Power Usage: 920.55 UnitsRoom Size: 151 - 200 sqft1 Year Comprehensive Warranty  on Product, 5 Years Warranty on PCB, 10 Years Warranty on Compressor",7,"2,305 Ratings ", 254 Reviews,2305,254,CARRIER,2.0,5.0,Split,920.55,151 - 200 sqft
Whirlpool 2026 Model 1.5 Ton 3 Star Split Inverter AC,4.1,32240,57150,43,"30,027 Ratings & 3,540 Reviews","Annual Power Usage: 858.22 kWhRoom Size: 111 - 150 sqft1 year warranty on product, 5 years  warranty on compressor",7,"30,027 Ratings "," 3,540 Reviews",30027,3540,Whirlpool,1.5,3.0,Split,858.22,111 - 150 sqft
"Samsung Bespoke AI 2026 Model 1.5 ton 4 Star Split Inverter with Wi-fi Energy Saving, Voice Control, P...",4.1,38990,82990,53,"6,233 Ratings & 578 Reviews",Annual Power Usage: 713.57 kWhRoom Size: 111 - 150 sqft5 year comprehensive warranty on product and 10 years warranty on compressor,7,"6,233 Ratings ", 578 Reviews,6233,578,Samsung,1.5,4.0,Split,713.57,111 - 150 sqft
CARRIER 2025 Model 1 Ton 5 Star Split Inverter with Wi-fi Smart Flexicool 6 in 1 ConvertibleSmart Ener...,4.1,32990,61300,46,"4,786 Ratings & 735 Reviews","Annual Power Usage: 536.2 UnitsRoom Size: 90 sqft or Below1 Year Comprehensive Warranty  on Product, 5 Years Warranty on PCB, 10 Years Warranty on Compressor",7,"4,786 Ratings ", 735 Reviews,4786,735,CARRIER,1.0,5.0,Split,536.2,90 sqft
Midea 2026 Model 2 Ton 3 Star Split AI Inverter with Wi-fi Convertible 6-in-1 with Turbo Mode for Fast...,4.2,39990,68800,41,448 Ratings & 42 Reviews,"Annual Power Usage: 1068.29 kWhRoom Size: 151 - 200 sqft5 Year Comprehensive Warranty On Product,10 Year Warranty On Compressor",7,448 Ratings , 42 Reviews,448,42,Midea,2.0,3.0,Split,1068.29,151 - 200 sqft
CARRIER 2026 Model 1.5 Ton 3 Star Split AI Inverter with Wi-fi Convertible 6-in-1 with Geo-Fencing & V...,4.2,33490,65900,49,"38,222 Ratings & 4,626 Reviews","Annual Power Usage: 854.39 kWhRoom Size: 111 - 150 sqft1 Year Warranty on Product, 5 Years on PCB and 10 Years on the Compressor",7,"38,222 Ratings "," 4,626 Reviews",38222,4626,CARRIER,1.5,3.0,Split,854.39,111 - 150 sqft
LG 2025 Model 1.5 Ton 5 Star Split AI Dual Inverter AI Convertible 6-in-1 Split with Faster Cooling an...,4.2,42990,78990,45,"46,175 Ratings & 4,255 Reviews","Annual Power Usage: 744.75 kWhRoom Size: 111 - 150 sqft1 Year Warranty on Product,5 year on Pcb and 10 Years Warranty on Compressor",7,"46,175 Ratings "," 4,255 Reviews",46175,4255,LG,1.5,5.0,Split,744.75,111 - 150 sqft
Voltas 2022 Model 1 Ton 3 Star Split Fixed Speed AC,4.1,30549,55990,45,"8,721 Ratings & 907 Reviews",Annual Power Usage: 700.57 UnitsRoom Size: 90 sqft or Below1 Year Warranty on Product and 5 Years Warranty on Compressor,7,"8,721 Ratings ", 907 Reviews,8721,907,Voltas,1.0,3.0,Split,700.57,90 sqft
"Sharp 2025 Model 1.5 Ton 3 Star Split Inverter 5 in 1 Convertible,7 Stage Health Filters, Turbo Cool T...",4.0,24490,54990,55,38 Ratings & 4 Reviews,"Annual Power Usage: 946.17 kWhRoom Size: 111 - 150 sqft1 Year Comprehensive Warranty, 5 years on PCB, 10 Years on Compressor",7,38 Ratings , 4 Reviews,38,4,Sharp,1.5,3.0,Split,946.17,111 - 150 sqft
"CARRIER 2025 Model 2 Ton 3 Star Split Inverter with Wi-fi Smart Energy Display, Dual Filtration with H...",4.2,46990,75000,37,"4,267 Ratings & 497 Reviews","Annual Power Usage: 1249.82 UnitsRoom Size: 151 - 200 sqft1 Year Comprehensive Warranty  on Product, 5 Years Warranty on PCB, 10 Years Warranty on Compressor",7,"4,267 Ratings ", 497 Reviews,4267,497,CARRIER,2.0,3.0,Split,1249.82,151 - 200 sqft
"Godrej 2025 Model 1.5 Ton 5 Star Split Inverter AI Powered, 5-In-1 Convertible, Heavy Duty Cooling At ...",4.0,33490,50600,33,"12,566 Ratings & 1,206 Reviews","Annual Power Usage: 736.46 kWhRoom Size: 111 - 150 sqft5 year warranty on whole product, 10 years warranty on compressor , Warranty can be availed after registering on Brand website within 7 days of purchase.",7,"12,566 Ratings "," 1,206 Reviews",12566,1206,Godrej,1.5,5.0,Split,736.46,111 - 150 sqft
Midea 2026 Model 1.5 Ton 3 Star Split AI Inverter with Wi-fi Convertible 6-in-1 with Turbo Mode for Fa...,4.3,29990,59700,49,"18,604 Ratings & 2,838 Reviews","Annual Power Usage: 854.39 kWhRoom Size: 111 - 150 sqft5 Year Comprehensive Warranty On Product,10 Year Warranty On Compressor",7,"18,604 Ratings "," 2,838 Reviews",18604,2838,Midea,1.5,3.0,Split,854.39,111 - 150 sqft
Hitachi 2025 Model 1 Ton 3 Star Split Inverter AC,3.9,29490,48900,39,"2,394 Ratings & 305 Reviews","Annual Power Usage: 698.63 kWhRoom Size: 90 sqft or Below1 Year on the product, 5 Years on Component (including PCB) and 10 Years on the Compressor",8,"2,394 Ratings ", 305 Reviews,2394,305,Hitachi,1.0,3.0,Split,698.63,90 sqft
Sharp 2025 Model 1.5 Ton 5 Star Split Inverter 7 in 1 Convertible7 Stage Health Filters AC,3.8,29490,64990,54,29 Ratings & 4 Reviews,Annual Power Usage: 782.92 kWhRoom Size: 111 - 150 sqft1 Year Basic Warranty,8,29 Ratings , 4 Reviews,29,4,Sharp,1.5,5.0,Split,782.92,111 - 150 sqft
Voltas 2026 Model 1.5 Ton 3 Star Split Inverter AC,4.2,33990,60990,44,"83,437 Ratings & 7,067 Reviews","Annual Power Usage: 900.94 kWhRoom Size: 111 - 150 sqft1 Year Warranty On Product,10 Years Warranty On Compressor",8,"83,437 Ratings "," 7,067 Reviews",83437,7067,Voltas,1.5,3.0,Split,900.94,111 - 150 sqft
"LG 2025 Model 1.5 Ton 5 Star Split Dual Inverter with Faster Cooling and Energy Saving, AI Convertible...",4.2,42990,78990,45,"46,175 Ratings & 4,255 Reviews",Annual Power Usage: 744.75 kWhRoom Size: 111 - 150 sqft1 Year Manufacturing Warranty on Product,8,"46,175 Ratings "," 4,255 Reviews",46175,4255,LG,1.5,5.0,Split,744.75,111 - 150 sqft
Godrej 2025 Model 1.5 Ton 5 Star Split Inverter Heavy Duty Cooling At Extreme Temperature AC,4.0,38500,60500,36,"12,566 Ratings & 1,206 Reviews","Annual Power Usage: 728.31 UnitsRoom Size: 111 - 150 sqft5 Years Warranty on Whole Product (Valid on sales post 1 Sep 2024, warranty can be availed after registering on Brand website within 7 days of purchase) and 10 Years Warranty on Compressor",8,"12,566 Ratings "," 1,206 Reviews",12566,1206,Godrej,1.5,5.0,Split,728.31,111 - 150 sqft
Blue Star 2025 Model 1.5 Ton 3 Star Window Fixed Speed AC,4.2,26990,36400,25,"1,912 Ratings & 181 Reviews",Annual Power Usage: 1192.12 kWhRoom Size: 111 - 150 sqftWarranty of the Product is Limited to Manufacturing Defects Only,8,"1,912 Ratings ", 181 Reviews,1912,181,Blue,1.5,3.0,Window,1192.12,111 - 150 sqft
"Panasonic 2026 Model 1.5 Ton 3 Star Hot and Cold Split Inverter Crystal Clean, Higher Airflow, 2-Way S...",4.1,41480,59500,30,"24,445 Ratings & 2,408 Reviews","Annual Power Usage: 859.27 kWhRoom Size: 111 - 150 sqft1 Year Comprehensive warranty on Product,
5 Years warranty on PCB & 
10 Years warranty on Compressor",8,"24,445 Ratings "," 2,408 Reviews",24445,2408,Panasonic,1.5,3.0,Split,859.27,111 - 150 sqft
Lloyd 2025 Model 1 Ton 5 Star Split Inverter AC,4.0,32990,52990,37,"1,286 Ratings & 110 Reviews","Annual Power Usage: 533.89 UnitsRoom Size: 90 sqft or Below1 Year Warranty on Product, 5 Year Warranty on Component & 10 Year Warranty on Compressor.",8,"1,286 Ratings ", 110 Reviews,1286,110,Lloyd,1.0,5.0,Split,533.89,90 sqft
Godrej 2025 Model 1 Ton 3 Star Split Inverter 5-In-1-Convertible Cooling with Heavy Duty Cooling At Ex...,4.0,26490,38600,31,"8,298 Ratings & 716 Reviews","Annual Power Usage: 1034 UnitsRoom Size: 90 sqft or Below5 Years Warranty on Whole Product (Valid on sales post 1 Sep 2024, warranty can be availed after registering on Brand website within 7 days of purchase) and 10 Years Warranty on Compressor",8,"8,298 Ratings ", 716 Reviews,8298,716,Godrej,1.0,3.0,Split,1034.0,90 sqft
"CARRIER 2026 Model 1.5 Ton 3 Star Split AI Inverter Convertible 6-in-1 with Smart Energy Display, Inst...",4.2,32490,65500,50,"38,222 Ratings & 4,626 Reviews","Annual Power Usage: 854.39 kWhRoom Size: 111 - 150 sqft1 Year Warranty on Product, 5 Years on PCB and 10 Years on the Compressor",8,"38,222 Ratings "," 4,626 Reviews",38222,4626,CARRIER,1.5,3.0,Split,854.39,111 - 150 sqft
Blue Star 2021 Model 1.5 Ton 3 Star Split Inverter AC,4.1,58999,61972,4,"26,862 Ratings & 2,253 Reviews",Annual Power Usage: 1456 UnitsRoom Size: 111 - 150 sqft1 Year Comprehensive Warranty on AC and 10 Years on Compressor,8,"26,862 Ratings "," 2,253 Reviews",26862,2253,Blue,1.5,3.0,Split,1456.0,111 - 150 sqft
Hisense 2026 Model 1.5 Ton 3 Star Split Inverter AC,4.0,25990,43000,39,"1,521 Ratings & 282 Reviews","Annual Power Usage: 782.29 kWhRoom Size: 111 - 150 sqft1 Year Comprehensive warranty on Product, 5 Year on PCB & 10 Year on Compressor",8,"1,521 Ratings ", 282 Reviews,1521,282,Hisense,1.5,3.0,Split,782.29,111 - 150 sqft
Whirlpool 2026 Model 1.5 Ton 3 Star Split Inverter AC,4.1,32240,57150,43,"30,027 Ratings & 3,540 Reviews","Annual Power Usage: 858.22 kWhRoom Size: 111 - 150 sqft1 year warranty on product, 5 years  warranty on compressor",8,"30,027 Ratings "," 3,540 Reviews",30027,3540,Whirlpool,1.5,3.0,Split,858.22,111 - 150 sqft
Samsung 2025 Model 1.5 Ton 5 Star Split Inverter with Wi-fi AC,4.2,36490,72990,50,"26,515 Ratings & 2,683 Reviews",Annual Power Usage: 751.24 WRoom Size: 111 - 150 sqft5 Years Comprehensive Warranty on AC and 10 Years Warranty on Compressor,8,"26,515 Ratings "," 2,683 Reviews",26515,2683,Samsung,1.5,5.0,Split,751.24,111 - 150 sqft
LG 2025 Model 1.5 Ton 3 Star Split AI Dual Inverter AI Convertible 6-in-1 with Faster Cooling and Ener...,4.0,33990,72990,53,"43,160 Ratings & 4,010 Reviews","Annual Power Usage: 852.44 UnitsRoom Size: 111 - 150 sqft1 Year Comprehensive Warranty on Product, 5 Year on PCB and Motor & 10 Year on Compressor (Free Gas charging during comprehensive warranty period only)",8,"43,160 Ratings "," 4,010 Reviews",43160,4010,LG,1.5,3.0,Split,852.44,111 - 150 sqft
Lloyd 2026 Model 1.5 Ton 3 Star Window Fixed Speed AC,4.1,30990,50990,39,"3,328 Ratings & 350 Reviews",Annual Power Usage: 1093.04 kWhRoom Size: 111 - 150 sqft1 Year Comprehensive Warranty,8,"3,328 Ratings ", 350 Reviews,3328,350,Lloyd,1.5,3.0,Window,1093.04,111 - 150 sqft
LG 2026 Model 1.5 Ton 5 Star Window Dual Inverter Convertible 4-in-1 Cooling with Faster Cooling and E...,4.2,42790,73990,42,"2,790 Ratings & 289 Reviews","Annual Power Usage: 1017.08 kWhRoom Size: 111 - 150 sqftManufacturer Warranty: 1 Year Comprehensive on Product, 5 Year on PCB and Motor & 10 Year on Compressor (*Free Gas charging during comprehensive period only, T&C Apply)",8,"2,790 Ratings ", 289 Reviews,2790,289,LG,1.5,5.0,Window,1017.08,111 - 150 sqft
Voltas 2025 Model 1.5 Ton 3 Star Split Inverter AC,4.2,31490,64990,51,"83,437 Ratings & 7,067 Reviews","Annual Power Usage: 975.26 kWhRoom Size: 111 - 150 sqft1 Year Warranty on Product, 10 Year Warranty on Compressor",8,"83,437 Ratings "," 7,067 Reviews",83437,7067,Voltas,1.5,3.0,Split,975.26,111 - 150 sqft
"Samsung Bespoke AI 2026 Model 1.5 ton 4 Star Split Inverter with Wi-fi Energy Saving, Voice Control, P...",4.1,38990,82990,53,"6,233 Ratings & 578 Reviews",Annual Power Usage: 713.57 kWhRoom Size: 111 - 150 sqft5 year comprehensive warranty on product and 10 years warranty on compressor,8,"6,233 Ratings ", 578 Reviews,6233,578,Samsung,1.5,4.0,Split,713.57,111 - 150 sqft
CARRIER 2026 Model 1.5 Ton 3 Star Split AI Inverter with Wi-fi Convertible 6-in-1 with Geo-Fencing & V...,4.2,33490,65900,49,"38,222 Ratings & 4,626 Reviews","Annual Power Usage: 854.39 kWhRoom Size: 111 - 150 sqft1 Year Warranty on Product, 5 Years on PCB and 10 Years on the Compressor",8,"38,222 Ratings "," 4,626 Reviews",38222,4626,CARRIER,1.5,3.0,Split,854.39,111 - 150 sqft
"Sharp 2025 Model 1.5 Ton 3 Star Split Inverter 5 in 1 Convertible,7 Stage Health Filters, Turbo Cool T...",4.0,24490,54990,55,38 Ratings & 4 Reviews,"Annual Power Usage: 946.17 kWhRoom Size: 111 - 150 sqft1 Year Comprehensive Warranty, 5 years on PCB, 10 Years on Compressor",8,38 Ratings , 4 Reviews,38,4,Sharp,1.5,3.0,Split,946.17,111 - 150 sqft
CARRIER 2024 Model 2 Ton 5 Star Split Inverter Dual Filtration with HD & Auto Cleanser AC,4.2,52990,91690,42,"2,305 Ratings & 254 Reviews","Annual Power Usage: 920.55 UnitsRoom Size: 151 - 200 sqft1 Year Warranty on Product, 5 Years Extended Warranty on PCB and 10 Years Warranty on Compressor",8,"2,305 Ratings ", 254 Reviews,2305,254,CARRIER,2.0,5.0,Split,920.55,151 - 200 sqft
LG 2025 Model 1.5 Ton 5 Star Split AI Dual Inverter AI Convertible 6-in-1 Split with Faster Cooling an...,4.2,42990,78990,45,"46,175 Ratings & 4,255 Reviews","Annual Power Usage: 744.75 kWhRoom Size: 111 - 150 sqft1 Year Warranty on Product,5 year on Pcb and 10 Years Warranty on Compressor",8,"46,175 Ratings "," 4,255 Reviews",46175,4255,LG,1.5,5.0,Split,744.75,111 - 150 sqft
Midea 2026 Model 1.5 Ton 3 Star Split AI Inverter with Wi-fi Convertible 6-in-1 with Turbo Mode for Fa...,4.3,29990,59700,49,"18,604 Ratings & 2,838 Reviews","Annual Power Usage: 854.39 kWhRoom Size: 111 - 150 sqft5 Year Comprehensive Warranty On Product,10 Year Warranty On Compressor",8,"18,604 Ratings "," 2,838 Reviews",18604,2838,Midea,1.5,3.0,Split,854.39,111 - 150 sqft
Lloyd 2022 Model 1 Ton 2 Star Window Fixed Speed AC,3.9,25890,39990,35,830 Ratings & 83 Reviews,Annual Power Usage: 808.94 UnitsRoom Size: 90 sqft or Below1 Year Comprehensive Warranty on Product and 5 Years Warranty on Compressor,9,830 Ratings , 83 Reviews,830,83,Lloyd,1.0,2.0,Window,808.94,90 sqft
Whirlpool 2026 Model 1 Ton 3 Star Split Inverter AC,4.1,29440,53190,44,"10,799 Ratings & 1,227 Reviews","Annual Power Usage: 594.03 kWhRoom Size: 90 sqft or Below1 year warranty on product, 5 years  warranty on compressor",9,"10,799 Ratings "," 1,227 Reviews",10799,1227,Whirlpool,1.0,3.0,Split,594.03,90 sqft
Blue Star 2023 Model 1.5 Ton 3 Star Split Inverter AC,4.1,37858,61250,38,"26,862 Ratings & 2,253 Reviews","Annual Power Usage: 1026.46 UnitsRoom Size: 111 - 150 sqft1 Year Warranty on Product, 10 Years Warranty on Inverter Compressor and 5 Years Warranty on PCB",9,"26,862 Ratings "," 2,253 Reviews",26862,2253,Blue,1.5,3.0,Split,1026.46,111 - 150 sqft
"LG 2026 Model 1 tons 3 Star Split Smart Inverter Faster Cooling and Energy Saving, AI Convertible 6-in...",4.2,36990,64890,42,"5,759 Ratings & 684 Reviews","Annual Power Usage: 584.24 kWhRoom Size: 90 sqft or Below1 Year Comprehensive warranty on Product, 5 Year warranty on PCB & Motor and 10 Year warranty on Compressor",9,"5,759 Ratings ", 684 Reviews,5759,684,LG,1.5,3.0,Split,584.24,90 sqft
Voltas 2026 Model 1.5 Ton 3 Star Split Inverter AC,4.2,33990,60990,44,"83,437 Ratings & 7,067 Reviews","Annual Power Usage: 900.94 kWhRoom Size: 111 - 150 sqft1 Year Warranty On Product,10 Years Warranty On Compressor",9,"83,437 Ratings "," 7,067 Reviews",83437,7067,Voltas,1.5,3.0,Split,900.94,111 - 150 sqft
"LG 2025 Model 1.5 Ton 5 Star Split Dual Inverter with Faster Cooling and Energy Saving, AI Convertible...",4.2,42990,78990,45,"46,175 Ratings & 4,255 Reviews",Annual Power Usage: 744.75 kWhRoom Size: 111 - 150 sqft1 Year Manufacturing Warranty on Product,9,"46,175 Ratings "," 4,255 Reviews",46175,4255,LG,1.5,5.0,Split,744.75,111 - 150 sqft
CARRIER 2024 Model 1.5 Ton 3 Star Window Fixed Speed AC,4.3,31766,45090,29,"2,583 Ratings & 291 Reviews","Annual Power Usage: 1210 UnitsRoom Size: 111 - 150 sqft1 Year on Product, 5 Years on PCB and 10 Years on Compressor",9,"2,583 Ratings ", 291 Reviews,2583,291,CARRIER,1.5,3.0,Window,1210.0,111 - 150 sqft
Lloyd 2025 Model 1.5 Ton 3 Star Hot and Cold Split Inverter AC,4.1,35990,58490,38,"20,599 Ratings & 2,180 Reviews","Annual Power Usage: 989.8 UnitsRoom Size: 111 - 150 sqft1 Year Warranty on Product, 5 Year Warranty on Component & 10 Year Warranty on Compressor.",9,"20,599 Ratings "," 2,180 Reviews",20599,2180,Lloyd,1.5,3.0,Split,989.8,111 - 150 sqft
Godrej 2025 Model 1 Ton 3 Star Split Inverter 5-In-1-Convertible Cooling with Heavy Duty Cooling At Ex...,4.0,26490,38600,31,"8,298 Ratings & 716 Reviews","Annual Power Usage: 1034 UnitsRoom Size: 90 sqft or Below5 Years Warranty on Whole Product (Valid on sales post 1 Sep 2024, warranty can be availed after registering on Brand website within 7 days of purchase) and 10 Years Warranty on Compressor",9,"8,298 Ratings ", 716 Reviews,8298,716,Godrej,1.0,3.0,Split,1034.0,90 sqft
"CARRIER 2026 Model 1.5 Ton 3 Star Split AI Inverter Convertible 6-in-1 with Smart Energy Display, Inst...",4.2,32490,65500,50,"38,222 Ratings & 4,626 Reviews","Annual Power Usage: 854.39 kWhRoom Size: 111 - 150 sqft1 Year Warranty on Product, 5 Years on PCB and 10 Years on the Compressor",9,"38,222 Ratings "," 4,626 Reviews",38222,4626,CARRIER,1.5,3.0,Split,854.39,111 - 150 sqft
Godrej 2025 Model 1.5 Ton 3 Star Window Fixed Speed with Anti Corrosive Blue Fin AC,4.0,34191,46990,27,"2,193 Ratings & 161 Reviews","Annual Power Usage: 1216.12 UnitsRoom Size: 111 - 150 sqft1 year standard warranty on product, 5 years warranty on fixed speed compressor and 5 year warranty on PCB.",9,"2,193 Ratings ", 161 Reviews,2193,161,Godrej,1.5,3.0,Window,1216.12,111 - 150 sqft
Haier Kinouchi Limited Edition 2025 Model 1.5 Ton 5 Star Split Inverter with Wi-fi AC,4.0,43990,78200,43,"3,274 Ratings & 351 Reviews",Annual Power Usage: 836.95 kWhRoom Size: 111 - 150 sqft5 years on the product and 12 years on the compressor (1-year warranty card in the box + 4-year promotional warranty auto activated post-installation).,9,"3,274 Ratings ", 351 Reviews,3274,351,Haier,1.5,5.0,Split,836.95,111 - 150 sqft
Hitachi 2025 Model 1.5 Ton 5 Star Split Inverter AC,4.0,40490,67600,40,"5,094 Ratings & 705 Reviews","Annual Power Usage: 774.58 kWhRoom Size: 111 - 150 sqft1 Year on the product, 5 Years on Component (including PCB) and 10 Years on the Compressor",9,"5,094 Ratings ", 705 Reviews,5094,705,Hitachi,1.5,5.0,Split,774.58,111 - 150 sqft
"Panasonic 2026 Model 1.5 Ton 4 Star Split Inverter with Wi-fi Smart, DustBuster Tech, Matter Enabled, ...",4.1,41990,59500,29,"2,166 Ratings & 250 Reviews","Annual Power Usage: 759.55 kWhRoom Size: 111 - 150 sqft1 Year Comprehensive warranty on Product,
5 Years warranty on PCB & 
10 Years warranty on Compressor",9,"2,166 Ratings ", 250 Reviews,2166,250,Panasonic,1.5,4.0,Split,759.55,111 - 150 sqft
Whirlpool 2026 Model 1.5 Ton 3 Star Split Inverter AC,4.1,32240,57150,43,"30,027 Ratings & 3,540 Reviews","Annual Power Usage: 858.22 kWhRoom Size: 111 - 150 sqft1 year warranty on product, 5 years  warranty on compressor",9,"30,027 Ratings "," 3,540 Reviews",30027,3540,Whirlpool,1.5,3.0,Split,858.22,111 - 150 sqft
"Samsung Bespoke AI 2026 Model 1.5 ton 4 Star Split Inverter with Wi-fi Energy Saving, Voice Control, P...",4.1,38990,82990,53,"6,233 Ratings & 578 Reviews",Annual Power Usage: 713.57 kWhRoom Size: 111 - 150 sqft5 year comprehensive warranty on product and 10 years warranty on compressor,9,"6,233 Ratings ", 578 Reviews,6233,578,Samsung,1.5,4.0,Split,713.57,111 - 150 sqft
Panasonic 2023 Model 1 Ton 5 Star Split Inverter with Wi-fi Convertible 7-in-1 with Additional AI Mode...,4.2,32490,64400,49,"4,169 Ratings & 452 Reviews","Annual Power Usage: 531.41 UnitsRoom Size: 90 sqft or Below1 Year Comprehensive Warranty on Product, 5 Years Warranty on PCB and 10 Years Warranty on Compressor",9,"4,169 Ratings ", 452 Reviews,4169,452,Panasonic,1.0,5.0,Split,531.41,90 sqft
Daikin 2025 Model 1 Ton 5 Star Split Inverter AC,4.2,34548,55364,37,"2,122 Ratings & 203 Reviews",Annual Power Usage: 523.54 UnitsRoom Size: 90 sqft or Below1 Year Warranty on Product and  5 Years Warranty on PCB and 10 Years Warranty on Compressor,9,"2,122 Ratings ", 203 Reviews,2122,203,Daikin,1.0,5.0,Split,523.54,90 sqft
CARRIER 2026 Model 1.5 Ton 3 Star Split AI Inverter with Wi-fi Convertible 6-in-1 with Geo-Fencing & V...,4.2,33490,65900,49,"38,222 Ratings & 4,626 Reviews","Annual Power Usage: 854.39 kWhRoom Size: 111 - 150 sqft1 Year Warranty on Product, 5 Years on PCB and 10 Years on the Compressor",9,"38,222 Ratings "," 4,626 Reviews",38222,4626,CARRIER,1.5,3.0,Split,854.39,111 - 150 sqft
LG 2025 Model 1.5 Ton 5 Star Split AI Dual Inverter AI Convertible 6-in-1 Split with Faster Cooling an...,4.2,42990,78990,45,"46,175 Ratings & 4,255 Reviews","Annual Power Usage: 744.75 kWhRoom Size: 111 - 150 sqft1 Year Warranty on Product,5 year on Pcb and 10 Years Warranty on Compressor",9,"46,175 Ratings "," 4,255 Reviews",46175,4255,LG,1.5,5.0,Split,744.75,111 - 150 sqft
Blue Star 2026 Model 1 Ton 3 Star Split Inverter AC,4.0,32490,49000,33,"4,839 Ratings & 434 Reviews",Annual Power Usage: 621.1 kWhRoom Size: 90 sqft or Below60 months for those customers who purchase Blue Star Split ACs (Inverter or Fixed Speed SACs) of Tonnage up to 2 Tr from 16th February 2026 to 30th June 2026.,9,"4,839 Ratings ", 434 Reviews,4839,434,Blue,1.0,3.0,Split,621.1,90 sqft
Godrej 2024 Model 1.5 Ton 3 Star Split Inverter Heavy Duty Cooling at Extreme Temperature AC,4.0,29599,45900,35,"22,727 Ratings & 1,770 Reviews","Annual Power Usage: 966.34 UnitsRoom Size: 111 - 150 sqft5 Years Warranty on Whole Product (Valid on sales post 1 Sep 2024, warranty can be availed after registering on Brand website within 7 days of purchase) and 10 Years Warranty on Compressor",9,"22,727 Ratings "," 1,770 Reviews",22727,1770,Godrej,1.5,3.0,Split,966.34,111 - 150 sqft
Daikin 2024 Model 1.5 Ton 3 Star Hot and Cold Split Inverter AC,4.2,29990,56500,46,"24,785 Ratings & 1,912 Reviews",Annual Power Usage: 881.05 UnitsRoom Size: 111 - 150 sqft1 Year Warranty on Product and  5 Years Warranty on PCB and 10 Years Warranty on Compressor,9,"24,785 Ratings "," 1,912 Reviews",24785,1912,Daikin,1.5,3.0,Split,881.05,111 - 150 sqft
realme TechLife 2026 Model 1.2 Ton 3 Star Split Inverter with Wi-fi (1 Ton + 0.2Ton Extra Cooling) wit...,4.4,26990,51999,48,106 Ratings & 10 Reviews,Annual Power Usage: 728.86 kWhRoom Size: 91 - 110 sqft1 Year Warranty on Product and 10 Year Warranty on Compressor,9,106 Ratings , 10 Reviews,106,10,realme,1.2,3.0,Split,728.86,91 - 110 sqft
Voltas 2026 Model 1.5 Ton 3 Star Split Inverter AC,4.2,33990,60990,44,"83,437 Ratings & 7,067 Reviews","Annual Power Usage: 900.94 kWhRoom Size: 111 - 150 sqft1 Year Warranty On Product,10 Years Warranty On Compressor",10,"83,437 Ratings "," 7,067 Reviews",83437,7067,Voltas,1.5,3.0,Split,900.94,111 - 150 sqft
"LG 2025 Model 1.5 Ton 5 Star Split Dual Inverter with Faster Cooling and Energy Saving, AI Convertible...",4.2,42990,78990,45,"46,175 Ratings & 4,255 Reviews",Annual Power Usage: 744.75 kWhRoom Size: 111 - 150 sqft1 Year Manufacturing Warranty on Product,10,"46,175 Ratings "," 4,255 Reviews",46175,4255,LG,1.5,5.0,Split,744.75,111 - 150 sqft
Lloyd 2023 Model 1 Ton 2 Star Window Fixed Speed AC,3.9,25890,39990,35,830 Ratings & 83 Reviews,Annual Power Usage: 808.94 UnitsRoom Size: 90 sqft or Below1 Year Comprehensive Warranty on Product and 5 Years Warranty on Compressor,10,830 Ratings , 83 Reviews,830,83,Lloyd,1.0,2.0,Window,808.94,90 sqft
Daikin 2025 Model 1.5 Ton 3 Star Split Inverter AC,4.2,41850,58400,28,"24,785 Ratings & 1,912 Reviews",Annual Power Usage: 966.47 UnitsRoom Size: 111 - 150 sqft1 Year Warranty on Product and  5 Years Warranty on PCB and 10 Years Warranty on Compressor,10,"24,785 Ratings "," 1,912 Reviews",24785,1912,Daikin,1.5,3.0,Split,966.47,111 - 150 sqft
Godrej 2025 Model 1 Ton 3 Star Split Inverter 5-In-1-Convertible Cooling with Heavy Duty Cooling At Ex...,4.0,26490,38600,31,"8,298 Ratings & 716 Reviews","Annual Power Usage: 1034 UnitsRoom Size: 90 sqft or Below5 Years Warranty on Whole Product (Valid on sales post 1 Sep 2024, warranty can be availed after registering on Brand website within 7 days of purchase) and 10 Years Warranty on Compressor",10,"8,298 Ratings ", 716 Reviews,8298,716,Godrej,1.0,3.0,Split,1034.0,90 sqft
"CARRIER 2026 Model 1.5 Ton 3 Star Split AI Inverter Convertible 6-in-1 with Smart Energy Display, Inst...",4.2,32490,65500,50,"38,222 Ratings & 4,626 Reviews","Annual Power Usage: 854.39 kWhRoom Size: 111 - 150 sqft1 Year Warranty on Product, 5 Years on PCB and 10 Years on the Compressor",10,"38,222 Ratings "," 4,626 Reviews",38222,4626,CARRIER,1.5,3.0,Split,854.39,111 - 150 sqft
Panasonic 2025 Model 1.5 Ton 5 Star Split Inverter with Wi-fi AC,4.2,38490,59300,35,"22,111 Ratings & 2,346 Reviews","Annual Power Usage: 759.55 UnitsRoom Size: 111 - 150 sqft1 Year Comprehensive warranty on Product,
5 Years warranty on PCB & 
10 Years warranty on Compressor",10,"22,111 Ratings "," 2,346 Reviews",22111,2346,Panasonic,1.5,5.0,Split,759.55,111 - 150 sqft
Godrej 2025 Model 1.5 Ton 5 Star Window Inverter Turbo Mode Anti-Dust Filter with Anti-Freeze Thermost...,4.0,29860,46990,36,719 Ratings & 67 Reviews,"Annual Power Usage: 1111.14 UnitsRoom Size: 111 - 150 sqft5 Years Warranty on Whole Product, aplicable on purchase after Oct'25 (Warranty can be availed after registering on Brand website within 7 days of purchase) and 10 Years Warranty on Compressor",10,719 Ratings , 67 Reviews,719,67,Godrej,1.5,5.0,Window,1111.14,111 - 150 sqft
Lloyd 2025 Model 1.5 Ton 5 Star Split Inverter AC,4.1,38490,61990,37,"11,881 Ratings & 1,355 Reviews","Annual Power Usage: 715.07 WRoom Size: 111 - 150 sqft1 Year Warranty on Product, 5 Year Warranty on Component & 10 Year Warranty on Compressor.",10,"11,881 Ratings "," 1,355 Reviews",11881,1355,Lloyd,1.5,5.0,Split,715.07,111 - 150 sqft
Panasonic 2025 Model 2 Ton 3 Star Split Inverter with Wi-fi AC,4.2,42990,64800,33,942 Ratings & 81 Reviews,"Annual Power Usage: 1200.23 UnitsRoom Size: 151 - 200 sqft1 Year Comprehensive warranty on Product,
5 Years warranty on PCB & 
10 Years warranty on Compressor",10,942 Ratings , 81 Reviews,942,81,Panasonic,2.0,3.0,Split,1200.23,151 - 200 sqft
Whirlpool 2026 Model 1.5 Ton 3 Star Split Inverter AC,4.1,32240,57150,43,"30,027 Ratings & 3,540 Reviews","Annual Power Usage: 858.22 kWhRoom Size: 111 - 150 sqft1 year warranty on product, 5 years  warranty on compressor",10,"30,027 Ratings "," 3,540 Reviews",30027,3540,Whirlpool,1.5,3.0,Split,858.22,111 - 150 sqft
Samsung 2025 Model 1.5 Ton 5 Star Split Inverter with Wi-fi AC,4.2,36490,72990,50,"26,515 Ratings & 2,683 Reviews",Annual Power Usage: 751.24 WRoom Size: 111 - 150 sqft5 Years Comprehensive Warranty on AC and 10 Years Warranty on Compressor,10,"26,515 Ratings "," 2,683 Reviews",26515,2683,Samsung,1.5,5.0,Split,751.24,111 - 150 sqft
Voltas 2026 Model 1.5 Ton 3 Star Split Inverter with Wi-fi AC,4.2,36999,66990,44,"83,437 Ratings & 7,067 Reviews","Annual Power Usage: 918.84 kWhRoom Size: 111 - 150 sqft1 Year Warranty On Product,10 Years Warranty On Compressor",10,"83,437 Ratings "," 7,067 Reviews",83437,7067,Voltas,1.5,3.0,Split,918.84,111 - 150 sqft
LG 2025 Model 2 Ton 3 Star Split AI Dual Inverter AI Convertible 6-in-1 Faster Cooling and Energy Savi...,4.1,55990,72190,22,"1,559 Ratings & 116 Reviews","Annual Power Usage: 1218.49 UnitsRoom Size: 151 - 200 sqft1 Year Comprehensive Warranty on Product, 5 Year on PCB and Motor & 10 Year on Compressor (Free Gas charging during comprehensive warranty period only)",10,"1,559 Ratings ", 116 Reviews,1559,116,LG,2.0,3.0,Split,1218.49,151 - 200 sqft
"Samsung Bespoke AI 2026 Model 1.5 ton 4 Star Split Inverter with Wi-fi Energy Saving, Voice Control, P...",4.1,38990,82990,53,"6,233 Ratings & 578 Reviews",Annual Power Usage: 713.57 kWhRoom Size: 111 - 150 sqft5 year comprehensive warranty on product and 10 years warranty on compressor,10,"6,233 Ratings ", 578 Reviews,6233,578,Samsung,1.5,4.0,Split,713.57,111 - 150 sqft
CARRIER 2026 Model 1.5 Ton 3 Star Split AI Inverter with Wi-fi Convertible 6-in-1 with Geo-Fencing & V...,4.2,33490,65900,49,"38,222 Ratings & 4,626 Reviews","Annual Power Usage: 854.39 kWhRoom Size: 111 - 150 sqft1 Year Warranty on Product, 5 Years on PCB and 10 Years on the Compressor",10,"38,222 Ratings "," 4,626 Reviews",38222,4626,CARRIER,1.5,3.0,Split,854.39,111 - 150 sqft
"CARRIER 2024 Model 1.5 Ton 3 Star Split Inverter AI Flexicool Convertible 6-in-1 Cooling, Dual Filtrat...",4.2,24990,67790,63,"38,222 Ratings & 4,626 Reviews","Annual Power Usage: 964.1 UnitsRoom Size: 111 - 150 sqft1 Year Warranty on Product, 5 Years Extended Warranty on PCB and 10 Years Warranty on Compressor",10,"38,222 Ratings "," 4,626 Reviews",38222,4626,CARRIER,1.5,3.0,Split,964.1,111 - 150 sqft
Whirlpool 2026 Model 1.5 Ton 3 Star Split Inverter AC,4.1,30490,60800,49,"30,027 Ratings & 3,540 Reviews",Annual Power Usage: 893.62 kWhRoom Size: 111 - 150 sqftCompressor Warranty: 1+9 Years PCB Warranty: 1 +4 Years,10,"30,027 Ratings "," 3,540 Reviews",30027,3540,Whirlpool,1.5,3.0,Split,893.62,111 - 150 sqft
Samsung 2025 Model 1.5 Ton 5 Star Split Inverter with Wi-fi AC,4.2,51850,84790,38,"26,515 Ratings & 2,683 Reviews",Annual Power Usage: 751.24 WRoom Size: 111 - 150 sqft5 Years Comprehensive Warranty on AC and 10 Years Warranty on Compressor,10,"26,515 Ratings "," 2,683 Reviews",26515,2683,Samsung,1.5,5.0,Split,751.24,111 - 150 sqft
"Haier 2025 Model 1 Ton 3 Star Split Dual Inverter Intelli-Convertible 7 in 1 ConvertibleHD Filter, Fro...",3.8,25990,50000,48,"3,318 Ratings & 266 Reviews",Annual Power Usage: 688.52 UnitsRoom Size: 90 sqft or Below5 years on the product and 12 years on the compressor (1-year warranty card in the box + 4-year promotional warranty auto activated post-installation).,10,"3,318 Ratings ", 266 Reviews,3318,266,Haier,1.0,3.0,Split,688.52,90 sqft
LG 2025 Model 1.5 Ton 5 Star Split AI Dual Inverter AI Convertible 6-in-1 Split with Faster Cooling an...,4.2,42990,78990,45,"46,175 Ratings & 4,255 Reviews","Annual Power Usage: 744.75 kWhRoom Size: 111 - 150 sqft1 Year Warranty on Product,5 year on Pcb and 10 Years Warranty on Compressor",10,"46,175 Ratings "," 4,255 Reviews",46175,4255,LG,1.5,5.0,Split,744.75,111 - 150 sqft
Midea 2026 Model 1.5 Ton 3 Star Split AI Inverter with Wi-fi Convertible 6-in-1 with Turbo Mode for Fa...,4.3,29990,59700,49,"18,604 Ratings & 2,838 Reviews","Annual Power Usage: 854.39 kWhRoom Size: 111 - 150 sqft5 Year Comprehensive Warranty On Product,10 Year Warranty On Compressor",10,"18,604 Ratings "," 2,838 Reviews",18604,2838,Midea,1.5,3.0,Split,854.39,111 - 150 sqft
Haier Gravity Series 2025 Model 1.5 Ton 5 Star Split Inverter with Wi-fi AC,4.0,43950,51000,13,"3,274 Ratings & 351 Reviews",Annual Power Usage: 836.95 kWhRoom Size: 111 - 150 sqft5 years on the product and 12 years on the compressor (1-year warranty card in the box + 4-year promotional warranty auto activated post-installation).,10,"3,274 Ratings ", 351 Reviews,3274,351,Haier,1.5,5.0,Split,836.95,111 - 150 sqft
Lloyd 2025 Model 1.5 Ton 3 Star Split Inverter AC,4.1,34536,61990,44,"20,599 Ratings & 2,180 Reviews","Annual Power Usage: 990.77 WRoom Size: 111 - 150 sqft1 Year Warranty on Product, 5 Year Warranty on Component & 10 Year Warranty on Compressor.",10,"20,599 Ratings "," 2,180 Reviews",20599,2180,Lloyd,1.5,3.0,Split,990.77,111 - 150 sqft
Voltas 2026 Model 1.5 Ton 3 Star Split Inverter AC,4.2,33990,60990,44,"83,437 Ratings & 7,067 Reviews","Annual Power Usage: 900.94 kWhRoom Size: 111 - 150 sqft1 Year Warranty On Product,10 Years Warranty On Compressor",11,"83,437 Ratings "," 7,067 Reviews",83437,7067,Voltas,1.5,3.0,Split,900.94,111 - 150 sqft
"LG 2025 Model 1.5 Ton 5 Star Split Dual Inverter with Faster Cooling and Energy Saving, AI Convertible...",4.2,42990,78990,45,"46,175 Ratings & 4,255 Reviews",Annual Power Usage: 744.75 kWhRoom Size: 111 - 150 sqft1 Year Manufacturing Warranty on Product,11,"46,175 Ratings "," 4,255 Reviews",46175,4255,LG,1.5,5.0,Split,744.75,111 - 150 sqft
Panasonic 2023 Model 1.5 Ton 5 Star Split Inverter AC,4.2,39490,66900,40,"22,111 Ratings & 2,346 Reviews","Annual Power Usage: 774.8 UnitsRoom Size: 111 - 150 sqft1 Year Warranty on Product, 5 Years Warranty on PCB and 10 Years Warranty on Compressor",11,"22,111 Ratings "," 2,346 Reviews",22111,2346,Panasonic,1.5,5.0,Split,774.8,111 - 150 sqft
Daikin 2025 Model 1.5 Ton 3 Star Split Inverter AC,4.2,34490,53830,35,"24,785 Ratings & 1,912 Reviews",Annual Power Usage: 966.47 kWhRoom Size: 111 - 150 sqft1 Year Warranty on Product and  5 Years Warranty on PCB and 10 Years Warranty on Compressor,11,"24,785 Ratings "," 1,912 Reviews",24785,1912,Daikin,1.5,3.0,Split,966.47,111 - 150 sqft
"IFB 2025 Model 1.5 Ton 5 Star Split Inverter Silver Plus Smart Series with HD Compressor, AI, Dual Gol...",4.2,38500,74990,48,"15,363 Ratings & 1,538 Reviews","Annual Power Usage: 721.04 kWhRoom Size: 111 - 150 sqft1 Year warranty on Product , 5 Years warranty on PCB and 10 Years Warranty on Compressor",11,"15,363 Ratings "," 1,538 Reviews",15363,1538,IFB,1.5,5.0,Split,721.04,111 - 150 sqft
CARRIER 2026 Model 1 Ton 5 Star Split AI Inverter with Wi-fi Convertible 6-in-1 with Geo-Fencing & Voi...,4.1,39990,67300,40,"4,786 Ratings & 735 Reviews","Annual Power Usage: 536.2 kWhRoom Size: 90 sqft or Below1 Year Warranty on Product, 5 Years on PCB and 10 Years on the Compressor",11,"4,786 Ratings ", 735 Reviews,4786,735,CARRIER,1.0,5.0,Split,536.2,90 sqft
Godrej 2025 Model 1 Ton 3 Star Split Inverter 5-In-1-Convertible Cooling with Heavy Duty Cooling At Ex...,4.0,26490,38600,31,"8,298 Ratings & 716 Reviews","Annual Power Usage: 1034 UnitsRoom Size: 90 sqft or Below5 Years Warranty on Whole Product (Valid on sales post 1 Sep 2024, warranty can be availed after registering on Brand website within 7 days of purchase) and 10 Years Warranty on Compressor",11,"8,298 Ratings ", 716 Reviews,8298,716,Godrej,1.0,3.0,Split,1034.0,90 sqft
"CARRIER 2026 Model 1.5 Ton 3 Star Split AI Inverter Convertible 6-in-1 with Smart Energy Display, Inst...",4.2,32490,65500,50,"38,222 Ratings & 4,626 Reviews","Annual Power Usage: 854.39 kWhRoom Size: 111 - 150 sqft1 Year Warranty on Product, 5 Years on PCB and 10 Years on the Compressor",11,"38,222 Ratings "," 4,626 Reviews",38222,4626,CARRIER,1.5,3.0,Split,854.39,111 - 150 sqft
Voltas 2025 Model 1 Ton 3 Star Split Inverter 4-IN-1 Adjustable Mode | Energy Efficient | High Ambient...,4.1,31990,52390,38,"8,721 Ratings & 907 Reviews","Annual Power Usage: 672.93 UnitsRoom Size: 90 sqft or Below5 years warranty from the date of installation, (Inverter or Fixed Speed SACs) of Tonnage up to 2.2 Tr (Offer valid till 31st May 2026). It is applicable only for residential usage and does not apply to commercial or National Accounts customers, 5 Years warranty on PCB, 10 Years on Inverter Compressor",11,"8,721 Ratings ", 907 Reviews,8721,907,Voltas,1.0,3.0,Split,672.93,90 sqft
Voltas 2023 Model 1 Ton 3 Star Window Fixed Speed AC,4.2,25509,35990,29,"3,849 Ratings & 319 Reviews",Annual Power Usage: 749.34 UnitsRoom Size: 90 sqft or Below1 Year Comprehensive Warranty on Product and 5 Years Warranty on Compressor,11,"3,849 Ratings ", 319 Reviews,3849,319,Voltas,1.0,3.0,Window,749.34,90 sqft
Whirlpool 2026 Model 1.5 Ton 3 Star Split Inverter AC,4.1,32240,57150,43,"30,027 Ratings & 3,540 Reviews","Annual Power Usage: 858.22 kWhRoom Size: 111 - 150 sqft1 year warranty on product, 5 years  warranty on compressor",11,"30,027 Ratings "," 3,540 Reviews",30027,3540,Whirlpool,1.5,3.0,Split,858.22,111 - 150 sqft
Samsung 2025 Model 1.5 Ton 5 Star Split Inverter with Wi-fi AC,4.2,36490,72990,50,"26,515 Ratings & 2,683 Reviews",Annual Power Usage: 751.24 WRoom Size: 111 - 150 sqft5 Years Comprehensive Warranty on AC and 10 Years Warranty on Compressor,11,"26,515 Ratings "," 2,683 Reviews",26515,2683,Samsung,1.5,5.0,Split,751.24,111 - 150 sqft
Voltas 2025 Model 1.5 Ton 3 Star Window Fixed Speed Turbo Cooling | Energy Efficient | High ambient Co...,4.2,26890,39590,32,"12,494 Ratings & 1,225 Reviews","Annual Power Usage: 1185.93 UnitsRoom Size: 111 - 150 sqft5 years warranty from the date of installation, (Inverter or Fixed Speed SACs) of Tonnage up to 2.2 Tr (Offer valid till 31st May 2026). It is applicable only for residential usage and does not apply to commercial or National Accounts customers, 5 Years warranty on PCB, 10 Years on Inverter Compressor",11,"12,494 Ratings "," 1,225 Reviews",12494,1225,Voltas,1.5,3.0,Window,1185.93,111 - 150 sqft
IFB 2026 Model 1.5 Ton 5 Star Split Inverter AC,4.2,42990,78990,45,"15,363 Ratings & 1,538 Reviews",Annual Power Usage: 714.38 UnitsRoom Size: 111 - 150 sqft,11,"15,363 Ratings "," 1,538 Reviews",15363,1538,IFB,1.5,5.0,Split,714.38,111 - 150 sqft
Godrej 2024 Model 1.5 Ton 3 Star Hot and Cold Split Inverter AC,4.0,34499,55900,38,"22,727 Ratings & 1,770 Reviews","Annual Power Usage: 905.41 UnitsRoom Size: 111 - 150 sqft5 Years Warranty on Whole Product (Valid on sales post 1 Sep 2024, warranty can be availed after registering on Brand website within 7 days of purchase) and 10 Years Warranty on Compressor",11,"22,727 Ratings "," 1,770 Reviews",22727,1770,Godrej,1.5,3.0,Split,905.41,111 - 150 sqft
"Samsung Bespoke AI 2026 Model 1.5 ton 4 Star Split Inverter with Wi-fi Energy Saving, Voice Control, P...",4.1,38990,82990,53,"6,233 Ratings & 578 Reviews",Annual Power Usage: 713.57 kWhRoom Size: 111 - 150 sqft5 year comprehensive warranty on product and 10 years warranty on compressor,11,"6,233 Ratings ", 578 Reviews,6233,578,Samsung,1.5,4.0,Split,713.57,111 - 150 sqft
CARRIER 2026 Model 1.5 Ton 3 Star Split AI Inverter with Wi-fi Convertible 6-in-1 with Geo-Fencing & V...,4.2,33490,65900,49,"38,222 Ratings & 4,626 Reviews","Annual Power Usage: 854.39 kWhRoom Size: 111 - 150 sqft1 Year Warranty on Product, 5 Years on PCB and 10 Years on the Compressor",11,"38,222 Ratings "," 4,626 Reviews",38222,4626,CARRIER,1.5,3.0,Split,854.39,111 - 150 sqft
IFB 2026 Model 1 Tons 3 Star Split Inverter AC,4.1,30990,50990,39,"2,519 Ratings & 217 Reviews","Annual Power Usage: 596.65 kWhRoom Size: 90 sqft or Below1 Year Warranty on Product, 5 Year Warranty on PCB, 10 Year Warranty on Inverter Compressor",11,"2,519 Ratings ", 217 Reviews,2519,217,IFB,1.0,3.0,Split,596.65,90 sqft
Voltas 2023 Model 2 Ton 2 Star Window Fixed Speed AC,4.0,33279,47990,30,166 Ratings & 10 Reviews,Annual Power Usage: 1542.79 UnitsRoom Size: 151 - 200 sqft1 Year Warranty on Product and 5 Years Warranty on Compressor,11,166 Ratings , 10 Reviews,166,10,Voltas,2.0,2.0,Window,1542.79,151 - 200 sqft
LG 2025 Model 1.5 Ton 5 Star Split AI Dual Inverter AI Convertible 6-in-1 Split with Faster Cooling an...,4.2,42990,78990,45,"46,175 Ratings & 4,255 Reviews","Annual Power Usage: 744.75 kWhRoom Size: 111 - 150 sqft1 Year Warranty on Product,5 year on Pcb and 10 Years Warranty on Compressor",11,"46,175 Ratings "," 4,255 Reviews",46175,4255,LG,1.5,5.0,Split,744.75,111 - 150 sqft
Midea 2026 Model 1.5 Ton 3 Star Split AI Inverter with Wi-fi Convertible 6-in-1 with Turbo Mode for Fa...,4.3,29990,59700,49,"18,604 Ratings & 2,838 Reviews","Annual Power Usage: 854.39 kWhRoom Size: 111 - 150 sqft5 Year Comprehensive Warranty On Product,10 Year Warranty On Compressor",11,"18,604 Ratings "," 2,838 Reviews",18604,2838,Midea,1.5,3.0,Split,854.39,111 - 150 sqft
Whirlpool 2025 Model 1.5 Ton 5 Star Split Inverter AC,4.2,36900,76990,52,"21,787 Ratings & 2,439 Reviews",Room Size: 111 - 150 sqft,11,"21,787 Ratings "," 2,439 Reviews",21787,2439,Whirlpool,1.5,5.0,Split,854.39,111 - 150 sqft
Daikin 2025 Model 1.5 Ton 3 Star Split Fixed Speed Fixed Speed AC,4.2,35490,51250,30,"24,785 Ratings & 1,912 Reviews",Annual Power Usage: 989.31 UnitsRoom Size: 111 - 150 sqft1 Year Warranty on Product and  5 Years Warranty on PCB and 10 Years Warranty on Compressor,11,"24,785 Ratings "," 1,912 Reviews",24785,1912,Daikin,1.5,3.0,Split,989.31,111 - 150 sqft
Godrej 2025 Model 1.5 Ton 5 Star Window Inverter AC,4.0,36090,60990,40,719 Ratings & 67 Reviews,Annual Power Usage: 1111.64 kWhRoom Size: 111 - 150 sqft1 Year Warranty on Product and 10 Years Warranty on Compressor,12,719 Ratings , 67 Reviews,719,67,Godrej,1.5,5.0,Window,1111.64,111 - 150 sqft
Midea 2026 Model 1.5 Ton 5 Star Split AI Inverter with Wi-fi Convertible 6-in-1 with Turbo Mode for Fa...,4.3,37490,69300,45,"3,226 Ratings & 502 Reviews","Annual Power Usage: 663.31 kWhRoom Size: 111 - 150 sqft5 Year Comprehensive Warranty On Product,10 Year Warranty On Compressor",12,"3,226 Ratings ", 502 Reviews,3226,502,Midea,1.5,5.0,Split,663.31,111 - 150 sqft
Voltas 2026 Model 1.5 Ton 3 Star Split Inverter AC,4.2,33990,60990,44,"83,437 Ratings & 7,067 Reviews","Annual Power Usage: 900.94 kWhRoom Size: 111 - 150 sqft1 Year Warranty On Product,10 Years Warranty On Compressor",12,"83,437 Ratings "," 7,067 Reviews",83437,7067,Voltas,1.5,3.0,Split,900.94,111 - 150 sqft
"LG 2025 Model 1.5 Ton 5 Star Split Dual Inverter with Faster Cooling and Energy Saving, AI Convertible...",4.2,42990,78990,45,"46,175 Ratings & 4,255 Reviews",Annual Power Usage: 744.75 kWhRoom Size: 111 - 150 sqft1 Year Manufacturing Warranty on Product,12,"46,175 Ratings "," 4,255 Reviews",46175,4255,LG,1.5,5.0,Split,744.75,111 - 150 sqft
Panasonic 2024 Model 1 Ton 3 Star Split Inverter with Wi-fi 7 in 1 Convertible with True AI Mode AC,4.2,33290,48100,30,"5,369 Ratings & 613 Reviews","Annual Power Usage: 676.64 UnitsRoom Size: 90 sqft or Below5 years on Product and 10 years on Compressor. 5 years warranty covers PCB, Coils and Motors. Gas Charging: Covered for part replacement (Coils & Compressor) till 5 years.",12,"5,369 Ratings ", 613 Reviews,5369,613,Panasonic,1.0,3.0,Split,676.64,90 sqft
Blue Star 2025 Model 1.5 Ton 3 Star Split Inverter with Wi-fi AC,4.1,34490,59200,41,"26,862 Ratings & 2,253 Reviews",Annual Power Usage: 1026.46 UnitsRoom Size: 111 - 150 sqft60 months for those customers who purchase Blue Star Split ACs (Inverter or Fixed Speed SACs) of Tonnage up to 2 Tr from 16th February 2026 to 30th June 2026.,12,"26,862 Ratings "," 2,253 Reviews",26862,2253,Blue,1.5,3.0,Split,1026.46,111 - 150 sqft
Godrej 2025 Model 1 Ton 3 Star Split Inverter 5-In-1-Convertible Cooling with Heavy Duty Cooling At Ex...,4.0,26490,38600,31,"8,298 Ratings & 716 Reviews","Annual Power Usage: 1034 UnitsRoom Size: 90 sqft or Below5 Years Warranty on Whole Product (Valid on sales post 1 Sep 2024, warranty can be availed after registering on Brand website within 7 days of purchase) and 10 Years Warranty on Compressor",12,"8,298 Ratings ", 716 Reviews,8298,716,Godrej,1.0,3.0,Split,1034.0,90 sqft
"CARRIER 2026 Model 1.5 Ton 3 Star Split AI Inverter Convertible 6-in-1 with Smart Energy Display, Inst...",4.2,32490,65500,50,"38,222 Ratings & 4,626 Reviews","Annual Power Usage: 854.39 kWhRoom Size: 111 - 150 sqft1 Year Warranty on Product, 5 Years on PCB and 10 Years on the Compressor",12,"38,222 Ratings "," 4,626 Reviews",38222,4626,CARRIER,1.5,3.0,Split,854.39,111 - 150 sqft
Acer 2025 Model 1.5 Ton 3 Star Split Inverter AC,3.7,28835,45999,37,69 Ratings & 8 Reviews,Annual Power Usage: 964.77 UnitsRoom Size: 111 - 150 sqft1 year comprehensive warranty and 10 years warranty on compressor with gas charging,12,69 Ratings , 8 Reviews,69,8,Acer,1.5,3.0,Split,964.77,111 - 150 sqft
Lloyd 2025 Model 1.5 Ton 5 Star Window Inverter AC,4.0,34290,57990,40,"1,256 Ratings & 156 Reviews",Annual Power Usage: 1103.22 kWhRoom Size: 111 - 150 sqft1 Year warranty on Product,12,"1,256 Ratings ", 156 Reviews,1256,156,Lloyd,1.5,5.0,Window,1103.22,111 - 150 sqft
Panasonic 2024 Model 1 Ton 5 Star Split Inverter with Wi-fi AC,4.2,39000,54100,27,"4,169 Ratings & 452 Reviews","Annual Power Usage: 524.08 UnitsRoom Size: 90 sqft or Below1 Year Comprehensive warranty on Product,
5 Years warranty on PCB & 
10 Years warranty on Compressor",12,"4,169 Ratings ", 452 Reviews,4169,452,Panasonic,1.0,5.0,Split,524.08,90 sqft
Panasonic 2024 Model 1.5 Ton 3 Star Split Inverter with Wi-fi 7 in 1 Convertible with True AI Mode AC,4.1,36990,55400,33,"24,445 Ratings & 2,408 Reviews","Annual Power Usage: 1002.31 UnitsRoom Size: 111 - 150 sqft5 years on Product and 10 years on Compressor. 5 years warranty covers PCB, Coils and Motors. Gas Charging: Covered for part replacement (Coils & Compressor) till 5 years.",12,"24,445 Ratings "," 2,408 Reviews",24445,2408,Panasonic,1.5,3.0,Split,1002.31,111 - 150 sqft
Whirlpool 2026 Model 1.5 Ton 3 Star Split Inverter AC,4.1,32240,57150,43,"30,027 Ratings & 3,540 Reviews","Annual Power Usage: 858.22 kWhRoom Size: 111 - 150 sqft1 year warranty on product, 5 years  warranty on compressor",12,"30,027 Ratings "," 3,540 Reviews",30027,3540,Whirlpool,1.5,3.0,Split,858.22,111 - 150 sqft
Samsung 2025 Model 1.5 Ton 5 Star Split Inverter with Wi-fi AC,4.2,36490,72990,50,"26,515 Ratings & 2,683 Reviews",Annual Power Usage: 751.24 WRoom Size: 111 - 150 sqft5 Years Comprehensive Warranty on AC and 10 Years Warranty on Compressor,12,"26,515 Ratings "," 2,683 Reviews",26515,2683,Samsung,1.5,5.0,Split,751.24,111 - 150 sqft
Voltas 2026 Model 1.5 Ton 3 Star Window Inverter AC,4.2,32999,43990,24,"12,494 Ratings & 1,225 Reviews",Annual Power Usage: 1172.26 kWhRoom Size: 111 - 150 sqft1 year warranty on product,12,"12,494 Ratings "," 1,225 Reviews",12494,1225,Voltas,1.5,3.0,Window,1172.26,111 - 150 sqft
Daikin 2026 Model 1.5 Ton 5 Star Split Inverter AC,4.3,52990,68200,22,"17,218 Ratings & 1,537 Reviews",Annual Power Usage: 678.92 kWhRoom Size: 111 - 150 sqft1 Year Warranty on Product and 10 Years Warranty on Compressor and 5 Years Warranty on PCB,12,"17,218 Ratings "," 1,537 Reviews",17218,1537,Daikin,1.5,5.0,Split,678.92,111 - 150 sqft
"Samsung Bespoke AI 2026 Model 1.5 ton 4 Star Split Inverter with Wi-fi Energy Saving, Voice Control, P...",4.1,38990,82990,53,"6,233 Ratings & 578 Reviews",Annual Power Usage: 713.57 kWhRoom Size: 111 - 150 sqft5 year comprehensive warranty on product and 10 years warranty on compressor,12,"6,233 Ratings ", 578 Reviews,6233,578,Samsung,1.5,4.0,Split,713.57,111 - 150 sqft
CARRIER 2026 Model 1.5 Ton 3 Star Split AI Inverter with Wi-fi Convertible 6-in-1 with Geo-Fencing & V...,4.2,33490,65900,49,"38,222 Ratings & 4,626 Reviews","Annual Power Usage: 854.39 kWhRoom Size: 111 - 150 sqft1 Year Warranty on Product, 5 Years on PCB and 10 Years on the Compressor",12,"38,222 Ratings "," 4,626 Reviews",38222,4626,CARRIER,1.5,3.0,Split,854.39,111 - 150 sqft
"Sharp 2025 Model 1 Ton 3 Star Split Inverter 5 in 1 Convertible7 Stage Health Filters, Turbo Cool Tech...",4.1,22490,49990,55,19 Ratings & 1 Reviews,"Annual Power Usage: 657.31 kWhRoom Size: 90 sqft or Below1 Year Comprehensive Warranty, 5 years on PCB, 10 Years on Compressor",12,19 Ratings , 1 Reviews,19,1,Sharp,1.0,3.0,Split,657.31,90 sqft
Godrej 2025 Model 1.5 Ton 3 Star Split Inverter AC,4.0,32300,45050,28,"22,727 Ratings & 1,770 Reviews","Annual Power Usage: 1003.51 kWhRoom Size: 111 - 150 sqft1 year warranty on product, some variants: 5 year PCB, 10 year compressor",12,"22,727 Ratings "," 1,770 Reviews",22727,1770,Godrej,1.5,3.0,Split,1003.51,111 - 150 sqft
Lloyd 2025 Model 1.5 Ton 5 Star Window Inverter with Wi-fi AC,4.0,37590,59490,36,"1,256 Ratings & 156 Reviews","Annual Power Usage: 1071.29 WRoom Size: 111 - 150 sqft1 Year Warranty on Product, 5 Year Warranty on Component & 10 Year Warranty on Compressor.",12,"1,256 Ratings ", 156 Reviews,1256,156,Lloyd,1.5,5.0,Window,1071.29,111 - 150 sqft
Acer 2025 Model 1.5 Ton 5 Star Split Inverter AC,5.0,31652,54499,41,1 Ratings & 1 Reviews,Annual Power Usage: 769.64 UnitsRoom Size: 111 - 150 sqft1 year comprehensive warranty and 10 years warranty on compressor with gas charging,12,1 Ratings , 1 Reviews,1,1,Acer,1.5,5.0,Split,769.64,111 - 150 sqft
LG 2025 Model 1.5 Ton 5 Star Split AI Dual Inverter AI Convertible 6-in-1 Split with Faster Cooling an...,4.2,42990,78990,45,"46,175 Ratings & 4,255 Reviews","Annual Power Usage: 744.75 kWhRoom Size: 111 - 150 sqft1 Year Warranty on Product,5 year on Pcb and 10 Years Warranty on Compressor",12,"46,175 Ratings "," 4,255 Reviews",46175,4255,LG,1.5,5.0,Split,744.75,111 - 150 sqft
Midea 2026 Model 1.5 Ton 3 Star Split AI Inverter with Wi-fi Convertible 6-in-1 with Turbo Mode for Fa...,4.3,29990,59700,49,"18,604 Ratings & 2,838 Reviews","Annual Power Usage: 854.39 kWhRoom Size: 111 - 150 sqft5 Year Comprehensive Warranty On Product,10 Year Warranty On Compressor",12,"18,604 Ratings "," 2,838 Reviews",18604,2838,Midea,1.5,3.0,Split,854.39,111 - 150 sqft
"Panasonic 2026 Model 1 Ton 3 Star Split Inverter with Wi-fi Smart, DustBuster Tech, Matter Enabled, AI...",4.2,32990,47500,30,"5,369 Ratings & 613 Reviews","Annual Power Usage: 593.89 kWhRoom Size: 90 sqft or Below1 Year Comprehensive warranty on Product,
5 Years warranty on PCB & 
10 Years warranty on Compressor",13,"5,369 Ratings ", 613 Reviews,5369,613,Panasonic,1.0,3.0,Split,593.89,90 sqft
Voltas 2022 Model 1.5 Ton 3 Star Window Fixed Speed AC,4.2,31999,41900,23,"12,494 Ratings & 1,225 Reviews",Annual Power Usage: 1185.93 UnitsRoom Size: 111 - 150 sqft1 Year Comprehensive Warranty on Product and Additional 4 Years Warranty on Compressor,13,"12,494 Ratings "," 1,225 Reviews",12494,1225,Voltas,1.5,3.0,Window,1185.93,111 - 150 sqft
Voltas 2026 Model 1.5 Ton 3 Star Split Inverter AC,4.2,33990,60990,44,"83,437 Ratings & 7,067 Reviews","Annual Power Usage: 900.94 kWhRoom Size: 111 - 150 sqft1 Year Warranty On Product,10 Years Warranty On Compressor",13,"83,437 Ratings "," 7,067 Reviews",83437,7067,Voltas,1.5,3.0,Split,900.94,111 - 150 sqft
"LG 2025 Model 1.5 Ton 5 Star Split Dual Inverter with Faster Cooling and Energy Saving, AI Convertible...",4.2,42990,78990,45,"46,175 Ratings & 4,255 Reviews",Annual Power Usage: 744.75 kWhRoom Size: 111 - 150 sqft1 Year Manufacturing Warranty on Product,13,"46,175 Ratings "," 4,255 Reviews",46175,4255,LG,1.5,5.0,Split,744.75,111 - 150 sqft
Whirlpool 2024 Model 1.5 Ton 3 Star Split Inverter AC,4.1,29290,37200,21,"30,027 Ratings & 3,540 Reviews",Annual Power Usage: 941.42 UnitsRoom Size: 111 - 150 sqft,13,"30,027 Ratings "," 3,540 Reviews",30027,3540,Whirlpool,1.5,3.0,Split,941.42,111 - 150 sqft
Lloyd 2025 Model 1.5 Ton 3 Star Split Inverter AC,4.1,35258,55900,36,"20,599 Ratings & 2,180 Reviews","Annual Power Usage: 990.77 kWhRoom Size: 111 - 150 sqft1 Year Comprehensive Warranty on Product, 5 Year Warranty on Component and 10 Years Warranty on Compressor",13,"20,599 Ratings "," 2,180 Reviews",20599,2180,Lloyd,1.5,3.0,Split,990.77,111 - 150 sqft
Hitachi 2026 Model 1 Ton 3 Star Split Inverter AC,3.9,31990,54990,41,"2,394 Ratings & 305 Reviews","Annual Power Usage: 632.61 kWhRoom Size: 90 sqft or Below1 Year Warranty On Product, 5 Year Warranty on PCB & 10 Year Warranty on Compressor.",13,"2,394 Ratings ", 305 Reviews,2394,305,Hitachi,1.0,3.0,Split,632.61,90 sqft
Godrej 2025 Model 1 Ton 3 Star Split Inverter 5-In-1-Convertible Cooling with Heavy Duty Cooling At Ex...,4.0,26490,38600,31,"8,298 Ratings & 716 Reviews","Annual Power Usage: 1034 UnitsRoom Size: 90 sqft or Below5 Years Warranty on Whole Product (Valid on sales post 1 Sep 2024, warranty can be availed after registering on Brand website within 7 days of purchase) and 10 Years Warranty on Compressor",13,"8,298 Ratings ", 716 Reviews,8298,716,Godrej,1.0,3.0,Split,1034.0,90 sqft
"CARRIER 2026 Model 1.5 Ton 3 Star Split AI Inverter Convertible 6-in-1 with Smart Energy Display, Inst...",4.2,32490,65500,50,"38,222 Ratings & 4,626 Reviews","Annual Power Usage: 854.39 kWhRoom Size: 111 - 150 sqft1 Year Warranty on Product, 5 Years on PCB and 10 Years on the Compressor",13,"38,222 Ratings "," 4,626 Reviews",38222,4626,CARRIER,1.5,3.0,Split,854.39,111 - 150 sqft
Lloyd 2025 Model 1.5 Ton 5 Star Split Inverter AC,4.1,30490,60990,50,"11,881 Ratings & 1,355 Reviews","Annual Power Usage: 715.07 UnitsRoom Size: 111 - 150 sqft1 Year Warranty on Product, 5 Year Warranty on Component & 10 Year Warranty on Compressor.",13,"11,881 Ratings "," 1,355 Reviews",11881,1355,Lloyd,1.5,5.0,Split,715.07,111 - 150 sqft
Whirlpool 2026 Model 1.5 Ton 3 Star Split Inverter AC,4.1,32240,57150,43,"30,027 Ratings & 3,540 Reviews","Annual Power Usage: 858.22 kWhRoom Size: 111 - 150 sqft1 year warranty on product, 5 years  warranty on compressor",13,"30,027 Ratings "," 3,540 Reviews",30027,3540,Whirlpool,1.5,3.0,Split,858.22,111 - 150 sqft
Samsung 2025 Model 1.5 Ton 5 Star Split Inverter with Wi-fi AC,4.2,36490,72990,50,"26,515 Ratings & 2,683 Reviews",Annual Power Usage: 751.24 WRoom Size: 111 - 150 sqft5 Years Comprehensive Warranty on AC and 10 Years Warranty on Compressor,13,"26,515 Ratings "," 2,683 Reviews",26515,2683,Samsung,1.5,5.0,Split,751.24,111 - 150 sqft
Sharp 2025 Model 1.5 Ton 3 Star Split Inverter 7 in 1 Convertible7 Stage Health Filters AC,4.0,26490,54990,51,38 Ratings & 4 Reviews,Annual Power Usage: 993.57 kWhRoom Size: 111 - 150 sqft1 Year Basic Warranty,13,38 Ratings , 4 Reviews,38,4,Sharp,1.5,3.0,Split,993.57,111 - 150 sqft
IFB 2026 Model 1.5 Ton 5 Star Split Inverter AC,4.2,47990,78990,39,"15,363 Ratings & 1,538 Reviews",Annual Power Usage: 714.3 UnitsRoom Size: 111 - 150 sqft5 Year Machine Warranty,13,"15,363 Ratings "," 1,538 Reviews",15363,1538,IFB,1.5,5.0,Split,714.3,111 - 150 sqft
Voltas 2026 Model 1.5 Ton 3 Star Split Inverter AC,4.2,36999,54990,32,"83,437 Ratings & 7,067 Reviews",Annual Power Usage: 918.84 kWhRoom Size: 111 - 150 sqft,13,"83,437 Ratings "," 7,067 Reviews",83437,7067,Voltas,1.5,3.0,Split,918.84,111 - 150 sqft
"Samsung Bespoke AI 2026 Model 1.5 ton 4 Star Split Inverter with Wi-fi Energy Saving, Voice Control, P...",4.1,38990,82990,53,"6,233 Ratings & 578 Reviews",Annual Power Usage: 713.57 kWhRoom Size: 111 - 150 sqft5 year comprehensive warranty on product and 10 years warranty on compressor,13,"6,233 Ratings ", 578 Reviews,6233,578,Samsung,1.5,4.0,Split,713.57,111 - 150 sqft
CARRIER 2026 Model 1.5 Ton 3 Star Split AI Inverter with Wi-fi Convertible 6-in-1 with Geo-Fencing & V...,4.2,33490,65900,49,"38,222 Ratings & 4,626 Reviews","Annual Power Usage: 854.39 kWhRoom Size: 111 - 150 sqft1 Year Warranty on Product, 5 Years on PCB and 10 Years on the Compressor",13,"38,222 Ratings "," 4,626 Reviews",38222,4626,CARRIER,1.5,3.0,Split,854.39,111 - 150 sqft
"TCL 2025 Model 1.5 Ton 3 Star Split Inverter 5 Step Convetible with Powerful Turbo cooling, Energy sav...",4.0,24490,52991,53,"1,461 Ratings & 168 Reviews","Annual Power Usage: 993.57 UnitsRoom Size: 111 - 150 sqft1Year Comprehensive, PCB 5 Year and Compressor 10Year",13,"1,461 Ratings ", 168 Reviews,1461,168,TCL,1.5,3.0,Split,993.57,111 - 150 sqft
Voltas 2026 Model 1 Ton 2 Star Window Inverter AC,3.7,28499,32999,13,79 Ratings & 11 Reviews,Annual Power Usage: 774.11 UnitsRoom Size: 90 sqft or Below1 Year Comprehensive Warranty,13,79 Ratings , 11 Reviews,79,11,Voltas,1.0,2.0,Window,774.11,90 sqft
LG 2025 Model 1.5 Ton 5 Star Split AI Dual Inverter AI Convertible 6-in-1 Split with Faster Cooling an...,4.2,42990,78990,45,"46,175 Ratings & 4,255 Reviews","Annual Power Usage: 744.75 kWhRoom Size: 111 - 150 sqft1 Year Warranty on Product,5 year on Pcb and 10 Years Warranty on Compressor",13,"46,175 Ratings "," 4,255 Reviews",46175,4255,LG,1.5,5.0,Split,744.75,111 - 150 sqft
Midea 2026 Model 1.5 Ton 3 Star Split AI Inverter with Wi-fi Convertible 6-in-1 with Turbo Mode for Fa...,4.3,29990,59700,49,"18,604 Ratings & 2,838 Reviews","Annual Power Usage: 854.39 kWhRoom Size: 111 - 150 sqft5 Year Comprehensive Warranty On Product,10 Year Warranty On Compressor",13,"18,604 Ratings "," 2,838 Reviews",18604,2838,Midea,1.5,3.0,Split,854.39,111 - 150 sqft
Lloyd 2025 Model 1.5 Ton 3 Star Split Inverter AC,4.1,35258,55900,36,"20,599 Ratings & 2,180 Reviews","Annual Power Usage: 990.77 kWhRoom Size: 111 - 150 sqft1 Year Comprehensive Warranty on Product, 5 Year Warranty on Component and 10 Years Warranty on Compressor",14,"20,599 Ratings "," 2,180 Reviews",20599,2180,Lloyd,1.5,3.0,Split,990.77,111 - 150 sqft
Whirlpool 2024 Model 1.5 Ton 3 Star Split Inverter AC,4.1,29290,37200,21,"30,027 Ratings & 3,540 Reviews",Annual Power Usage: 941.42 UnitsRoom Size: 111 - 150 sqft,14,"30,027 Ratings "," 3,540 Reviews",30027,3540,Whirlpool,1.5,3.0,Split,941.42,111 - 150 sqft
LG 2021 Model 1.5 Ton 5 Star Split Inverter AC,4.2,34419,66990,48,"46,175 Ratings & 4,255 Reviews","Annual Power Usage: 520 UnitsRoom Size: 111 - 150 sqft1 Year on Product, 1 Year on Condenser and 10 Years on Compressor from LG",14,"46,175 Ratings "," 4,255 Reviews",46175,4255,LG,1.5,5.0,Split,520.0,111 - 150 sqft
Daikin 2024 Model 1.5 Ton 3 Star Split Inverter AC,4.2,42282,56100,24,"24,785 Ratings & 1,912 Reviews","Annual Power Usage: 966.47 kWhRoom Size: 111 - 150 sqft1 Year Comprehensive Warranty on AC ,5 Years Warranty on PCB, 10 Years Warranty on Compressor",14,"24,785 Ratings "," 1,912 Reviews",24785,1912,Daikin,1.5,3.0,Split,966.47,111 - 150 sqft
MarQ by Flipkart 2023 Model 0.7 Ton 3 Star Split Inverter with Turbo Cool Technology AC,4.2,25999,44449,41,"1,440 Ratings & 174 Reviews",Annual Power Usage: 530.44 UnitsRoom Size: 90 sqft or Below1 Year Warranty on Product and 10 Years Warranty on Compressor,14,"1,440 Ratings ", 174 Reviews,1440,174,MarQ,0.7,3.0,Split,530.44,90 sqft
Hitachi 2026 Model 1.5 Ton 3 Star Split Inverter AC,4.0,37990,62990,39,"10,460 Ratings & 1,257 Reviews","Annual Power Usage: 864.39 kWhRoom Size: 111 - 150 sqft1 Year Warranty On Product, 5 Year Warranty on PCB & 10 Year Warranty on Compressor.",14,"10,460 Ratings "," 1,257 Reviews",10460,1257,Hitachi,1.5,3.0,Split,864.39,111 - 150 sqft
Godrej 2023 Model 2 Ton 3 Star Split Inverter With Heavy Duty Cooling at Extreme Temperature AC,3.9,39999,60772,34,"2,151 Ratings & 134 Reviews","Annual Power Usage: 1183.2 UnitsRoom Size: 151 - 200 sqft5 Years Warranty on Whole Product (Valid on sales post 1 Sep 2024, warranty can be availed after registering on Brand website within 7 days of purchase) and 10 Years Warranty on Compressor",14,"2,151 Ratings ", 134 Reviews,2151,134,Godrej,2.0,3.0,Split,1183.2,151 - 200 sqft
"TCL 2026 Model 1.5 Ton 5 Star Split Inverter 7 Step Convertible with Powerful and Fast cooling, 4 Ways...",3.6,33990,71991,52,247 Ratings & 44 Reviews,"Annual Power Usage: 688.04 kWhRoom Size: 111 - 150 sqft1 year warranty on product,5 Years on PCB and 10 Years on the Compressor",14,247 Ratings , 44 Reviews,247,44,TCL,1.5,5.0,Split,688.04,111 - 150 sqft
Godrej 2024 Model 1.5 Ton 5 Star Split Inverter 5-In-1 Convertible with Heavy Duty Cooling at Extreme ...,4.0,36000,56500,36,"12,566 Ratings & 1,206 Reviews","Annual Power Usage: 728.37 UnitsRoom Size: 111 - 150 sqft5 Years Warranty on Whole Product (Valid on sales post 1 Sep 2024, warranty can be availed after registering on Brand website within 30 days of purchase) and 10 Years Warranty on Compressor",14,"12,566 Ratings "," 1,206 Reviews",12566,1206,Godrej,1.5,5.0,Split,728.37,111 - 150 sqft
Lloyd 2024 Model 1 Ton 3 Star Split Inverter AC,4.0,29448,50329,41,"5,114 Ratings & 551 Reviews","Annual Power Usage: 700.06 UnitsRoom Size: 90 sqft or Below1 Year Warranty on Product, 5 Year Warranty on Component & 10 Year Warranty on Compressor.",14,"5,114 Ratings ", 551 Reviews,5114,551,Lloyd,1.0,3.0,Split,700.06,90 sqft
Whirlpool 2025 Model 1.5 Ton 3 Star Split Inverter AC,4.1,29990,57155,47,"30,027 Ratings & 3,540 Reviews","Annual Power Usage: 941.42 kWhRoom Size: 111 - 150 sqft1 Year Warranty On Product, 5 Year Warranty On Compressor",14,"30,027 Ratings "," 3,540 Reviews",30027,3540,Whirlpool,1.5,3.0,Split,941.42,111 - 150 sqft
Blue Star 2025 Model 1.5 Ton 5 Star Split Inverter with Wi-fi AC,4.1,40990,69100,40,"15,220 Ratings & 1,237 Reviews",Annual Power Usage: 783.33 kWhRoom Size: 111 - 150 sqft60 months for those customers who purchase Blue Star Split ACs (Inverter or Fixed Speed SACs) of Tonnage up to 2 Tr from 16th February 2026 to 30th June 2026.,14,"15,220 Ratings "," 1,237 Reviews",15220,1237,Blue,1.5,5.0,Split,783.33,111 - 150 sqft
Voltas 2026 Model 1.5 Ton 5 Star Window Inverter AC,4.3,36990,49000,24,"8,589 Ratings & 892 Reviews",Room Size: 111 - 150 sqft,14,"8,589 Ratings ", 892 Reviews,8589,892,Voltas,1.5,5.0,Window,854.39,111 - 150 sqft
"LG 2025 Model 2 Ton 3 Star Split AI Dual Inverter AI Convertible 6-in-1, with Faster Cooling and Energ...",4.1,47990,95990,50,"1,559 Ratings & 116 Reviews","Annual Power Usage: 1218.49 WRoom Size: 151 - 200 sqft1 Year Comprehensive Warranty on Product, 5 Year on PCB and Motor & 10 Year on Compressor (Free Gas charging during comprehensive warranty period only)",14,"1,559 Ratings ", 116 Reviews,1559,116,LG,2.0,3.0,Split,1218.49,151 - 200 sqft
LG 2025 Model 1 Ton 5 Star Split AI Dual Inverter AI Convertible 6-in-1 Split with Faster Cooling and ...,4.1,36990,69990,47,"7,602 Ratings & 794 Reviews","Annual Power Usage: 515.84 kWhRoom Size: 90 sqft or Below1 Year Warranty on Product,5 year on Pcb and 10 Years Warranty on Compressor",14,"7,602 Ratings ", 794 Reviews,7602,794,LG,1.0,5.0,Split,515.84,90 sqft
Lloyd 2022 Model 1 Ton 5 Star Split Inverter AC,4.0,31490,58990,46,"1,286 Ratings & 110 Reviews",Annual Power Usage: 533.89 UnitsRoom Size: 90 sqft or Below1 Year Comprehensive Warranty on Product and 10 Years Warranty on Compressor,14,"1,286 Ratings ", 110 Reviews,1286,110,Lloyd,1.0,5.0,Split,533.89,90 sqft
Voltas 2022 Model 1.5 Ton 3 Star Window Inverter AC,4.2,28599,45999,37,"12,494 Ratings & 1,225 Reviews",Annual Power Usage: 1204.98 UnitsRoom Size: 111 - 150 sqft1 Year Warranty on Product and 10 Years Warranty on Compressor,14,"12,494 Ratings "," 1,225 Reviews",12494,1225,Voltas,1.5,3.0,Window,1204.98,111 - 150 sqft
Voltas 2022 Model 1.5 Ton 2 Star Split Fixed Speed AC,4.2,35899,42990,16,823 Ratings & 107 Reviews,Annual Power Usage: 1122.45 UnitsRoom Size: 111 - 150 sqft1 Year Comprehensive Warranty On Product,14,823 Ratings , 107 Reviews,823,107,Voltas,1.5,2.0,Split,1122.45,111 - 150 sqft
Godrej 2023 Model 1.5 Ton 5 Star Split Inverter AC,4.0,34009,60500,43,"12,566 Ratings & 1,206 Reviews",Annual Power Usage: 765.86 UnitsRoom Size: 111 - 150 sqft1 Year Warranty on Product and 10 Years Warranty on Compressor,14,"12,566 Ratings "," 1,206 Reviews",12566,1206,Godrej,1.5,5.0,Split,765.86,111 - 150 sqft
"Godrej 2025 Model 1.5 Ton 3 Star Split Inverter AI Powered, 5-In-1 Convertible, Heavy Duty Cooling At ...",4.0,29490,45900,35,"22,727 Ratings & 1,770 Reviews","Annual Power Usage: 983.99 kWhRoom Size: 111 - 150 sqft5 Years Warranty on Whole Product (Valid on sales post 1 Sep 2024, warranty can be availed after registering on Brand website within 7 days of purchase) and 10 Years Warranty on Compressor",14,"22,727 Ratings "," 1,770 Reviews",22727,1770,Godrej,1.5,3.0,Split,983.99,111 - 150 sqft
Haier 2024 Model 1 Ton 3 Star Split Triple Inverter AC,3.8,32500,58500,44,"3,318 Ratings & 266 Reviews",Annual Power Usage: 697.66 UnitsRoom Size: 90 sqft or Below1 Year Warranty on Product and 10 Years Warranty on Compressor,14,"3,318 Ratings ", 266 Reviews,3318,266,Haier,1.0,3.0,Split,697.66,90 sqft
"LG 2026 Model 1 tons 4 Star Split Dual Inverter Faster Cooling and Energy Saving, AI Convertible 6-in-...",3.8,37690,68990,45,206 Ratings & 30 Reviews,"Annual Power Usage: 515.84 kWhRoom Size: 90 sqft or BelowManufacturer Warranty: 1 Year Comprehensive on Product, 5 Year on PCB and Motor & 10 Year on Compressor (*Free Gas charging during comprehensive period only .",14,206 Ratings , 30 Reviews,206,30,LG,1.5,4.0,Split,515.84,90 sqft
Godrej 2024 Model 1.5 Ton 3 Star Split Inverter AC,4.0,28855,47900,39,"22,727 Ratings & 1,770 Reviews","Annual Power Usage: 1003.51 UnitsRoom Size: 111 - 150 sqft1 Year Warranty on the Product, 5 Years Warranty on PCB and 10 Years Warranty on Compressor",14,"22,727 Ratings "," 1,770 Reviews",22727,1770,Godrej,1.5,3.0,Split,1003.51,111 - 150 sqft
Whirlpool 2019 Model 1 Ton 5 Star Split Inverter AC,4.1,31990,51750,38,"6,185 Ratings & 748 Reviews","Annual Power Usage: 560.34 UnitsRoom Size: 90 sqft or Below1 Year on Product, 1 Year on Condenser and 10 Years on Compressor",14,"6,185 Ratings ", 748 Reviews,6185,748,Whirlpool,1.0,5.0,Split,560.34,90 sqft
Voltas 2026 Model 1.5 Ton 3 Star Split Inverter AC,4.2,33990,60990,44,"83,437 Ratings & 7,067 Reviews","Annual Power Usage: 900.94 kWhRoom Size: 111 - 150 sqft1 Year Warranty On Product,10 Years Warranty On Compressor",15,"83,437 Ratings "," 7,067 Reviews",83437,7067,Voltas,1.5,3.0,Split,900.94,111 - 150 sqft
"LG 2025 Model 1.5 Ton 5 Star Split Dual Inverter with Faster Cooling and Energy Saving, AI Convertible...",4.2,42990,78990,45,"46,175 Ratings & 4,255 Reviews",Annual Power Usage: 744.75 kWhRoom Size: 111 - 150 sqft1 Year Manufacturing Warranty on Product,15,"46,175 Ratings "," 4,255 Reviews",46175,4255,LG,1.5,5.0,Split,744.75,111 - 150 sqft
Blue Star 2025 Model 1.5 Ton 5 Star Split Inverter with Wi-fi AC,4.1,40990,69100,40,"15,220 Ratings & 1,237 Reviews",Annual Power Usage: 783.33 kWhRoom Size: 111 - 150 sqft60 months for those customers who purchase Blue Star Split ACs (Inverter or Fixed Speed SACs) of Tonnage up to 2 Tr from 16th February 2026 to 30th June 2026.,15,"15,220 Ratings "," 1,237 Reviews",15220,1237,Blue,1.5,5.0,Split,783.33,111 - 150 sqft
Haier Kinouchi Pro 2025 Model 1.5 Ton 5 Star Split Inverter with Wi-fi AC,4.0,40990,78200,47,"3,274 Ratings & 351 Reviews",Annual Power Usage: 836.95 kWhRoom Size: 111 - 150 sqft5 years on the product and 12 years on the compressor (1-year warranty card in the box + 4-year promotional warranty auto activated post-installation).,15,"3,274 Ratings ", 351 Reviews,3274,351,Haier,1.5,5.0,Split,836.95,111 - 150 sqft
Godrej 2025 Model 1 Ton 3 Star Split Inverter 5-In-1-Convertible Cooling with Heavy Duty Cooling At Ex...,4.0,26490,38600,31,"8,298 Ratings & 716 Reviews","Annual Power Usage: 1034 UnitsRoom Size: 90 sqft or Below5 Years Warranty on Whole Product (Valid on sales post 1 Sep 2024, warranty can be availed after registering on Brand website within 7 days of purchase) and 10 Years Warranty on Compressor",15,"8,298 Ratings ", 716 Reviews,8298,716,Godrej,1.0,3.0,Split,1034.0,90 sqft
"CARRIER 2026 Model 1.5 Ton 3 Star Split AI Inverter Convertible 6-in-1 with Smart Energy Display, Inst...",4.2,32490,65500,50,"38,222 Ratings & 4,626 Reviews","Annual Power Usage: 854.39 kWhRoom Size: 111 - 150 sqft1 Year Warranty on Product, 5 Years on PCB and 10 Years on the Compressor",15,"38,222 Ratings "," 4,626 Reviews",38222,4626,CARRIER,1.5,3.0,Split,854.39,111 - 150 sqft
"Godrej 2026 Model 1.5 Ton 4 Star Split Inverter 5-In-1 Convertible Cooling, 2 Way Air Swing and Heavy ...",3.9,34990,50600,30,"11,102 Ratings & 811 Reviews",Annual Power Usage: 728.31 kWhRoom Size: 111 - 150 sqft5 year warranty on whole product and 10 years warranty on compressor (Applicable on purchase after Sept 2024 and warranty can be availed after registering on brand website within 30 days of purchase),15,"11,102 Ratings ", 811 Reviews,11102,811,Godrej,1.5,4.0,Split,728.31,111 - 150 sqft
MarQ by Flipkart 2023 Model 0.7 Ton 3 Star Split Inverter with Turbo Cool Technology AC,4.2,25999,44449,41,"1,440 Ratings & 174 Reviews",Annual Power Usage: 530.44 UnitsRoom Size: 90 sqft or Below1 Year Warranty on Product and 10 Years Warranty on Compressor,15,"1,440 Ratings ", 174 Reviews,1440,174,MarQ,0.7,3.0,Split,530.44,90 sqft
Godrej 2026 Model 1.5 Ton 5 Star Split Inverter AC,4.0,37549,54690,31,"12,566 Ratings & 1,206 Reviews",Annual Power Usage: 657.81 UnitsRoom Size: 111 - 150 sqft,15,"12,566 Ratings "," 1,206 Reviews",12566,1206,Godrej,1.5,5.0,Split,657.81,111 - 150 sqft
Whirlpool 2026 Model 1.5 Ton 3 Star Split Inverter AC,4.1,32240,57150,43,"30,027 Ratings & 3,540 Reviews","Annual Power Usage: 858.22 kWhRoom Size: 111 - 150 sqft1 year warranty on product, 5 years  warranty on compressor",15,"30,027 Ratings "," 3,540 Reviews",30027,3540,Whirlpool,1.5,3.0,Split,858.22,111 - 150 sqft
Samsung 2025 Model 1.5 Ton 5 Star Split Inverter with Wi-fi AC,4.2,36490,72990,50,"26,515 Ratings & 2,683 Reviews",Annual Power Usage: 751.24 WRoom Size: 111 - 150 sqft5 Years Comprehensive Warranty on AC and 10 Years Warranty on Compressor,15,"26,515 Ratings "," 2,683 Reviews",26515,2683,Samsung,1.5,5.0,Split,751.24,111 - 150 sqft
Voltas 2025 Model 2 Ton 3 Star Split Inverter 4-IN-1 Adjustable Mode | Energy Efficient | High Ambient...,4.1,49490,79990,38,"1,788 Ratings & 157 Reviews","Annual Power Usage: 1207.93 UnitsRoom Size: 151 - 200 sqft5 years warranty from the date of installation, (Inverter or Fixed Speed SACs) of Tonnage up to 2.2 Tr (Offer valid till 31st May 2026). It is applicable only for residential usage and does not apply to commercial or National Accounts customers, 5 Years warranty on PCB, 10 Years on Inverter Compressor",15,"1,788 Ratings ", 157 Reviews,1788,157,Voltas,2.0,3.0,Split,1207.93,151 - 200 sqft
Whirlpool 2026 Model 1.5 Ton 3 Star Split Inverter AC,4.1,29199,57660,49,"30,027 Ratings & 3,540 Reviews","Annual Power Usage: 858.22 kWhRoom Size: 111 - 150 sqft1 Year Comprehensive Warranty, 10 Years Compressor Warranty, 5 Years PCB Warranty",15,"30,027 Ratings "," 3,540 Reviews",30027,3540,Whirlpool,1.5,3.0,Split,858.22,111 - 150 sqft
"Samsung Bespoke AI 2026 Model 1.5 ton 4 Star Split Inverter with Wi-fi Energy Saving, Voice Control, P...",4.1,38990,82990,53,"6,233 Ratings & 578 Reviews",Annual Power Usage: 713.57 kWhRoom Size: 111 - 150 sqft5 year comprehensive warranty on product and 10 years warranty on compressor,15,"6,233 Ratings ", 578 Reviews,6233,578,Samsung,1.5,4.0,Split,713.57,111 - 150 sqft
CARRIER 2026 Model 1.5 Ton 3 Star Split AI Inverter with Wi-fi Convertible 6-in-1 with Geo-Fencing & V...,4.2,33490,65900,49,"38,222 Ratings & 4,626 Reviews","Annual Power Usage: 854.39 kWhRoom Size: 111 - 150 sqft1 Year Warranty on Product, 5 Years on PCB and 10 Years on the Compressor",15,"38,222 Ratings "," 4,626 Reviews",38222,4626,CARRIER,1.5,3.0,Split,854.39,111 - 150 sqft
"LG 2025 Model 1.5 Ton 5 Star Split Dual Inverter with Wi-fi with Energy Manger Plus, Voice Control, Hi...",4.2,43990,84990,48,"46,175 Ratings & 4,255 Reviews",Annual Power Usage: 744.75 kWhRoom Size: 111 - 150 sqft1 Year Manufacturing Warranty on Product,15,"46,175 Ratings "," 4,255 Reviews",46175,4255,LG,1.5,5.0,Split,744.75,111 - 150 sqft
Godrej 2024 Model 1.5 Ton 5 Star Split Inverter AC,4.0,34990,50600,30,"12,566 Ratings & 1,206 Reviews","Annual Power Usage: 736.11 UnitsRoom Size: 111 - 150 sqft1 Year Warranty on Product, 5 Years Warranty on PCB and 10 Years Warranty on Compressor",15,"12,566 Ratings "," 1,206 Reviews",12566,1206,Godrej,1.5,5.0,Split,736.11,111 - 150 sqft
Hisense 2025 Model 1 Ton 3 Star Split Inverter AC,4.1,25990,39630,34,483 Ratings & 89 Reviews,"Annual Power Usage: 675.7 kWhRoom Size: 90 sqft or Below5 Year* Comprehensive warranty on product, 5 year on PCB, 10 Year on Compressor",15,483 Ratings , 89 Reviews,483,89,Hisense,1.0,3.0,Split,675.7,90 sqft
Daikin 2024 Model 1.5 Ton 3 Star Split Inverter AC,4.2,36900,53640,31,"24,785 Ratings & 1,912 Reviews","Annual Power Usage: 966.47 UnitsRoom Size: 111 - 150 sqft1 Year Comprehensive Warranty on Product, 5 Years Warranty on PCB, and 10 Years Warranty on Compressor",15,"24,785 Ratings "," 1,912 Reviews",24785,1912,Daikin,1.5,3.0,Split,966.47,111 - 150 sqft
LG 2025 Model 1.5 Ton 5 Star Split AI Dual Inverter AI Convertible 6-in-1 Split with Faster Cooling an...,4.2,42990,78990,45,"46,175 Ratings & 4,255 Reviews","Annual Power Usage: 744.75 kWhRoom Size: 111 - 150 sqft1 Year Warranty on Product,5 year on Pcb and 10 Years Warranty on Compressor",15,"46,175 Ratings "," 4,255 Reviews",46175,4255,LG,1.5,5.0,Split,744.75,111 - 150 sqft
Midea 2026 Model 1.5 Ton 3 Star Split AI Inverter with Wi-fi Convertible 6-in-1 with Turbo Mode for Fa...,4.3,29990,59700,49,"18,604 Ratings & 2,838 Reviews","Annual Power Usage: 854.39 kWhRoom Size: 111 - 150 sqft5 Year Comprehensive Warranty On Product,10 Year Warranty On Compressor",15,"18,604 Ratings "," 2,838 Reviews",18604,2838,Midea,1.5,3.0,Split,854.39,111 - 150 sqft
Blue Star 2024 Model 1.5 Ton 5 Star Split Inverter AC,4.1,45763,74250,38,"15,220 Ratings & 1,237 Reviews","Annual Power Usage: 774.88 UnitsRoom Size: 111 - 150 sqft1 Year Warranty on Product, 10 Years Warranty on Inverter Compressor and 5 Years Warranty on PCB",15,"15,220 Ratings "," 1,237 Reviews",15220,1237,Blue,1.5,5.0,Split,774.88,111 - 150 sqft
Voltas 2026 Model 1.5 Ton 3 Star Split Inverter AC,4.2,33990,60990,44,"83,437 Ratings & 7,067 Reviews","Annual Power Usage: 900.94 kWhRoom Size: 111 - 150 sqft1 Year Warranty On Product,10 Years Warranty On Compressor",16,"83,437 Ratings "," 7,067 Reviews",83437,7067,Voltas,1.5,3.0,Split,900.94,111 - 150 sqft
"LG 2025 Model 1.5 Ton 5 Star Split Dual Inverter with Faster Cooling and Energy Saving, AI Convertible...",4.2,42990,78990,45,"46,175 Ratings & 4,255 Reviews",Annual Power Usage: 744.75 kWhRoom Size: 111 - 150 sqft1 Year Manufacturing Warranty on Product,16,"46,175 Ratings "," 4,255 Reviews",46175,4255,LG,1.5,5.0,Split,744.75,111 - 150 sqft
Kenstar 2026 Model 1.5 Ton 5 Star Split Inverter 5-in-1 Convertible with Rapid Cool Technology AC,3.4,32999,59999,45,5 Ratings & 0 Reviews,"Annual Power Usage: 656.35 kWhRoom Size: 111 - 150 sqft1 Year warranty  on Product,5 years on PCB and 10 Years Warranty on Compressor",16,5 Ratings , 0 Reviews,5,0,Kenstar,1.5,5.0,Split,656.35,111 - 150 sqft
Whirlpool 2019 Model 1 Ton 5 Star Split Inverter AC,4.1,31990,51750,38,"6,185 Ratings & 748 Reviews","Annual Power Usage: 560.34 UnitsRoom Size: 90 sqft or Below1 Year on Product, 1 Year on Condenser and 10 Years on Compressor",16,"6,185 Ratings ", 748 Reviews,6185,748,Whirlpool,1.0,5.0,Split,560.34,90 sqft
Godrej 2025 Model 1.5 Ton 3 Star Window Fixed Speed AC,4.0,28639,43534,34,"2,193 Ratings & 161 Reviews",Annual Power Usage: 1203.74 UnitsRoom Size: 111 - 150 sqft1 Year Comprehensive Warranty on Product and 5 Years Warranty on Compressor,16,"2,193 Ratings ", 161 Reviews,2193,161,Godrej,1.5,3.0,Window,1203.74,111 - 150 sqft
Sansui 2023 Model 1.5 Ton Split Inverter AC,2.3,32450,57500,43,3 Ratings & 0 Reviews,Room Size: 111 - 150 sqft,16,3 Ratings , 0 Reviews,3,0,Sansui,1.5,3.0,Split,854.39,111 - 150 sqft
Godrej 2025 Model 1 Ton 3 Star Split Inverter 5-In-1-Convertible Cooling with Heavy Duty Cooling At Ex...,4.0,26490,38600,31,"8,298 Ratings & 716 Reviews","Annual Power Usage: 1034 UnitsRoom Size: 90 sqft or Below5 Years Warranty on Whole Product (Valid on sales post 1 Sep 2024, warranty can be availed after registering on Brand website within 7 days of purchase) and 10 Years Warranty on Compressor",16,"8,298 Ratings ", 716 Reviews,8298,716,Godrej,1.0,3.0,Split,1034.0,90 sqft
"CARRIER 2026 Model 1.5 Ton 3 Star Split AI Inverter Convertible 6-in-1 with Smart Energy Display, Inst...",4.2,32490,65500,50,"38,222 Ratings & 4,626 Reviews","Annual Power Usage: 854.39 kWhRoom Size: 111 - 150 sqft1 Year Warranty on Product, 5 Years on PCB and 10 Years on the Compressor",16,"38,222 Ratings "," 4,626 Reviews",38222,4626,CARRIER,1.5,3.0,Split,854.39,111 - 150 sqft
Godrej 2025 Model 1.5 Ton 5 Star Split Inverter AC,4.0,35988,54900,34,"12,566 Ratings & 1,206 Reviews","Annual Power Usage: 736.46 kWhRoom Size: 111 - 150 sqft1 year warranty on product, 5 year PCB, 10 year compressor",16,"12,566 Ratings "," 1,206 Reviews",12566,1206,Godrej,1.5,5.0,Split,736.46,111 - 150 sqft
Voltas 2023 Model 1.5 Ton 5 Star Split Inverter AC,4.2,38890,75990,48,"41,002 Ratings & 3,819 Reviews",Annual Power Usage: 759.07 UnitsRoom Size: 111 - 150 sqft1 Year Warranty on Product and 10 Years Warranty on Compressor,16,"41,002 Ratings "," 3,819 Reviews",41002,3819,Voltas,1.5,5.0,Split,759.07,111 - 150 sqft
Whirlpool 2026 Model 1.5 Ton 3 Star Split Inverter AC,4.1,32240,57150,43,"30,027 Ratings & 3,540 Reviews","Annual Power Usage: 858.22 kWhRoom Size: 111 - 150 sqft1 year warranty on product, 5 years  warranty on compressor",16,"30,027 Ratings "," 3,540 Reviews",30027,3540,Whirlpool,1.5,3.0,Split,858.22,111 - 150 sqft
Samsung 2025 Model 1.5 Ton 5 Star Split Inverter with Wi-fi AC,4.2,36490,72990,50,"26,515 Ratings & 2,683 Reviews",Annual Power Usage: 751.24 WRoom Size: 111 - 150 sqft5 Years Comprehensive Warranty on AC and 10 Years Warranty on Compressor,16,"26,515 Ratings "," 2,683 Reviews",26515,2683,Samsung,1.5,5.0,Split,751.24,111 - 150 sqft
"LG 2023 Model 1.5 Ton 4 Star Split Inverter 4 Way Swing, HD Filter with Anti-Virus Protection AC",4.1,78799,81999,3,"2,038 Ratings & 222 Reviews","Annual Power Usage: 837.55 UnitsRoom Size: 111 - 150 sqft1 Year Warranty on Product, 5 Years Warranty on PCB and 10 Years Warranty on Compressor with Gas Charging (T&C)",16,"2,038 Ratings ", 222 Reviews,2038,222,LG,1.5,4.0,Split,837.55,111 - 150 sqft
Blue Star 2022 Model 1.5 Ton 3 Star Split Inverter AC,4.1,37500,61500,39,"26,862 Ratings & 2,253 Reviews",Annual Power Usage: 998.07 UnitsRoom Size: 111 - 150 sqft1 Year on Product and 10 Years on Compressor,16,"26,862 Ratings "," 2,253 Reviews",26862,2253,Blue,1.5,3.0,Split,998.07,111 - 150 sqft
"Blue Star 2023 Model 1.5 Ton 3 Star Split Inverter with Wi-fi WiFi Inverter AC Multi Sensors, Stabaliz...",4.1,38500,60500,36,"26,862 Ratings & 2,253 Reviews",Annual Power Usage: 998.07 UnitsRoom Size: 111 - 150 sqft1 Year on Product and 10 Years Warranty on Compressor,16,"26,862 Ratings "," 2,253 Reviews",26862,2253,Blue,1.5,3.0,Split,998.07,111 - 150 sqft
Midea 2026 Model 1 Ton 5 Star Split AI Inverter with Wi-fi Convertible 6-in-1 with Turbo Mode for Fast...,4.2,32990,59700,44,248 Ratings & 41 Reviews,"Annual Power Usage: 470.04 kWhRoom Size: 90 sqft or Below5 Year Comprehensive Warranty On Product,10 Year Warranty On Compressor",16,248 Ratings , 41 Reviews,248,41,Midea,1.0,5.0,Split,470.04,90 sqft
"Samsung Bespoke AI 2026 Model 1.5 ton 4 Star Split Inverter with Wi-fi Energy Saving, Voice Control, P...",4.1,38990,82990,53,"6,233 Ratings & 578 Reviews",Annual Power Usage: 713.57 kWhRoom Size: 111 - 150 sqft5 year comprehensive warranty on product and 10 years warranty on compressor,16,"6,233 Ratings ", 578 Reviews,6233,578,Samsung,1.5,4.0,Split,713.57,111 - 150 sqft
CARRIER 2026 Model 1.5 Ton 3 Star Split AI Inverter with Wi-fi Convertible 6-in-1 with Geo-Fencing & V...,4.2,33490,65900,49,"38,222 Ratings & 4,626 Reviews","Annual Power Usage: 854.39 kWhRoom Size: 111 - 150 sqft1 Year Warranty on Product, 5 Years on PCB and 10 Years on the Compressor",16,"38,222 Ratings "," 4,626 Reviews",38222,4626,CARRIER,1.5,3.0,Split,854.39,111 - 150 sqft
Voltas 2022 Model 1 Ton 5 Star Split Inverter AC,4.1,50818,63990,20,"2,331 Ratings & 256 Reviews",Annual Power Usage: 542.35 UnitsRoom Size: 90 sqft or Below1 Year Warranty on Product and 10 Years Warranty on Compressor,16,"2,331 Ratings ", 256 Reviews,2331,256,Voltas,1.0,5.0,Split,542.35,90 sqft
Daikin 2022 Model 1.8 Ton 1 Star Split Fixed Speed AC,4.2,56340,61600,8,38 Ratings & 1 Reviews,Annual Power Usage: 1435.97 UnitsRoom Size: 151 - 200 sqft1 Year Warranty on Product and 5 Years on Compressor,16,38 Ratings , 1 Reviews,38,1,Daikin,1.8,1.0,Split,1435.97,151 - 200 sqft
LG 2025 Model 1.5 Ton 5 Star Split AI Dual Inverter AI Convertible 6-in-1 Split with Faster Cooling an...,4.2,42990,78990,45,"46,175 Ratings & 4,255 Reviews","Annual Power Usage: 744.75 kWhRoom Size: 111 - 150 sqft1 Year Warranty on Product,5 year on Pcb and 10 Years Warranty on Compressor",16,"46,175 Ratings "," 4,255 Reviews",46175,4255,LG,1.5,5.0,Split,744.75,111 - 150 sqft
Midea 2026 Model 1.5 Ton 3 Star Split AI Inverter with Wi-fi Convertible 6-in-1 with Turbo Mode for Fa...,4.3,29990,59700,49,"18,604 Ratings & 2,838 Reviews","Annual Power Usage: 854.39 kWhRoom Size: 111 - 150 sqft5 Year Comprehensive Warranty On Product,10 Year Warranty On Compressor",16,"18,604 Ratings "," 2,838 Reviews",18604,2838,Midea,1.5,3.0,Split,854.39,111 - 150 sqft
CANDY 2023 Model 1.5 Ton 5 Star Window Inverter AC,4.7,33990,48000,29,35 Ratings & 3 Reviews,Annual Power Usage: 1095.38 UnitsRoom Size: 111 - 150 sqft1 year on Product and 10 Year on compressor,16,35 Ratings , 3 Reviews,35,3,CANDY,1.5,5.0,Window,1095.38,111 - 150 sqft
MITSUBISHI HEAVY INDUSTRIES 2025 Model 1.5 Ton 3 Star Split Hyper Inverter Hyper Inverter AC AC,3.5,47990,61500,21,17 Ratings & 0 Reviews,"Annual Power Usage: 989.94 kWhRoom Size: 111 - 150 sqft1 Year Warranty on Product ,1 year warranty on PCB and 5 Years Warranty on Compressor",16,17 Ratings , 0 Reviews,17,0,MITSUBISHI,1.5,3.0,Split,989.94,111 - 150 sqft
Godrej 2024 Model 1 Ton 3 Star Split Inverter i-sense Technology with Blue Fin Anti Corrosive Coating ...,4.0,27890,42300,34,"8,298 Ratings & 716 Reviews","Annual Power Usage: 694.03 UnitsRoom Size: 90 sqft or Below5 Years Warranty on Whole Product (Valid on sales post 1 Sep 2024, warranty can be availed after registering on Brand website within 30 days of purchase) and 10 Years Warranty on Compressor",17,"8,298 Ratings ", 716 Reviews,8298,716,Godrej,1.0,3.0,Split,694.03,90 sqft
Godrej 2025 Model 2.5 Ton 3 Star Split Inverter 5-In-1-Convertible Cooling with 4 Way Air Swing and He...,3.9,44490,62650,28,309 Ratings & 29 Reviews,"Annual Power Usage: 1330.81 Units5 Years Warranty on Whole Product (Valid on sales post 1 Sep 2024, warranty can be availed after registering on Brand website within 7 days of purchase) and 10 Years Warranty on Compressor",17,309 Ratings , 29 Reviews,309,29,Godrej,2.5,3.0,Split,1330.81,111 - 150 sqft
Voltas 2026 Model 1.5 Ton 3 Star Split Inverter AC,4.2,33990,60990,44,"83,437 Ratings & 7,067 Reviews","Annual Power Usage: 900.94 kWhRoom Size: 111 - 150 sqft1 Year Warranty On Product,10 Years Warranty On Compressor",17,"83,437 Ratings "," 7,067 Reviews",83437,7067,Voltas,1.5,3.0,Split,900.94,111 - 150 sqft
"LG 2025 Model 1.5 Ton 5 Star Split Dual Inverter with Faster Cooling and Energy Saving, AI Convertible...",4.2,42990,78990,45,"46,175 Ratings & 4,255 Reviews",Annual Power Usage: 744.75 kWhRoom Size: 111 - 150 sqft1 Year Manufacturing Warranty on Product,17,"46,175 Ratings "," 4,255 Reviews",46175,4255,LG,1.5,5.0,Split,744.75,111 - 150 sqft
Voltas 2026 Model 1.5 Ton 3 Star Split Inverter AC,4.2,36990,54990,32,"83,437 Ratings & 7,067 Reviews",Room Size: 111 - 150 sqft,17,"83,437 Ratings "," 7,067 Reviews",83437,7067,Voltas,1.5,3.0,Split,854.39,111 - 150 sqft
Samsung 2026 Model 1.5 Ton 5 Star Split Inverter with Wi-fi AC,4.2,50490,91990,45,"26,515 Ratings & 2,683 Reviews","Annual Power Usage: 636.71 kWhRoom Size: 111 - 150 sqftManufacturer warranty: 5 year comprehensive, 10 years on compressor (T&C Apply)",17,"26,515 Ratings "," 2,683 Reviews",26515,2683,Samsung,1.5,5.0,Split,636.71,111 - 150 sqft
Godrej 2025 Model 1 Ton 3 Star Split Inverter 5-In-1-Convertible Cooling with Heavy Duty Cooling At Ex...,4.0,26490,38600,31,"8,298 Ratings & 716 Reviews","Annual Power Usage: 1034 UnitsRoom Size: 90 sqft or Below5 Years Warranty on Whole Product (Valid on sales post 1 Sep 2024, warranty can be availed after registering on Brand website within 7 days of purchase) and 10 Years Warranty on Compressor",17,"8,298 Ratings ", 716 Reviews,8298,716,Godrej,1.0,3.0,Split,1034.0,90 sqft
"CARRIER 2026 Model 1.5 Ton 3 Star Split AI Inverter Convertible 6-in-1 with Smart Energy Display, Inst...",4.2,32490,65500,50,"38,222 Ratings & 4,626 Reviews","Annual Power Usage: 854.39 kWhRoom Size: 111 - 150 sqft1 Year Warranty on Product, 5 Years on PCB and 10 Years on the Compressor",17,"38,222 Ratings "," 4,626 Reviews",38222,4626,CARRIER,1.5,3.0,Split,854.39,111 - 150 sqft
"Panasonic 2024 Model 1.5 Ton 5 Star Split Inverter with Wi-fi 7 in 1 Convertible with True AI Mode, Ma...",4.2,35490,67100,47,"22,111 Ratings & 2,346 Reviews","Annual Power Usage: 774.19 UnitsRoom Size: 111 - 150 sqft1 Year Warranty on Product, 5 Years Warranty on PCB and 5 Years Warranty on ODU Casing and 10 Years Warranty on Compressor",17,"22,111 Ratings "," 2,346 Reviews",22111,2346,Panasonic,1.5,5.0,Split,774.19,111 - 150 sqft
Voltas 2025 Model 1.5 Ton 3 Star Window Inverter AC,4.2,29816,43999,32,"12,494 Ratings & 1,225 Reviews",Annual Power Usage: 1204.98 kWhRoom Size: 111 - 150 sqft1 Year Warranty on Product and 10 Years Warranty on Compressor,17,"12,494 Ratings "," 1,225 Reviews",12494,1225,Voltas,1.5,3.0,Window,1204.98,111 - 150 sqft
Whirlpool 2019 Model 1.5 Ton 5 Star Split Inverter AC,4.2,36450,64400,43,"21,787 Ratings & 2,439 Reviews","Annual Power Usage: 859.31 UnitsRoom Size: 111 - 150 sqft1 Year on Product, 1 Year on Condenser and 10 Years on Compressor",17,"21,787 Ratings "," 2,439 Reviews",21787,2439,Whirlpool,1.5,5.0,Split,859.31,111 - 150 sqft
Hitachi 2024 Model 1.5 Ton 5 Star Window Inverter AC,4.1,39590,49000,19,"2,897 Ratings & 327 Reviews",Annual Power Usage: 1069.33 WRoom Size: 111 - 150 sqft1 Year Warranty on Product and 10 Years Warranty on Compressor,17,"2,897 Ratings ", 327 Reviews,2897,327,Hitachi,1.5,5.0,Window,1069.33,111 - 150 sqft
Whirlpool 2026 Model 1.5 Ton 3 Star Split Inverter AC,4.1,32240,57150,43,"30,027 Ratings & 3,540 Reviews","Annual Power Usage: 858.22 kWhRoom Size: 111 - 150 sqft1 year warranty on product, 5 years  warranty on compressor",17,"30,027 Ratings "," 3,540 Reviews",30027,3540,Whirlpool,1.5,3.0,Split,858.22,111 - 150 sqft
"Samsung Bespoke AI 2026 Model 1.5 ton 4 Star Split Inverter with Wi-fi Energy Saving, Voice Control, P...",4.1,38990,82990,53,"6,233 Ratings & 578 Reviews",Annual Power Usage: 713.57 kWhRoom Size: 111 - 150 sqft5 year comprehensive warranty on product and 10 years warranty on compressor,17,"6,233 Ratings ", 578 Reviews,6233,578,Samsung,1.5,4.0,Split,713.57,111 - 150 sqft
Daikin 2022 Model 1.5 Ton 4 Star Split Inverter AC,4.1,35886,58400,38,953 Ratings & 106 Reviews,Annual Power Usage: 966.47 UnitsRoom Size: 111 - 150 sqft1 Year Comprehensive Warranty on Product and 10 Years on Compressor,17,953 Ratings , 106 Reviews,953,106,Daikin,1.5,4.0,Split,966.47,111 - 150 sqft
Godrej 2024 Model 1.5 Ton 3 Star Split Inverter 5-in-1 Convertible Cooling i-sense Technology with Blu...,4.0,32999,46900,29,"22,727 Ratings & 1,770 Reviews","Annual Power Usage: 980.37 UnitsRoom Size: 111 - 150 sqft5 Years Warranty on Whole Product (Valid on sales post 1 Sep 2024, warranty can be availed after registering on Brand website within 30 days of purchase) and 10 Years Warranty on Compressor",17,"22,727 Ratings "," 1,770 Reviews",22727,1770,Godrej,1.5,3.0,Split,980.37,111 - 150 sqft
CARRIER 2026 Model 1.5 Ton 3 Star Split AI Inverter with Wi-fi Convertible 6-in-1 with Geo-Fencing & V...,4.2,33490,65900,49,"38,222 Ratings & 4,626 Reviews","Annual Power Usage: 854.39 kWhRoom Size: 111 - 150 sqft1 Year Warranty on Product, 5 Years on PCB and 10 Years on the Compressor",17,"38,222 Ratings "," 4,626 Reviews",38222,4626,CARRIER,1.5,3.0,Split,854.39,111 - 150 sqft
LG 2025 Model 1.5 Ton 5 Star Split AI Dual Inverter AI Convertible 6-in-1 Split with Faster Cooling an...,4.2,42990,78990,45,"46,175 Ratings & 4,255 Reviews","Annual Power Usage: 744.75 kWhRoom Size: 111 - 150 sqft1 Year Warranty on Product,5 year on Pcb and 10 Years Warranty on Compressor",17,"46,175 Ratings "," 4,255 Reviews",46175,4255,LG,1.5,5.0,Split,744.75,111 - 150 sqft
Midea 2023 Model 1.5 Ton 5 Star Split Inverter with Wi-fi HD Filter with 2 Way Air Directional Control...,4.3,28490,68990,58,"3,226 Ratings & 502 Reviews",Annual Power Usage: 754.05 UnitsRoom Size: 111 - 150 sqft1 Year Warranty on Product and 10 Years Warranty on Compressor,17,"3,226 Ratings ", 502 Reviews,3226,502,Midea,1.5,5.0,Split,754.05,111 - 150 sqft
Blue Star 2026 Model 1.5 Ton 2 Star Split Fixed Speed AC,4.3,41490,50700,18,93 Ratings & 11 Reviews,Annual Power Usage: 1072.14 kWhRoom Size: 111 - 150 sqft1 Year Warranty on the Product is Limited to Manufacturing Defects Only and 5 Years warranty on compressor.,17,93 Ratings , 11 Reviews,93,11,Blue,1.5,2.0,Split,1072.14,111 - 150 sqft
Panasonic 2022 Model 1.5 Ton 5 Star Split Inverter with Wi-fi AC,4.2,29990,59400,49,"22,111 Ratings & 2,346 Reviews","Annual Power Usage: 840.75 UnitsRoom Size: 111 - 150 sqft1 Year Comprehensive Warranty, 5 Years on PCB and 10 Years on Compressor",17,"22,111 Ratings "," 2,346 Reviews",22111,2346,Panasonic,1.5,5.0,Split,840.75,111 - 150 sqft
Hitachi 2026 Model 1.5 Ton 5 Star Split Inverter AC,4.0,44990,77990,42,"5,094 Ratings & 705 Reviews","Annual Power Usage: 690.72 kWhRoom Size: 111 - 150 sqft1 Year Warranty On Product, 5 Year Warranty on PCB & 10 Year Warranty on Compressor.",17,"5,094 Ratings ", 705 Reviews,5094,705,Hitachi,1.5,5.0,Split,690.72,111 - 150 sqft
"Godrej 2025 Model 1.5 Ton 5 Star Split Inverter AI Powered, 5-In-1 Convertible, Heavy Duty Cooling At ...",4.0,33490,50600,33,"12,566 Ratings & 1,206 Reviews","Annual Power Usage: 736.46 kWhRoom Size: 111 - 150 sqft5 year warranty on whole product, 10 years warranty on compressor , Warranty can be availed after registering on Brand website within 7 days of purchase.",17,"12,566 Ratings "," 1,206 Reviews",12566,1206,Godrej,1.5,5.0,Split,736.46,111 - 150 sqft
Midea 2026 Model 1.5 Ton 3 Star Split AI Inverter with Wi-fi Convertible 6-in-1 with Turbo Mode for Fa...,4.3,29990,59700,49,"18,604 Ratings & 2,838 Reviews","Annual Power Usage: 854.39 kWhRoom Size: 111 - 150 sqft5 Year Comprehensive Warranty On Product,10 Year Warranty On Compressor",17,"18,604 Ratings "," 2,838 Reviews",18604,2838,Midea,1.5,3.0,Split,854.39,111 - 150 sqft
Lloyd Stellar 2025 Model 1.5 Ton 5 Star Split Inverter with Wi-fi Stellar 6 in 1 Convertible Mood Ligh...,4.1,56990,82490,30,"11,881 Ratings & 1,355 Reviews","Annual Power Usage: 752.72 UnitsRoom Size: 111 - 150 sqft1 Year Warranty on Product, 5 Year Warranty on Component & 10 Year Warranty on Compressor.",18,"11,881 Ratings "," 1,355 Reviews",11881,1355,Lloyd,1.5,5.0,Split,752.72,111 - 150 sqft
Lloyd 2024 Model 1.5 Ton 5 Star Split Inverter AC,4.1,35790,67990,47,"11,881 Ratings & 1,355 Reviews","Annual Power Usage: 715.07 UnitsRoom Size: 111 - 150 sqft1 Year Warranty on Product, 5 Year Warranty on Component & 10 Year Warranty on Compressor.",18,"11,881 Ratings "," 1,355 Reviews",11881,1355,Lloyd,1.5,5.0,Split,715.07,111 - 150 sqft
Voltas 2026 Model 1.5 Ton 3 Star Split Inverter AC,4.2,33990,60990,44,"83,437 Ratings & 7,067 Reviews","Annual Power Usage: 900.94 kWhRoom Size: 111 - 150 sqft1 Year Warranty On Product,10 Years Warranty On Compressor",18,"83,437 Ratings "," 7,067 Reviews",83437,7067,Voltas,1.5,3.0,Split,900.94,111 - 150 sqft
"LG 2025 Model 1.5 Ton 5 Star Split Dual Inverter with Faster Cooling and Energy Saving, AI Convertible...",4.2,42990,78990,45,"46,175 Ratings & 4,255 Reviews",Annual Power Usage: 744.75 kWhRoom Size: 111 - 150 sqft1 Year Manufacturing Warranty on Product,18,"46,175 Ratings "," 4,255 Reviews",46175,4255,LG,1.5,5.0,Split,744.75,111 - 150 sqft
IFB 2024 Model 2 Ton 3 Star Split Inverter with Wi-fi 7 Stage Air Treatment AC,4.2,48500,70500,31,"1,194 Ratings & 115 Reviews","Annual Power Usage: 1248.28 UnitsRoom Size: 151 - 200 sqft1 Year Warranty on Product, 5 Years Warranty on PCB and 10 Years Warranty on Compressor",18,"1,194 Ratings ", 115 Reviews,1194,115,IFB,2.0,3.0,Split,1248.28,151 - 200 sqft
Blue Star 2023 Model 1 Ton 3 Star Split Inverter AC,4.0,28272,51750,45,"4,839 Ratings & 434 Reviews",Annual Power Usage: 705.78 UnitsRoom Size: 90 sqft or Below1 Year Warranty on Product and 10 Years Warranty on Compressor,18,"4,839 Ratings ", 434 Reviews,4839,434,Blue,1.0,3.0,Split,705.78,90 sqft
Whirlpool 2023 Model 1 Ton 3 Star Split Fixed Speed AC,4.1,28990,38000,23,"10,799 Ratings & 1,227 Reviews",Annual Power Usage: 980 UnitsRoom Size: 90 sqft or Below1 year comprehensive+5year on compressor,18,"10,799 Ratings "," 1,227 Reviews",10799,1227,Whirlpool,1.0,3.0,Split,980.0,90 sqft
Haier 2025 Model 1 Ton 5 Star Split HEXA Inverter with Wi-fi AC,3.9,36990,62900,41,618 Ratings & 82 Reviews,Annual Power Usage: 465.89 kWhRoom Size: 90 sqft or Below5 years on the product and 12 years on the compressor (1-year warranty card in the box + 4-year promotional warranty auto activated post-installation).,18,618 Ratings , 82 Reviews,618,82,Haier,1.0,5.0,Split,465.89,90 sqft
Godrej 2025 Model 1 Ton 3 Star Split Inverter 5-In-1-Convertible Cooling with Heavy Duty Cooling At Ex...,4.0,26490,38600,31,"8,298 Ratings & 716 Reviews","Annual Power Usage: 1034 UnitsRoom Size: 90 sqft or Below5 Years Warranty on Whole Product (Valid on sales post 1 Sep 2024, warranty can be availed after registering on Brand website within 7 days of purchase) and 10 Years Warranty on Compressor",18,"8,298 Ratings ", 716 Reviews,8298,716,Godrej,1.0,3.0,Split,1034.0,90 sqft
"CARRIER 2026 Model 1.5 Ton 3 Star Split AI Inverter Convertible 6-in-1 with Smart Energy Display, Inst...",4.2,32490,65500,50,"38,222 Ratings & 4,626 Reviews","Annual Power Usage: 854.39 kWhRoom Size: 111 - 150 sqft1 Year Warranty on Product, 5 Years on PCB and 10 Years on the Compressor",18,"38,222 Ratings "," 4,626 Reviews",38222,4626,CARRIER,1.5,3.0,Split,854.39,111 - 150 sqft
Hitachi 2023 Model 1.5 Ton 3 Star Split Fixed Speed Soft dry Silent Air Ambience Light R 32 AC,4.0,33044,56300,41,"10,460 Ratings & 1,257 Reviews",Annual Power Usage: 1039.62 UnitsRoom Size: 111 - 150 sqft1 Year Warranty on Product and  5 Years Warranty on Compressor,18,"10,460 Ratings "," 1,257 Reviews",10460,1257,Hitachi,1.5,3.0,Split,1039.62,111 - 150 sqft
Daikin 2022 Model 1.5 Ton 3 Star Hot and Cold Split Inverter AC,4.2,28990,61300,52,"24,785 Ratings & 1,912 Reviews",Annual Power Usage: 881.05 UnitsRoom Size: 111 - 150 sqft1 Year Warranty on Product and  5 Years Warranty on PCB and 10 Years Warranty on Compressor,18,"24,785 Ratings "," 1,912 Reviews",24785,1912,Daikin,1.5,3.0,Split,881.05,111 - 150 sqft
Whirlpool 2026 Model 1.5 Ton 3 Star Split Inverter AC,4.1,32240,57150,43,"30,027 Ratings & 3,540 Reviews","Annual Power Usage: 858.22 kWhRoom Size: 111 - 150 sqft1 year warranty on product, 5 years  warranty on compressor",18,"30,027 Ratings "," 3,540 Reviews",30027,3540,Whirlpool,1.5,3.0,Split,858.22,111 - 150 sqft
Samsung 2025 Model 1.5 Ton 5 Star Split Inverter with Wi-fi AC,4.2,36490,72990,50,"26,515 Ratings & 2,683 Reviews",Annual Power Usage: 751.24 WRoom Size: 111 - 150 sqft5 Years Comprehensive Warranty on AC and 10 Years Warranty on Compressor,18,"26,515 Ratings "," 2,683 Reviews",26515,2683,Samsung,1.5,5.0,Split,751.24,111 - 150 sqft
Daikin 2022 Model 1 Ton 3 Star Split Inverter AC,4.1,31990,48200,33,"4,844 Ratings & 409 Reviews",Annual Power Usage: 68.4 UnitsRoom Size: 90 sqft or Below1 Year Comprehensive Warranty on AC and 10 Years Warranty on Compressor,18,"4,844 Ratings ", 409 Reviews,4844,409,Daikin,1.0,3.0,Split,68.4,90 sqft
Daikin 2025 Model 1.5 Ton 3 Star Split Inverter AC,4.2,34490,53830,35,"24,785 Ratings & 1,912 Reviews",Annual Power Usage: 966.47 UnitsRoom Size: 111 - 150 sqft1 Year Warranty on Product and  5 Years Warranty on PCB and 10 Years Warranty on Compressor,18,"24,785 Ratings "," 1,912 Reviews",24785,1912,Daikin,1.5,3.0,Split,966.47,111 - 150 sqft
"Panasonic 2024 Model 1.5 Ton 5 Star Split Inverter with Wi-fi 7 in 1 Convertible with True AI Mode, Ma...",4.2,35490,67100,47,"22,111 Ratings & 2,346 Reviews","Annual Power Usage: 774.19 UnitsRoom Size: 111 - 150 sqft1 Year Warranty on Product, 5 Years Warranty on PCB and 5 Years Warranty on ODU Casing and 10 Years Warranty on Compressor",18,"22,111 Ratings "," 2,346 Reviews",22111,2346,Panasonic,1.5,5.0,Split,774.19,111 - 150 sqft
"Samsung Bespoke AI 2026 Model 1.5 ton 4 Star Split Inverter with Wi-fi Energy Saving, Voice Control, P...",4.1,38990,82990,53,"6,233 Ratings & 578 Reviews",Annual Power Usage: 713.57 kWhRoom Size: 111 - 150 sqft5 year comprehensive warranty on product and 10 years warranty on compressor,18,"6,233 Ratings ", 578 Reviews,6233,578,Samsung,1.5,4.0,Split,713.57,111 - 150 sqft
CARRIER 2026 Model 1.5 Ton 3 Star Split AI Inverter with Wi-fi Convertible 6-in-1 with Geo-Fencing & V...,4.2,33490,65900,49,"38,222 Ratings & 4,626 Reviews","Annual Power Usage: 854.39 kWhRoom Size: 111 - 150 sqft1 Year Warranty on Product, 5 Years on PCB and 10 Years on the Compressor",18,"38,222 Ratings "," 4,626 Reviews",38222,4626,CARRIER,1.5,3.0,Split,854.39,111 - 150 sqft
Blue Star 23 Model 1.5 Ton 3 Star Split Turbo AC,4.1,36845,63625,42,"26,862 Ratings & 2,253 Reviews",Room Size: 111 - 150 sqft,18,"26,862 Ratings "," 2,253 Reviews",26862,2253,Blue,1.5,3.0,Split,854.39,111 - 150 sqft
Whirlpool 2026 Model 1 Ton 3 Star Split Inverter AC,4.1,28990,57950,49,"10,799 Ratings & 1,227 Reviews",Room Size: 90 sqft or Below,18,"10,799 Ratings "," 1,227 Reviews",10799,1227,Whirlpool,1.0,3.0,Split,854.39,90 sqft
LG 2025 Model 1.5 Ton 5 Star Split AI Dual Inverter AI Convertible 6-in-1 Split with Faster Cooling an...,4.2,42990,78990,45,"46,175 Ratings & 4,255 Reviews","Annual Power Usage: 744.75 kWhRoom Size: 111 - 150 sqft1 Year Warranty on Product,5 year on Pcb and 10 Years Warranty on Compressor",18,"46,175 Ratings "," 4,255 Reviews",46175,4255,LG,1.5,5.0,Split,744.75,111 - 150 sqft
Midea 2026 Model 1.5 Ton 3 Star Split AI Inverter with Wi-fi Convertible 6-in-1 with Turbo Mode for Fa...,4.3,29990,59700,49,"18,604 Ratings & 2,838 Reviews","Annual Power Usage: 854.39 kWhRoom Size: 111 - 150 sqft5 Year Comprehensive Warranty On Product,10 Year Warranty On Compressor",18,"18,604 Ratings "," 2,838 Reviews",18604,2838,Midea,1.5,3.0,Split,854.39,111 - 150 sqft
Hitachi 2023 Model 1.5 Ton 3 Star Split Fixed Speed Soft dry Silent Air Ambience Light R 32 AC,4.0,33044,56300,41,"10,460 Ratings & 1,257 Reviews",Annual Power Usage: 1039.62 UnitsRoom Size: 111 - 150 sqft1 Year Warranty on Product and  5 Years Warranty on Compressor,19,"10,460 Ratings "," 1,257 Reviews",10460,1257,Hitachi,1.5,3.0,Split,1039.62,111 - 150 sqft
Haier 2025 Model 1.6 Ton 5 Star Split Inverter AC,4.2,42990,79000,45,171 Ratings & 15 Reviews,Annual Power Usage: 836.95 WRoom Size: 151 - 200 sqft5 Year Comprehensive Warranty,19,171 Ratings , 15 Reviews,171,15,Haier,1.6,5.0,Split,836.95,151 - 200 sqft
Blue Star 2025 Model 2 Ton 3 Star Window Inverter AC,3.8,39590,50700,21,168 Ratings & 13 Reviews,Annual Power Usage: 1464.72 kWhRoom Size: 151 - 200 sqftWarranty of the Product is Limited to Manufacturing Defects Only,19,168 Ratings , 13 Reviews,168,13,Blue,2.0,3.0,Window,1464.72,151 - 200 sqft
Voltas 2026 Model 1.5 Ton 3 Star Split Inverter AC,4.2,33990,60990,44,"83,437 Ratings & 7,067 Reviews","Annual Power Usage: 900.94 kWhRoom Size: 111 - 150 sqft1 Year Warranty On Product,10 Years Warranty On Compressor",19,"83,437 Ratings "," 7,067 Reviews",83437,7067,Voltas,1.5,3.0,Split,900.94,111 - 150 sqft
"LG 2025 Model 1.5 Ton 5 Star Split Dual Inverter with Faster Cooling and Energy Saving, AI Convertible...",4.2,42990,78990,45,"46,175 Ratings & 4,255 Reviews",Annual Power Usage: 744.75 kWhRoom Size: 111 - 150 sqft1 Year Manufacturing Warranty on Product,19,"46,175 Ratings "," 4,255 Reviews",46175,4255,LG,1.5,5.0,Split,744.75,111 - 150 sqft
Daikin 2025 Model 1.5 Ton 3 Star Split Inverter AC,4.2,34490,53830,35,"24,785 Ratings & 1,912 Reviews",Annual Power Usage: 966.47 UnitsRoom Size: 111 - 150 sqft1 Year Warranty on Product and  5 Years Warranty on PCB and 10 Years Warranty on Compressor,19,"24,785 Ratings "," 1,912 Reviews",24785,1912,Daikin,1.5,3.0,Split,966.47,111 - 150 sqft
Godrej 2025 Model 1 Ton 3 Star Split Inverter 5-In-1-Convertible Cooling with Heavy Duty Cooling At Ex...,4.0,26490,38600,31,"8,298 Ratings & 716 Reviews","Annual Power Usage: 1034 UnitsRoom Size: 90 sqft or Below5 Years Warranty on Whole Product (Valid on sales post 1 Sep 2024, warranty can be availed after registering on Brand website within 7 days of purchase) and 10 Years Warranty on Compressor",19,"8,298 Ratings ", 716 Reviews,8298,716,Godrej,1.0,3.0,Split,1034.0,90 sqft
"CARRIER 2026 Model 1.5 Ton 3 Star Split AI Inverter Convertible 6-in-1 with Smart Energy Display, Inst...",4.2,32490,65500,50,"38,222 Ratings & 4,626 Reviews","Annual Power Usage: 854.39 kWhRoom Size: 111 - 150 sqft1 Year Warranty on Product, 5 Years on PCB and 10 Years on the Compressor",19,"38,222 Ratings "," 4,626 Reviews",38222,4626,CARRIER,1.5,3.0,Split,854.39,111 - 150 sqft
Blue Star 23 Model 1.5 Ton 3 Star Split Turbo AC,4.1,36845,63625,42,"26,862 Ratings & 2,253 Reviews",Room Size: 111 - 150 sqft,19,"26,862 Ratings "," 2,253 Reviews",26862,2253,Blue,1.5,3.0,Split,854.39,111 - 150 sqft
Whirlpool 2026 Model 1 Ton 3 Star Split Inverter AC,4.1,28990,57950,49,"10,799 Ratings & 1,227 Reviews",Room Size: 90 sqft or Below,19,"10,799 Ratings "," 1,227 Reviews",10799,1227,Whirlpool,1.0,3.0,Split,854.39,90 sqft
"IFB 2025 Model 2 Ton 3 Star Split Inverter with Hybrid Technology, Works upto 55 DegreeC, 4-Way Swing,...",4.2,43500,82490,47,"1,194 Ratings & 115 Reviews","Annual Power Usage: 1252.53 WRoom Size: 151 - 200 sqft1 Year Warranty on Product,  5 Years Warranty on PCB and 10 Years Warranty on Compressor",19,"1,194 Ratings ", 115 Reviews,1194,115,IFB,2.0,3.0,Split,1252.53,151 - 200 sqft
Whirlpool 2026 Model 1.5 Ton 3 Star Split Inverter AC,4.1,32240,57150,43,"30,027 Ratings & 3,540 Reviews","Annual Power Usage: 858.22 kWhRoom Size: 111 - 150 sqft1 year warranty on product, 5 years  warranty on compressor",19,"30,027 Ratings "," 3,540 Reviews",30027,3540,Whirlpool,1.5,3.0,Split,858.22,111 - 150 sqft
"Samsung Bespoke AI 2026 Model 1.5 ton 4 Star Split Inverter with Wi-fi Energy Saving, Voice Control, P...",4.1,38990,82990,53,"6,233 Ratings & 578 Reviews",Annual Power Usage: 713.57 kWhRoom Size: 111 - 150 sqft5 year comprehensive warranty on product and 10 years warranty on compressor,19,"6,233 Ratings ", 578 Reviews,6233,578,Samsung,1.5,4.0,Split,713.57,111 - 150 sqft
"Haier 2023 Model 1.5 Ton 5 Star Split Dual Inverter with Micro Bacterial Filter, 54 High Ambient Perfo...",4.0,40490,71000,42,"3,274 Ratings & 351 Reviews",Annual Power Usage: 925.24 UnitsRoom Size: 111 - 150 sqft5 Years Warranty on Product and 12 Years Warranty on Compressor,19,"3,274 Ratings ", 351 Reviews,3274,351,Haier,1.5,5.0,Split,925.24,111 - 150 sqft
Hitachi 2024 Model 1.5 Ton 3 Star Split Fixed Speed AC,4.0,36850,63850,42,"10,460 Ratings & 1,257 Reviews","Annual Power Usage: 1039.62 UnitsRoom Size: 111 - 150 sqft1 Year Product Warrenty, 5 Years comprehensive warranty and 10 Years Warranty on Compressor",19,"10,460 Ratings "," 1,257 Reviews",10460,1257,Hitachi,1.5,3.0,Split,1039.62,111 - 150 sqft
CARRIER 2026 Model 1.5 Ton 3 Star Split AI Inverter with Wi-fi Convertible 6-in-1 with Geo-Fencing & V...,4.2,33490,65900,49,"38,222 Ratings & 4,626 Reviews","Annual Power Usage: 854.39 kWhRoom Size: 111 - 150 sqft1 Year Warranty on Product, 5 Years on PCB and 10 Years on the Compressor",19,"38,222 Ratings "," 4,626 Reviews",38222,4626,CARRIER,1.5,3.0,Split,854.39,111 - 150 sqft
LG 2025 Model 1.5 Ton 5 Star Split AI Dual Inverter AI Convertible 6-in-1 Split with Faster Cooling an...,4.2,42990,78990,45,"46,175 Ratings & 4,255 Reviews","Annual Power Usage: 744.75 kWhRoom Size: 111 - 150 sqft1 Year Warranty on Product,5 year on Pcb and 10 Years Warranty on Compressor",19,"46,175 Ratings "," 4,255 Reviews",46175,4255,LG,1.5,5.0,Split,744.75,111 - 150 sqft
Blue Star 2026 Model 1 Ton 3 Star Split Inverter AC,4.0,32990,49500,33,"4,839 Ratings & 434 Reviews",Annual Power Usage: 676.06 kWhRoom Size: 90 sqft or Below60 months for those customers who purchase Blue Star Split ACs (Inverter or Fixed Speed SACs) of Tonnage up to 2.2 Tr from 16th February 2026 to 31st March 2026.,19,"4,839 Ratings ", 434 Reviews,4839,434,Blue,1.0,3.0,Split,676.06,90 sqft
CARRIER 2023 Model 1 Ton 3 Star Window Fixed Speed 2 Way Air Directional control with Dust Filter(2023...,4.2,28031,39090,28,562 Ratings & 73 Reviews,Annual Power Usage: 870.87 UnitsRoom Size: 90 sqft or Below1 Year Warranty on Product and 5 Years Warranty on Compressor,19,562 Ratings , 73 Reviews,562,73,CARRIER,1.0,3.0,Window,870.87,90 sqft
Blue Star 2026 Model 1.5 Ton 5 Star Window Inverter AC,4.2,39890,48500,17,"1,500 Ratings & 143 Reviews","Annual Power Usage: 1053.51 kWhRoom Size: 111 - 150 sqft1 Year Warranty on the Product is Limited to Manufacturing Defects Only,5 Years warranty on PCB and 10 Years warranty on Compressor",19,"1,500 Ratings ", 143 Reviews,1500,143,Blue,1.5,5.0,Window,1053.51,111 - 150 sqft
Hitachi 2023 Model 1 Ton 3 Star Split Fixed Speed Soft dry Silent Air Ambience Light R 32 AC,3.9,34377,46600,26,"2,394 Ratings & 305 Reviews",Annual Power Usage: 706.76 UnitsRoom Size: 90 sqft or Below1 Year Warranty on Product and  5 Years Warranty on Compressor,19,"2,394 Ratings ", 305 Reviews,2394,305,Hitachi,1.0,3.0,Split,706.76,90 sqft
Voltas 2026 Model 1.5 Ton 3 Star Split Inverter AC,4.2,33990,60990,44,"83,437 Ratings & 7,067 Reviews","Annual Power Usage: 900.94 kWhRoom Size: 111 - 150 sqft1 Year Warranty On Product,10 Years Warranty On Compressor",20,"83,437 Ratings "," 7,067 Reviews",83437,7067,Voltas,1.5,3.0,Split,900.94,111 - 150 sqft
"LG 2025 Model 1.5 Ton 5 Star Split Dual Inverter with Faster Cooling and Energy Saving, AI Convertible...",4.2,42990,78990,45,"46,175 Ratings & 4,255 Reviews",Annual Power Usage: 744.75 kWhRoom Size: 111 - 150 sqft1 Year Manufacturing Warranty on Product,20,"46,175 Ratings "," 4,255 Reviews",46175,4255,LG,1.5,5.0,Split,744.75,111 - 150 sqft
Hitachi 2024 Model 1.5 Ton 5 Star Split Inverter AC,4.0,40129,75850,47,"5,094 Ratings & 705 Reviews","Annual Power Usage: 774.58 WRoom Size: 111 - 150 sqft1 Year Warranty on Product,  5 Years on PCB and Motor, 10 Years Warranty on Compressor",20,"5,094 Ratings ", 705 Reviews,5094,705,Hitachi,1.5,5.0,Split,774.58,111 - 150 sqft
Blue Star 2025 Model 0.8 Ton 3 Star Window Fixed Speed AC,4.0,23290,27600,15,601 Ratings & 41 Reviews,Annual Power Usage: 611.54 kWhRoom Size: 90 sqft or BelowWarranty of the Product is Limited to Manufacturing Defects Only,20,601 Ratings , 41 Reviews,601,41,Blue,0.8,3.0,Window,611.54,90 sqft
Godrej 2025 Model 1 Ton 3 Star Split Inverter 5-In-1-Convertible Cooling with Heavy Duty Cooling At Ex...,4.0,26490,38600,31,"8,298 Ratings & 716 Reviews","Annual Power Usage: 1034 UnitsRoom Size: 90 sqft or Below5 Years Warranty on Whole Product (Valid on sales post 1 Sep 2024, warranty can be availed after registering on Brand website within 7 days of purchase) and 10 Years Warranty on Compressor",20,"8,298 Ratings ", 716 Reviews,8298,716,Godrej,1.0,3.0,Split,1034.0,90 sqft
"CARRIER 2026 Model 1.5 Ton 3 Star Split AI Inverter Convertible 6-in-1 with Smart Energy Display, Inst...",4.2,32490,65500,50,"38,222 Ratings & 4,626 Reviews","Annual Power Usage: 854.39 kWhRoom Size: 111 - 150 sqft1 Year Warranty on Product, 5 Years on PCB and 10 Years on the Compressor",20,"38,222 Ratings "," 4,626 Reviews",38222,4626,CARRIER,1.5,3.0,Split,854.39,111 - 150 sqft
Blue Star 2025 Model 1.5 Ton 3 Star Split Inverter AC,4.1,32990,56400,41,"26,862 Ratings & 2,253 Reviews",Annual Power Usage: 1006.84 UnitsRoom Size: 111 - 150 sqft60 months for those customers who purchase Blue Star Split ACs (Inverter or Fixed Speed SACs) of Tonnage up to 2 Tr from 16th February 2026 to 30th June 2026.,20,"26,862 Ratings "," 2,253 Reviews",26862,2253,Blue,1.5,3.0,Split,1006.84,111 - 150 sqft
Godrej 2024 Model 1 Ton 3 Star Split Inverter AC,4.0,29490,41990,29,"8,298 Ratings & 716 Reviews","Annual Power Usage: 654.68 UnitsRoom Size: 90 sqft or Below1 Year Warranty on the Product, 5 Years Warranty on PCB and 10 Years Warranty on Compressor",20,"8,298 Ratings ", 716 Reviews,8298,716,Godrej,1.0,3.0,Split,654.68,90 sqft
Blue Star 2026 Model 1.5 Tons 3 Star Split Inverter AC,4.1,35549,60000,40,"26,862 Ratings & 2,253 Reviews",Room Size: 111 - 150 sqft,20,"26,862 Ratings "," 2,253 Reviews",26862,2253,Blue,1.5,3.0,Split,854.39,111 - 150 sqft
Daikin 2023 Model 1.5 Ton 5 Star Split Inverter AC,4.3,39138,66443,41,"17,218 Ratings & 1,537 Reviews",Annual Power Usage: 785.67 UnitsRoom Size: 111 - 150 sqft1 Year Comprehensive Warranty on AC and 10 Years on Compressor,20,"17,218 Ratings "," 1,537 Reviews",17218,1537,Daikin,1.5,5.0,Split,785.67,111 - 150 sqft
Whirlpool 2026 Model 1.5 Ton 3 Star Split Inverter AC,4.1,32240,57150,43,"30,027 Ratings & 3,540 Reviews","Annual Power Usage: 858.22 kWhRoom Size: 111 - 150 sqft1 year warranty on product, 5 years  warranty on compressor",20,"30,027 Ratings "," 3,540 Reviews",30027,3540,Whirlpool,1.5,3.0,Split,858.22,111 - 150 sqft
Samsung 2025 Model 1.5 Ton 5 Star Split Inverter with Wi-fi AC,4.2,36490,72990,50,"26,515 Ratings & 2,683 Reviews",Annual Power Usage: 751.24 WRoom Size: 111 - 150 sqft5 Years Comprehensive Warranty on AC and 10 Years Warranty on Compressor,20,"26,515 Ratings "," 2,683 Reviews",26515,2683,Samsung,1.5,5.0,Split,751.24,111 - 150 sqft
Hitachi 2026 Model 1.5 Ton 5 Star Split Inverter AC,4.0,44990,77990,42,"5,094 Ratings & 705 Reviews","Annual Power Usage: 690.72 kWhRoom Size: 111 - 150 sqft1 Year Warranty On Product, 5 Year Warranty on PCB & 10 Year Warranty on Compressor.",20,"5,094 Ratings ", 705 Reviews,5094,705,Hitachi,1.5,5.0,Split,690.72,111 - 150 sqft
CARRIER 2023 Model 1 Ton 3 Star Window Fixed Speed 2 Way Air Directional control with Dust Filter(2023...,4.2,28031,39090,28,562 Ratings & 73 Reviews,Annual Power Usage: 870.87 UnitsRoom Size: 90 sqft or Below1 Year Warranty on Product and 5 Years Warranty on Compressor,20,562 Ratings , 73 Reviews,562,73,CARRIER,1.0,3.0,Window,870.87,90 sqft
"Samsung Bespoke AI 2026 Model 1.5 ton 4 Star Split Inverter with Wi-fi Energy Saving, Voice Control, P...",4.1,38990,82990,53,"6,233 Ratings & 578 Reviews",Annual Power Usage: 713.57 kWhRoom Size: 111 - 150 sqft5 year comprehensive warranty on product and 10 years warranty on compressor,20,"6,233 Ratings ", 578 Reviews,6233,578,Samsung,1.5,4.0,Split,713.57,111 - 150 sqft
CARRIER 2026 Model 1.5 Ton 3 Star Split AI Inverter with Wi-fi Convertible 6-in-1 with Geo-Fencing & V...,4.2,33490,65900,49,"38,222 Ratings & 4,626 Reviews","Annual Power Usage: 854.39 kWhRoom Size: 111 - 150 sqft1 Year Warranty on Product, 5 Years on PCB and 10 Years on the Compressor",20,"38,222 Ratings "," 4,626 Reviews",38222,4626,CARRIER,1.5,3.0,Split,854.39,111 - 150 sqft
Daikin 2025 Model 1.5 Ton 3 Star Split Inverter AC,4.2,32883,59081,44,"24,785 Ratings & 1,912 Reviews",Annual Power Usage: 966.47 UnitsRoom Size: 111 - 150 sqft1 Year Comprehensive Warranty on Product and 10 Years on Compressor,20,"24,785 Ratings "," 1,912 Reviews",24785,1912,Daikin,1.5,3.0,Split,966.47,111 - 150 sqft
Whirlpool 2026 Model 2 Ton 3 Star Split Inverter AC,4.0,39590,70940,44,761 Ratings & 82 Reviews,Annual Power Usage: 1079.61 kWhRoom Size: 151 - 200 sqft1+9 Years Warranty on Compressor,20,761 Ratings , 82 Reviews,761,82,Whirlpool,2.0,3.0,Split,1079.61,151 - 200 sqft
CARRIER 2022 Model 1 Ton 3 Star Window Fixed Speed AC,4.2,28094,37590,25,562 Ratings & 73 Reviews,Annual Power Usage: 1120 UnitsRoom Size: 90 sqft or Below1 Year Comprehensive Warranty on Product and 5 Years on Compressor,20,562 Ratings , 73 Reviews,562,73,CARRIER,1.0,3.0,Window,1120.0,90 sqft
LG 2025 Model 1.5 Ton 5 Star Split AI Dual Inverter AI Convertible 6-in-1 Split with Faster Cooling an...,4.2,42990,78990,45,"46,175 Ratings & 4,255 Reviews","Annual Power Usage: 744.75 kWhRoom Size: 111 - 150 sqft1 Year Warranty on Product,5 year on Pcb and 10 Years Warranty on Compressor",20,"46,175 Ratings "," 4,255 Reviews",46175,4255,LG,1.5,5.0,Split,744.75,111 - 150 sqft
Midea 2026 Model 1.5 Ton 3 Star Split AI Inverter with Wi-fi Convertible 6-in-1 with Turbo Mode for Fa...,4.3,29990,59700,49,"18,604 Ratings & 2,838 Reviews","Annual Power Usage: 854.39 kWhRoom Size: 111 - 150 sqft5 Year Comprehensive Warranty On Product,10 Year Warranty On Compressor",20,"18,604 Ratings "," 2,838 Reviews",18604,2838,Midea,1.5,3.0,Split,854.39,111 - 150 sqft
Godrej 2026 Model 1.5 Ton 5 Star Split Inverter AC,4.0,37990,52000,26,"12,566 Ratings & 1,206 Reviews",Annual Power Usage: 657.81 UnitsRoom Size: 111 - 150 sqft5 Years Manufacturer Warranty,20,"12,566 Ratings "," 1,206 Reviews",12566,1206,Godrej,1.5,5.0,Split,657.81,111 - 150 sqft
Panasonic 2026 Model 1.5 Ton 3 Star Split Inverter AC,4.1,35790,57000,37,"24,445 Ratings & 2,408 Reviews",Annual Power Usage: 878.09 UnitsRoom Size: 111 - 150 sqft1 Year Comprehensive Warranty,20,"24,445 Ratings "," 2,408 Reviews",24445,2408,Panasonic,1.5,3.0,Split,878.09,111 - 150 sqft
Voltas 2026 Model 1.5 Ton 3 Star Split Inverter AC,4.2,33990,60990,44,"83,437 Ratings & 7,067 Reviews","Annual Power Usage: 900.94 kWhRoom Size: 111 - 150 sqft1 Year Warranty On Product,10 Years Warranty On Compressor",21,"83,437 Ratings "," 7,067 Reviews",83437,7067,Voltas,1.5,3.0,Split,900.94,111 - 150 sqft
"LG 2025 Model 1.5 Ton 5 Star Split Dual Inverter with Faster Cooling and Energy Saving, AI Convertible...",4.2,42990,78990,45,"46,175 Ratings & 4,255 Reviews",Annual Power Usage: 744.75 kWhRoom Size: 111 - 150 sqft1 Year Manufacturing Warranty on Product,21,"46,175 Ratings "," 4,255 Reviews",46175,4255,LG,1.5,5.0,Split,744.75,111 - 150 sqft
Haier 2024 Model 1.6 Ton 5 Star Split Inverter AC,4.2,40980,79000,48,171 Ratings & 15 Reviews,Annual Power Usage: 836.95 UnitsRoom Size: 151 - 200 sqft1 Year Warranty on Product and 10 Years Warranty on Compressor,21,171 Ratings , 15 Reviews,171,15,Haier,1.6,5.0,Split,836.95,151 - 200 sqft
IFB 2026 Model 1.5 Ton 3 Star Split Smart Inverter with Wi-fi AC,4.2,35590,63990,44,"8,648 Ratings & 903 Reviews",Annual Power Usage: 889 UnitsRoom Size: 111 - 150 sqft,21,"8,648 Ratings ", 903 Reviews,8648,903,IFB,1.5,3.0,Split,889.0,111 - 150 sqft
Whirlpool 2024 Model 1.5 Ton 3 Star Split Inverter AC,4.1,30490,65400,53,"30,027 Ratings & 3,540 Reviews","Annual Power Usage: 1015.5 UnitsRoom Size: 111 - 150 sqft1 Year Warranty on Product, 5 Years Warranty on PCB and 10 Years Warranty on Compressor",21,"30,027 Ratings "," 3,540 Reviews",30027,3540,Whirlpool,1.5,3.0,Split,1015.5,111 - 150 sqft
Blue Star 2025 Model 2 Ton 3 Star Split Inverter AC,4.0,44190,66100,33,"1,251 Ratings & 72 Reviews",Annual Power Usage: 1261.37 UnitsRoom Size: 151 - 200 sqft60 months for those customers who purchase Blue Star Split ACs (Inverter or Fixed Speed SACs) of Tonnage up to 2 Tr from 16th February 2026 to 30th June 2026.,21,"1,251 Ratings ", 72 Reviews,1251,72,Blue,2.0,3.0,Split,1261.37,151 - 200 sqft
Godrej 2025 Model 1 Ton 3 Star Split Inverter 5-In-1-Convertible Cooling with Heavy Duty Cooling At Ex...,4.0,26490,38600,31,"8,298 Ratings & 716 Reviews","Annual Power Usage: 1034 UnitsRoom Size: 90 sqft or Below5 Years Warranty on Whole Product (Valid on sales post 1 Sep 2024, warranty can be availed after registering on Brand website within 7 days of purchase) and 10 Years Warranty on Compressor",21,"8,298 Ratings ", 716 Reviews,8298,716,Godrej,1.0,3.0,Split,1034.0,90 sqft
"CARRIER 2026 Model 1.5 Ton 3 Star Split AI Inverter Convertible 6-in-1 with Smart Energy Display, Inst...",4.2,32490,65500,50,"38,222 Ratings & 4,626 Reviews","Annual Power Usage: 854.39 kWhRoom Size: 111 - 150 sqft1 Year Warranty on Product, 5 Years on PCB and 10 Years on the Compressor",21,"38,222 Ratings "," 4,626 Reviews",38222,4626,CARRIER,1.5,3.0,Split,854.39,111 - 150 sqft
Haier 2025 Model 1.6 Ton 5 Star Split Inverter AC,4.2,42990,79000,45,171 Ratings & 15 Reviews,Annual Power Usage: 836.95 WRoom Size: 151 - 200 sqft5 Year Comprehensive Warranty,21,171 Ratings , 15 Reviews,171,15,Haier,1.6,5.0,Split,836.95,151 - 200 sqft
Voltas 2025 Model 1.5 Ton 5 Star Window Inverter Turbo Cooling | Energy Efficient | High ambient Cooli...,4.3,32990,45990,28,"8,589 Ratings & 892 Reviews","Annual Power Usage: 1104.04 kWhRoom Size: 111 - 150 sqft5 years warranty from the date of installation, (Inverter or Fixed Speed SACs) of Tonnage up to 2.2 Tr (Offer valid till 31st May 2026). It is applicable only for residential usage and does not apply to commercial or National Accounts customers, 5 Years warranty on PCB, 10 Years on Inverter Compressor",21,"8,589 Ratings ", 892 Reviews,8589,892,Voltas,1.5,5.0,Window,1104.04,111 - 150 sqft
Whirlpool 2026 Model 1.5 Ton 3 Star Split Inverter AC,4.1,32240,57150,43,"30,027 Ratings & 3,540 Reviews","Annual Power Usage: 858.22 kWhRoom Size: 111 - 150 sqft1 year warranty on product, 5 years  warranty on compressor",21,"30,027 Ratings "," 3,540 Reviews",30027,3540,Whirlpool,1.5,3.0,Split,858.22,111 - 150 sqft
Samsung 2025 Model 1.5 Ton 5 Star Split Inverter with Wi-fi AC,4.2,36490,72990,50,"26,515 Ratings & 2,683 Reviews",Annual Power Usage: 751.24 WRoom Size: 111 - 150 sqft5 Years Comprehensive Warranty on AC and 10 Years Warranty on Compressor,21,"26,515 Ratings "," 2,683 Reviews",26515,2683,Samsung,1.5,5.0,Split,751.24,111 - 150 sqft
Haier 2025 Model 1.5 Ton 4 Star Split Triple Inverter AC,3.8,35490,64900,45,"1,319 Ratings & 132 Reviews",Room Size: 111 - 150 sqft,21,"1,319 Ratings ", 132 Reviews,1319,132,Haier,1.5,4.0,Split,854.39,111 - 150 sqft
Godrej 2025 Model 1.5 Ton 3 Star Split Inverter AC,4.0,33288,49990,33,"22,727 Ratings & 1,770 Reviews","Annual Power Usage: 1003.51 kWhRoom Size: 111 - 150 sqft1 Year Warranty On The Product, 10 Years Warranty On The Compressor",21,"22,727 Ratings "," 1,770 Reviews",22727,1770,Godrej,1.5,3.0,Split,1003.51,111 - 150 sqft
Godrej 2023 Model 1.5 Ton 3 Star Split Fixed Speed with Anti-Dust Filter AC,4.0,53813,55999,3,"22,727 Ratings & 1,770 Reviews","Annual Power Usage: 1025.69 UnitsRoom Size: 111 - 150 sqft5 Years Warranty on Whole Product (Valid on sales post 1 Sep 2024, warranty can be availed after registering on Brand website within 7 days of purchase) and 5 Years Warranty on Compressor",21,"22,727 Ratings "," 1,770 Reviews",22727,1770,Godrej,1.5,3.0,Split,1025.69,111 - 150 sqft
Panasonic 2024 Model 2 Ton 5 Star Split Inverter with Wi-fi AC,4.3,61890,87900,29,920 Ratings & 97 Reviews,"Annual Power Usage: 926.31 UnitsRoom Size: 151 - 200 sqft1 Year Warranty on Product, 5 Years Warranty on PCB, 5 Years Warranty on ODU Casing and 10 Years Warranty on Compressor",21,920 Ratings , 97 Reviews,920,97,Panasonic,2.0,5.0,Split,926.31,151 - 200 sqft
"Samsung Bespoke AI 2026 Model 1.5 ton 4 Star Split Inverter with Wi-fi Energy Saving, Voice Control, P...",4.1,38990,82990,53,"6,233 Ratings & 578 Reviews",Annual Power Usage: 713.57 kWhRoom Size: 111 - 150 sqft5 year comprehensive warranty on product and 10 years warranty on compressor,21,"6,233 Ratings ", 578 Reviews,6233,578,Samsung,1.5,4.0,Split,713.57,111 - 150 sqft
CARRIER 2026 Model 1.5 Ton 3 Star Split AI Inverter with Wi-fi Convertible 6-in-1 with Geo-Fencing & V...,4.2,33490,65900,49,"38,222 Ratings & 4,626 Reviews","Annual Power Usage: 854.39 kWhRoom Size: 111 - 150 sqft1 Year Warranty on Product, 5 Years on PCB and 10 Years on the Compressor",21,"38,222 Ratings "," 4,626 Reviews",38222,4626,CARRIER,1.5,3.0,Split,854.39,111 - 150 sqft
Godrej 2023 Model 1.5 Ton 5 Star Split Inverter i-sense Technology with Blue Fin Anti Corrosive Coatin...,4.0,35399,54990,35,"12,566 Ratings & 1,206 Reviews","Annual Power Usage: 744.39 UnitsRoom Size: 111 - 150 sqft5 Years Warranty on Whole Product (Valid on sales post 1 Sep 2024, warranty can be availed after registering on Brand website within 30 days of purchase) and 10 Years Warranty on Compressor",21,"12,566 Ratings "," 1,206 Reviews",12566,1206,Godrej,1.5,5.0,Split,744.39,111 - 150 sqft
Godrej 2023 Model 1.5 Ton 5 Star Split Inverter 2023 Model AC,4.0,36999,54900,32,"12,566 Ratings & 1,206 Reviews","Annual Power Usage: 765.86 UnitsRoom Size: 111 - 150 sqft5 Years Warranty on Whole Product (Valid on sales post 1 Sep 2024, warranty can be availed after registering on Brand website within 30 days of purchase) and 10 Years Warranty on Compressor",21,"12,566 Ratings "," 1,206 Reviews",12566,1206,Godrej,1.5,5.0,Split,765.86,111 - 150 sqft
LG 2025 Model 1.5 Ton 5 Star Split AI Dual Inverter AI Convertible 6-in-1 Split with Faster Cooling an...,4.2,42990,78990,45,"46,175 Ratings & 4,255 Reviews","Annual Power Usage: 744.75 kWhRoom Size: 111 - 150 sqft1 Year Warranty on Product,5 year on Pcb and 10 Years Warranty on Compressor",21,"46,175 Ratings "," 4,255 Reviews",46175,4255,LG,1.5,5.0,Split,744.75,111 - 150 sqft
Midea 2026 Model 1.5 Ton 3 Star Split AI Inverter with Wi-fi Convertible 6-in-1 with Turbo Mode for Fa...,4.3,29990,59700,49,"18,604 Ratings & 2,838 Reviews","Annual Power Usage: 854.39 kWhRoom Size: 111 - 150 sqft5 Year Comprehensive Warranty On Product,10 Year Warranty On Compressor",21,"18,604 Ratings "," 2,838 Reviews",18604,2838,Midea,1.5,3.0,Split,854.39,111 - 150 sqft
Whirlpool 2026 Model 1.5 Ton 3 Star Window Inverter AC,3.8,30949,50000,38,97 Ratings & 17 Reviews,"Annual Power Usage: 1122.36 kWhRoom Size: 111 - 150 sqft1 Year Warranty On The Product,1 Year Warranty On PCB,1 plus 4 Year Warranty On The Compressor",21,97 Ratings , 17 Reviews,97,17,Whirlpool,1.5,3.0,Window,1122.36,111 - 150 sqft
Voltas 2026 Model 2 Ton 5 Star Split Inverter AC,4.2,59990,90990,34,327 Ratings & 33 Reviews,Annual Power Usage: 857.53 kWhRoom Size: 151 - 200 sqft1 Year Warranty on Product + 10 Years on Inverter SAC Compressor,21,327 Ratings , 33 Reviews,327,33,Voltas,2.0,5.0,Split,857.53,151 - 200 sqft
Panasonic 2024 Model 2 Ton 5 Star Split Inverter with Wi-fi AC,4.3,61890,87900,29,920 Ratings & 97 Reviews,"Annual Power Usage: 926.31 UnitsRoom Size: 151 - 200 sqft1 Year Warranty on Product, 5 Years Warranty on PCB, 5 Years Warranty on ODU Casing and 10 Years Warranty on Compressor",22,920 Ratings , 97 Reviews,920,97,Panasonic,2.0,5.0,Split,926.31,151 - 200 sqft
Godrej 2023 Model 1.5 Ton 5 Star Split Inverter i-sense Technology with Blue Fin Anti Corrosive Coatin...,4.0,35399,54990,35,"12,566 Ratings & 1,206 Reviews","Annual Power Usage: 744.39 UnitsRoom Size: 111 - 150 sqft5 Years Warranty on Whole Product (Valid on sales post 1 Sep 2024, warranty can be availed after registering on Brand website within 30 days of purchase) and 10 Years Warranty on Compressor",22,"12,566 Ratings "," 1,206 Reviews",12566,1206,Godrej,1.5,5.0,Split,744.39,111 - 150 sqft
Voltas 2026 Model 1.5 Ton 3 Star Split Inverter AC,4.2,33990,60990,44,"83,437 Ratings & 7,067 Reviews","Annual Power Usage: 900.94 kWhRoom Size: 111 - 150 sqft1 Year Warranty On Product,10 Years Warranty On Compressor",22,"83,437 Ratings "," 7,067 Reviews",83437,7067,Voltas,1.5,3.0,Split,900.94,111 - 150 sqft
"LG 2025 Model 1.5 Ton 5 Star Split Dual Inverter with Faster Cooling and Energy Saving, AI Convertible...",4.2,42990,78990,45,"46,175 Ratings & 4,255 Reviews",Annual Power Usage: 744.75 kWhRoom Size: 111 - 150 sqft1 Year Manufacturing Warranty on Product,22,"46,175 Ratings "," 4,255 Reviews",46175,4255,LG,1.5,5.0,Split,744.75,111 - 150 sqft
Godrej 2023 Model 1.5 Ton 5 Star Split Inverter 2023 Model AC,4.0,36999,54900,32,"12,566 Ratings & 1,206 Reviews","Annual Power Usage: 765.86 UnitsRoom Size: 111 - 150 sqft5 Years Warranty on Whole Product (Valid on sales post 1 Sep 2024, warranty can be availed after registering on Brand website within 30 days of purchase) and 10 Years Warranty on Compressor",22,"12,566 Ratings "," 1,206 Reviews",12566,1206,Godrej,1.5,5.0,Split,765.86,111 - 150 sqft
Voltas 2026 Model 2 Ton 5 Star Split Inverter AC,4.2,59990,90990,34,327 Ratings & 33 Reviews,Annual Power Usage: 857.53 kWhRoom Size: 151 - 200 sqft1 Year Warranty on Product + 10 Years on Inverter SAC Compressor,22,327 Ratings , 33 Reviews,327,33,Voltas,2.0,5.0,Split,857.53,151 - 200 sqft
Godrej 2025 Model 1 Ton 3 Star Split Inverter 5-In-1-Convertible Cooling with Heavy Duty Cooling At Ex...,4.0,26490,38600,31,"8,298 Ratings & 716 Reviews","Annual Power Usage: 1034 UnitsRoom Size: 90 sqft or Below5 Years Warranty on Whole Product (Valid on sales post 1 Sep 2024, warranty can be availed after registering on Brand website within 7 days of purchase) and 10 Years Warranty on Compressor",22,"8,298 Ratings ", 716 Reviews,8298,716,Godrej,1.0,3.0,Split,1034.0,90 sqft
"CARRIER 2026 Model 1.5 Ton 3 Star Split AI Inverter Convertible 6-in-1 with Smart Energy Display, Inst...",4.2,32490,65500,50,"38,222 Ratings & 4,626 Reviews","Annual Power Usage: 854.39 kWhRoom Size: 111 - 150 sqft1 Year Warranty on Product, 5 Years on PCB and 10 Years on the Compressor",22,"38,222 Ratings "," 4,626 Reviews",38222,4626,CARRIER,1.5,3.0,Split,854.39,111 - 150 sqft
Blue Star 2025 Model 2 Ton 3 Star Split Inverter AC,4.0,44190,66100,33,"1,251 Ratings & 72 Reviews",Annual Power Usage: 1261.37 UnitsRoom Size: 151 - 200 sqft60 months for those customers who purchase Blue Star Split ACs (Inverter or Fixed Speed SACs) of Tonnage up to 2 Tr from 16th February 2026 to 30th June 2026.,22,"1,251 Ratings ", 72 Reviews,1251,72,Blue,2.0,3.0,Split,1261.37,151 - 200 sqft
IFB 2026 Model 1.5 Ton 3 Star Split Smart Inverter with Wi-fi AC,4.2,35590,63990,44,"8,648 Ratings & 903 Reviews",Annual Power Usage: 889 UnitsRoom Size: 111 - 150 sqft,22,"8,648 Ratings ", 903 Reviews,8648,903,IFB,1.5,3.0,Split,889.0,111 - 150 sqft
Acer 2025 Model 1 Ton 3 Star Split Inverter AC,4.1,26889,41499,35,45 Ratings & 4 Reviews,Annual Power Usage: 655.42 UnitsRoom Size: 90 sqft or Below1 year comprehensive warranty and 10 years warranty on compressor with gas charging,22,45 Ratings , 4 Reviews,45,4,Acer,1.0,3.0,Split,655.42,90 sqft
Godrej 2023 Model 2 Ton 3 Star Split Inverter i-sense Technology with Blue Fin Anti Corrosive Coating ...,3.9,39999,60990,34,"2,151 Ratings & 134 Reviews","Annual Power Usage: 1201.27 UnitsRoom Size: 151 - 200 sqft5 Years Warranty on Whole Product (Valid on sales post 1 Sep 2024, warranty can be availed after registering on Brand website within 30 days of purchase) and 10 Years Warranty on Compressor",22,"2,151 Ratings ", 134 Reviews,2151,134,Godrej,2.0,3.0,Split,1201.27,151 - 200 sqft
Whirlpool 2026 Model 1.5 Ton 3 Star Split Inverter AC,4.1,32240,57150,43,"30,027 Ratings & 3,540 Reviews","Annual Power Usage: 858.22 kWhRoom Size: 111 - 150 sqft1 year warranty on product, 5 years  warranty on compressor",22,"30,027 Ratings "," 3,540 Reviews",30027,3540,Whirlpool,1.5,3.0,Split,858.22,111 - 150 sqft
"Samsung Bespoke AI 2026 Model 1.5 ton 4 Star Split Inverter with Wi-fi Energy Saving, Voice Control, P...",4.1,38990,82990,53,"6,233 Ratings & 578 Reviews",Annual Power Usage: 713.57 kWhRoom Size: 111 - 150 sqft5 year comprehensive warranty on product and 10 years warranty on compressor,22,"6,233 Ratings ", 578 Reviews,6233,578,Samsung,1.5,4.0,Split,713.57,111 - 150 sqft
Whirlpool 2026 Model 1.5 Ton 3 Star Window Inverter AC,3.8,30949,50000,38,97 Ratings & 17 Reviews,"Annual Power Usage: 1122.36 kWhRoom Size: 111 - 150 sqft1 Year Warranty On The Product,1 Year Warranty On PCB,1 plus 4 Year Warranty On The Compressor",22,97 Ratings , 17 Reviews,97,17,Whirlpool,1.5,3.0,Window,1122.36,111 - 150 sqft
MITASHI 2018 Model 1 Ton 3 Star Split Inverter AC,4.1,29500,40500,27,"1,420 Ratings & 361 Reviews",Annual Power Usage: 765.59 UnitsRoom Size: 90 sqft or Below5 Years Product and 5 Years on Compressor from Mitashi,22,"1,420 Ratings ", 361 Reviews,1420,361,MITASHI,1.0,3.0,Split,765.59,90 sqft
CARRIER 2026 Model 1.5 Ton 3 Star Split AI Inverter with Wi-fi Convertible 6-in-1 with Geo-Fencing & V...,4.2,33490,65900,49,"38,222 Ratings & 4,626 Reviews","Annual Power Usage: 854.39 kWhRoom Size: 111 - 150 sqft1 Year Warranty on Product, 5 Years on PCB and 10 Years on the Compressor",22,"38,222 Ratings "," 4,626 Reviews",38222,4626,CARRIER,1.5,3.0,Split,854.39,111 - 150 sqft
LG 2025 Model 1.5 Ton 5 Star Split AI Dual Inverter AI Convertible 6-in-1 Split with Faster Cooling an...,4.2,42990,78990,45,"46,175 Ratings & 4,255 Reviews","Annual Power Usage: 744.75 kWhRoom Size: 111 - 150 sqft1 Year Warranty on Product,5 year on Pcb and 10 Years Warranty on Compressor",22,"46,175 Ratings "," 4,255 Reviews",46175,4255,LG,1.5,5.0,Split,744.75,111 - 150 sqft
Panasonic 2025 Model 1.5 Ton 3 Star Split Inverter AC,4.1,37107,55400,33,"24,445 Ratings & 2,408 Reviews",Annual Power Usage: 905.23 kWhRoom Size: 111 - 150 sqft1 Year Warranty on Product and 10 Years Warranty on Compressor,22,"24,445 Ratings "," 2,408 Reviews",24445,2408,Panasonic,1.5,3.0,Split,905.23,111 - 150 sqft
Whirlpool 2024 Model 1.5 Ton 5 Star Split Inverter AC,4.2,37500,70500,46,"21,787 Ratings & 2,439 Reviews","Annual Power Usage: 701.52 UnitsRoom Size: 111 - 150 sqft1 Year on Product, 5 Years on PCB and 10 Years on Compressor",22,"21,787 Ratings "," 2,439 Reviews",21787,2439,Whirlpool,1.5,5.0,Split,701.52,111 - 150 sqft
Godrej 2022 Model 1.5 Ton 3 Star Split Inverter Anti-Leak AC,4.0,31279,48900,36,"22,727 Ratings & 1,770 Reviews","Annual Power Usage: 980.37 UnitsRoom Size: 111 - 150 sqft5 Years Warranty on Whole Product (Valid on sales post 1 Sep 2024, warranty can be availed after registering on Brand website within 30 days of purchase) and 10 Years Warranty on Compressor",22,"22,727 Ratings "," 1,770 Reviews",22727,1770,Godrej,1.5,3.0,Split,980.37,111 - 150 sqft
Voltas 2026 Model 1 Ton 2 Star Window Fixed Speed AC,3.7,30499,32990,7,79 Ratings & 11 Reviews,Annual Power Usage: 774.1 kWhRoom Size: 90 sqft or Below12 Months Main Product Warranty,22,79 Ratings , 11 Reviews,79,11,Voltas,1.0,2.0,Window,774.1,90 sqft
"Godrej 2025 Model 1.5 Ton 5 Star Split Inverter AI Powered, 5-In-1 Convertible, Heavy Duty Cooling At ...",4.0,33490,50600,33,"12,566 Ratings & 1,206 Reviews","Annual Power Usage: 736.46 kWhRoom Size: 111 - 150 sqft5 year warranty on whole product, 10 years warranty on compressor , Warranty can be availed after registering on Brand website within 7 days of purchase.",22,"12,566 Ratings "," 1,206 Reviews",12566,1206,Godrej,1.5,5.0,Split,736.46,111 - 150 sqft
Midea 2026 Model 1.5 Ton 3 Star Split AI Inverter with Wi-fi Convertible 6-in-1 with Turbo Mode for Fa...,4.3,29990,59700,49,"18,604 Ratings & 2,838 Reviews","Annual Power Usage: 854.39 kWhRoom Size: 111 - 150 sqft5 Year Comprehensive Warranty On Product,10 Year Warranty On Compressor",22,"18,604 Ratings "," 2,838 Reviews",18604,2838,Midea,1.5,3.0,Split,854.39,111 - 150 sqft
Whirlpool 2023 Model 1.5 Ton 5 Star Split Inverter Convertible 4-in-1 Cooling 6th Sense Technology AC,4.2,37500,70600,46,"21,787 Ratings & 2,439 Reviews",Annual Power Usage: 761.33 UnitsRoom Size: 111 - 150 sqft1 Year Comprehensive Warranty on Product and 5 Years Warranty on Compressor,23,"21,787 Ratings "," 2,439 Reviews",21787,2439,Whirlpool,1.5,5.0,Split,761.33,111 - 150 sqft
Whirlpool 2026 Model 1.5 Ton 3 Star Split Inverter AC,4.1,30590,57660,46,"30,027 Ratings & 3,540 Reviews",Annual Power Usage: 893.62 UnitsRoom Size: 111 - 150 sqft1+9 Years Compressor Warranty,23,"30,027 Ratings "," 3,540 Reviews",30027,3540,Whirlpool,1.5,3.0,Split,893.62,111 - 150 sqft
Voltas 2026 Model 1.5 Ton 3 Star Split Inverter AC,4.2,33990,60990,44,"83,437 Ratings & 7,067 Reviews","Annual Power Usage: 900.94 kWhRoom Size: 111 - 150 sqft1 Year Warranty On Product,10 Years Warranty On Compressor",23,"83,437 Ratings "," 7,067 Reviews",83437,7067,Voltas,1.5,3.0,Split,900.94,111 - 150 sqft
"LG 2025 Model 1.5 Ton 5 Star Split Dual Inverter with Faster Cooling and Energy Saving, AI Convertible...",4.2,42990,78990,45,"46,175 Ratings & 4,255 Reviews",Annual Power Usage: 744.75 kWhRoom Size: 111 - 150 sqft1 Year Manufacturing Warranty on Product,23,"46,175 Ratings "," 4,255 Reviews",46175,4255,LG,1.5,5.0,Split,744.75,111 - 150 sqft
Voltas 2025 Model 2 Ton 5 Star Split Inverter AC,4.2,56742,90000,36,327 Ratings & 33 Reviews,"Annual Power Usage: 959.19 kWhRoom Size: 151 - 200 sqft5 years warranty from the date of installation, (Inverter or Fixed Speed SACs) of Tonnage up to 2.2 Tr (Offer valid till 31st May 2026). It is applicable only for residential usage and does not apply to commercial or National Accounts customers, 5 Years warranty on PCB, 10 Years on Inverter Compressor",23,327 Ratings , 33 Reviews,327,33,Voltas,2.0,5.0,Split,959.19,151 - 200 sqft
Blue Star 2025 Model 1.5 Ton 3 Star Split Inverter AC,4.1,35713,63750,43,"26,862 Ratings & 2,253 Reviews",Annual Power Usage: 1012.44 UnitsRoom Size: 111 - 150 sqft1 Year Warranty on Product and 10 Years Warranty on Compressor,23,"26,862 Ratings "," 2,253 Reviews",26862,2253,Blue,1.5,3.0,Split,1012.44,111 - 150 sqft
Panasonic 2024 Model 1 Ton 5 Star Split Inverter with Wi-fi AC,4.2,51178,55400,7,"4,169 Ratings & 452 Reviews","Annual Power Usage: 523.98 UnitsRoom Size: 90 sqft or Below1 Year Warranty on Product, 5 Years Warranty on PCB and 10 Years Warranty on Inverter Compressor",23,"4,169 Ratings ", 452 Reviews,4169,452,Panasonic,1.0,5.0,Split,523.98,90 sqft
Godrej 2025 Model 1 Ton 3 Star Split Inverter 5-In-1-Convertible Cooling with Heavy Duty Cooling At Ex...,4.0,26490,38600,31,"8,298 Ratings & 716 Reviews","Annual Power Usage: 1034 UnitsRoom Size: 90 sqft or Below5 Years Warranty on Whole Product (Valid on sales post 1 Sep 2024, warranty can be availed after registering on Brand website within 7 days of purchase) and 10 Years Warranty on Compressor",23,"8,298 Ratings ", 716 Reviews,8298,716,Godrej,1.0,3.0,Split,1034.0,90 sqft
"CARRIER 2026 Model 1.5 Ton 3 Star Split AI Inverter Convertible 6-in-1 with Smart Energy Display, Inst...",4.2,32490,65500,50,"38,222 Ratings & 4,626 Reviews","Annual Power Usage: 854.39 kWhRoom Size: 111 - 150 sqft1 Year Warranty on Product, 5 Years on PCB and 10 Years on the Compressor",23,"38,222 Ratings "," 4,626 Reviews",38222,4626,CARRIER,1.5,3.0,Split,854.39,111 - 150 sqft
Voltas 2025 Model 1.5 Ton 3 Star Split Inverter AC,4.2,33490,64990,48,"83,437 Ratings & 7,067 Reviews",Annual Power Usage: 975.26 UnitsRoom Size: 111 - 150 sqft1 Year Warranty on Product and 10 Years Warranty on Compressor,23,"83,437 Ratings "," 7,067 Reviews",83437,7067,Voltas,1.5,3.0,Split,975.26,111 - 150 sqft
O-General 2023 Model 1.5 Ton 3 Star Split Fixed Speed AC,3.5,53990,65000,16,97 Ratings & 10 Reviews,Annual Power Usage: 1052.79 UnitsRoom Size: 111 - 150 sqft1 Year Warranty on Product and 10 Years Warranty on Compressor,23,97 Ratings , 10 Reviews,97,10,O,1.5,3.0,Split,1052.79,111 - 150 sqft
Whirlpool 2026 Model 1.5 Ton 3 Star Split Inverter AC,4.1,32240,57150,43,"30,027 Ratings & 3,540 Reviews","Annual Power Usage: 858.22 kWhRoom Size: 111 - 150 sqft1 year warranty on product, 5 years  warranty on compressor",23,"30,027 Ratings "," 3,540 Reviews",30027,3540,Whirlpool,1.5,3.0,Split,858.22,111 - 150 sqft
"Samsung Bespoke AI 2026 Model 1.5 ton 4 Star Split Inverter with Wi-fi Energy Saving, Voice Control, P...",4.1,38990,82990,53,"6,233 Ratings & 578 Reviews",Annual Power Usage: 713.57 kWhRoom Size: 111 - 150 sqft5 year comprehensive warranty on product and 10 years warranty on compressor,23,"6,233 Ratings ", 578 Reviews,6233,578,Samsung,1.5,4.0,Split,713.57,111 - 150 sqft
Godrej 2024 Model 1.5 Ton 3 Star Split Inverter 4 Way Air Swing AC,4.0,35060,48990,28,"22,727 Ratings & 1,770 Reviews","Annual Power Usage: 980.37 UnitsRoom Size: 111 - 150 sqft5 Years Warranty on Whole Product (Valid on sales post 1 Sep 2024, warranty can be availed after registering on Brand website within 7 days of purchase) and 10 Years Warranty on Compressor",23,"22,727 Ratings "," 1,770 Reviews",22727,1770,Godrej,1.5,3.0,Split,980.37,111 - 150 sqft
Hitachi 2023 Model 1 Ton 5 Star Split Inverter with Wi-fi Xpandable plus Ambience Light R 32 AC,4.1,38499,63350,39,958 Ratings & 167 Reviews,"Annual Power Usage: 533.61 UnitsRoom Size: 90 sqft or Below1 Year Warranty on Product, 5 Years Warranty on Controller (PCB) and 10 Years Warranty on Compressor",23,958 Ratings , 167 Reviews,958,167,Hitachi,1.0,5.0,Split,533.61,90 sqft
Haier 2025 Model 1.5 Ton 3 Star Split Inverter AC,4.0,35991,57500,37,"6,315 Ratings & 597 Reviews",Annual Power Usage: 953.49 kWhRoom Size: 111 - 150 sqft1 Year Warranty on Product and 10 Years Warranty on Compressor,23,"6,315 Ratings ", 597 Reviews,6315,597,Haier,1.5,3.0,Split,953.49,111 - 150 sqft
Panasonic 2025 Model 1 Ton 3 Star Split Inverter with Wi-fi AC,4.2,31980,54900,41,"5,369 Ratings & 613 Reviews",Annual Power Usage: 667.91 kWhRoom Size: 90 sqft or Below1 Year Warranty on Product and 10 Years Warranty on Compressor,23,"5,369 Ratings ", 613 Reviews,5369,613,Panasonic,1.0,3.0,Split,667.91,90 sqft
CARRIER 2026 Model 1.5 Ton 3 Star Split AI Inverter with Wi-fi Convertible 6-in-1 with Geo-Fencing & V...,4.2,33490,65900,49,"38,222 Ratings & 4,626 Reviews","Annual Power Usage: 854.39 kWhRoom Size: 111 - 150 sqft1 Year Warranty on Product, 5 Years on PCB and 10 Years on the Compressor",23,"38,222 Ratings "," 4,626 Reviews",38222,4626,CARRIER,1.5,3.0,Split,854.39,111 - 150 sqft
LG 2025 Model 1.5 Ton 5 Star Split AI Dual Inverter AI Convertible 6-in-1 Split with Faster Cooling an...,4.2,42990,78990,45,"46,175 Ratings & 4,255 Reviews","Annual Power Usage: 744.75 kWhRoom Size: 111 - 150 sqft1 Year Warranty on Product,5 year on Pcb and 10 Years Warranty on Compressor",23,"46,175 Ratings "," 4,255 Reviews",46175,4255,LG,1.5,5.0,Split,744.75,111 - 150 sqft
IFB 2026 Model 1.5 Ton 5 Star Split Inverter with Wi-fi AC,4.2,40900,79990,48,"15,363 Ratings & 1,538 Reviews",Room Size: 111 - 150 sqft,23,"15,363 Ratings "," 1,538 Reviews",15363,1538,IFB,1.5,5.0,Split,854.39,111 - 150 sqft
Voltas 2024 Model 1 Ton 3 Star Split Inverter AC,4.1,28769,55990,48,"8,721 Ratings & 907 Reviews",Annual Power Usage: 682.59 UnitsRoom Size: 90 sqft or Below1 Year Warranty on Product and 10 Years Warranty on Compressor,23,"8,721 Ratings ", 907 Reviews,8721,907,Voltas,1.0,3.0,Split,682.59,90 sqft
"Godrej 2025 Model 1.5 Ton 5 Star Split Inverter AI Powered, 5-In-1 Convertible, Heavy Duty Cooling At ...",4.0,33490,50600,33,"12,566 Ratings & 1,206 Reviews","Annual Power Usage: 736.46 kWhRoom Size: 111 - 150 sqft5 year warranty on whole product, 10 years warranty on compressor , Warranty can be availed after registering on Brand website within 7 days of purchase.",23,"12,566 Ratings "," 1,206 Reviews",12566,1206,Godrej,1.5,5.0,Split,736.46,111 - 150 sqft
Midea 2026 Model 1.5 Ton 3 Star Split AI Inverter with Wi-fi Convertible 6-in-1 with Turbo Mode for Fa...,4.3,29990,59700,49,"18,604 Ratings & 2,838 Reviews","Annual Power Usage: 854.39 kWhRoom Size: 111 - 150 sqft5 Year Comprehensive Warranty On Product,10 Year Warranty On Compressor",23,"18,604 Ratings "," 2,838 Reviews",18604,2838,Midea,1.5,3.0,Split,854.39,111 - 150 sqft
Blue Star 2023 Model 1.5 Ton 5 Star Split Inverter AC,4.1,50569,74166,31,"15,220 Ratings & 1,237 Reviews",Annual Power Usage: 776.36 UnitsRoom Size: 111 - 150 sqft1 Year Warranty on Product and 5 Years Warranty on Compressor,24,"15,220 Ratings "," 1,237 Reviews",15220,1237,Blue,1.5,5.0,Split,776.36,111 - 150 sqft
Hisense 2020 Model 1 Ton 5 Star Split Inverter with Wi-fi Smart AC,4.3,35544,37990,6,87 Ratings & 21 Reviews,"Annual Power Usage: 925 UnitsRoom Size: 90 sqft or Below1 Year on Product, 1 Year on Condenser and 10 Years on Compressor",24,87 Ratings , 21 Reviews,87,21,Hisense,1.0,5.0,Split,925.0,90 sqft
Voltas 2025 Model 1.5 Ton 3 Star Split Inverter AC,4.2,33490,64990,48,"83,437 Ratings & 7,067 Reviews",Annual Power Usage: 975.26 UnitsRoom Size: 111 - 150 sqft1 Year Warranty on Product and 10 Years Warranty on Compressor,24,"83,437 Ratings "," 7,067 Reviews",83437,7067,Voltas,1.5,3.0,Split,975.26,111 - 150 sqft
Whirlpool 2018 Model 1.5 Ton 5 Star Split Inverter AC,4.2,32999,52500,37,"21,787 Ratings & 2,439 Reviews","Annual Power Usage: 0 UnitsRoom Size: 111 - 150 sqft1 Year on Comprehensive Unit , 10 years on compressor & 5 years on condensor",24,"21,787 Ratings "," 2,439 Reviews",21787,2439,Whirlpool,1.5,5.0,Split,0.0,111 - 150 sqft
Voltas 2026 Model 1.5 Ton 3 Star Split Inverter AC,4.2,33990,60990,44,"83,437 Ratings & 7,067 Reviews","Annual Power Usage: 900.94 kWhRoom Size: 111 - 150 sqft1 Year Warranty On Product,10 Years Warranty On Compressor",24,"83,437 Ratings "," 7,067 Reviews",83437,7067,Voltas,1.5,3.0,Split,900.94,111 - 150 sqft
"LG 2025 Model 1.5 Ton 5 Star Split Dual Inverter with Faster Cooling and Energy Saving, AI Convertible...",4.2,42990,78990,45,"46,175 Ratings & 4,255 Reviews",Annual Power Usage: 744.75 kWhRoom Size: 111 - 150 sqft1 Year Manufacturing Warranty on Product,24,"46,175 Ratings "," 4,255 Reviews",46175,4255,LG,1.5,5.0,Split,744.75,111 - 150 sqft
Voltas 2026 Model 1.5 Ton 5 Star Split Inverter AC,4.2,52990,80990,34,"41,002 Ratings & 3,819 Reviews","Annual Power Usage: 732.96 kWhRoom Size: 111 - 150 sqft1 Year Warranty On Product,10 Years Warranty On Compressor",24,"41,002 Ratings "," 3,819 Reviews",41002,3819,Voltas,1.5,5.0,Split,732.96,111 - 150 sqft
"IFB 2023 Model 2 Ton 3 Star Split Inverter Smart Ready, 7 Stage Air Treatment AC",4.2,42490,63490,33,"1,194 Ratings & 115 Reviews","Annual Power Usage: 1248.28 UnitsRoom Size: 151 - 200 sqft1 Year Warranty on Product, 4 Years Super Warranty (T&C Apply), 5 Years Warranty on ODU PCB and 10 Years Warranty on Compressor from IFB",24,"1,194 Ratings ", 115 Reviews,1194,115,IFB,2.0,3.0,Split,1248.28,151 - 200 sqft
Godrej 2025 Model 1 Ton 3 Star Split Inverter 5-In-1-Convertible Cooling with Heavy Duty Cooling At Ex...,4.0,26490,38600,31,"8,298 Ratings & 716 Reviews","Annual Power Usage: 1034 UnitsRoom Size: 90 sqft or Below5 Years Warranty on Whole Product (Valid on sales post 1 Sep 2024, warranty can be availed after registering on Brand website within 7 days of purchase) and 10 Years Warranty on Compressor",24,"8,298 Ratings ", 716 Reviews,8298,716,Godrej,1.0,3.0,Split,1034.0,90 sqft
"CARRIER 2026 Model 1.5 Ton 3 Star Split AI Inverter Convertible 6-in-1 with Smart Energy Display, Inst...",4.2,32490,65500,50,"38,222 Ratings & 4,626 Reviews","Annual Power Usage: 854.39 kWhRoom Size: 111 - 150 sqft1 Year Warranty on Product, 5 Years on PCB and 10 Years on the Compressor",24,"38,222 Ratings "," 4,626 Reviews",38222,4626,CARRIER,1.5,3.0,Split,854.39,111 - 150 sqft
Voltas 2022 Model 1.5 Ton 5 Star Split Inverter AC,4.2,38799,77990,50,"41,002 Ratings & 3,819 Reviews",Annual Power Usage: 759.07 UnitsRoom Size: 111 - 150 sqft1 Year Warranty on Product and 10 Years Warranty on Compressor,24,"41,002 Ratings "," 3,819 Reviews",41002,3819,Voltas,1.5,5.0,Split,759.07,111 - 150 sqft
"LG 2024 Model 1 Ton 3 Star Split Inverter 2 Way Swing, HD Filter with Anti-Virus Protection with VIRAA...",4.2,37026,67993,45,"5,759 Ratings & 684 Reviews","Annual Power Usage: 642.26 UnitsRoom Size: 90 sqft or Below1 Year Warranty on Product, 5 Years Warranty on PCB and 10 Years Warranty on Compressor with Gas Charging (T&C)",24,"5,759 Ratings ", 684 Reviews,5759,684,LG,1.0,3.0,Split,642.26,90 sqft
Blue Star 2024 Model 1.5 Ton 3 Star Hot and Cold Split Inverter AC,4.1,43603,69250,37,"26,862 Ratings & 2,253 Reviews","Annual Power Usage: 999.75 UnitsRoom Size: 111 - 150 sqft1 Year Warranty on Product, 10 Years Warranty on Compressor and 5 Years Warranty on PCB (Excluding Remote Handset)",24,"26,862 Ratings "," 2,253 Reviews",26862,2253,Blue,1.5,3.0,Split,999.75,111 - 150 sqft
Godrej 2024 Model 1.5 Ton 3 Star Split Inverter 4 Way Air Swing AC,4.0,32500,48900,33,"22,727 Ratings & 1,770 Reviews","Annual Power Usage: 980.37 UnitsRoom Size: 111 - 150 sqft5 Years Warranty on Whole Product (Valid on sales post 1 Sep 2024, warranty can be availed after registering on Brand website within 7 days of purchase) and 10 Years Warranty on Compressor",24,"22,727 Ratings "," 1,770 Reviews",22727,1770,Godrej,1.5,3.0,Split,980.37,111 - 150 sqft
Whirlpool 2026 Model 1.5 Ton 3 Star Split Inverter AC,4.1,32240,57150,43,"30,027 Ratings & 3,540 Reviews","Annual Power Usage: 858.22 kWhRoom Size: 111 - 150 sqft1 year warranty on product, 5 years  warranty on compressor",24,"30,027 Ratings "," 3,540 Reviews",30027,3540,Whirlpool,1.5,3.0,Split,858.22,111 - 150 sqft
Samsung 2025 Model 1.5 Ton 5 Star Split Inverter with Wi-fi AC,4.2,36490,72990,50,"26,515 Ratings & 2,683 Reviews",Annual Power Usage: 751.24 WRoom Size: 111 - 150 sqft5 Years Comprehensive Warranty on AC and 10 Years Warranty on Compressor,24,"26,515 Ratings "," 2,683 Reviews",26515,2683,Samsung,1.5,5.0,Split,751.24,111 - 150 sqft
Hitachi 2025 Model 1 Ton 3 Star Split Inverter AC,3.9,31490,48990,35,"2,394 Ratings & 305 Reviews",Annual Power Usage: 698.63 kWhRoom Size: 90 sqft or Below,24,"2,394 Ratings ", 305 Reviews,2394,305,Hitachi,1.0,3.0,Split,698.63,90 sqft
Daikin 2023 Model 0.8 Ton 3 Star Split Fixed Speed AC,4.2,29384,37400,21,"4,829 Ratings & 484 Reviews",Annual Power Usage: 548.84 UnitsRoom Size: 90 sqft or Below1 Year Warranty on Product and  5 Years Warranty on PCB and 10 Years Warranty on Compressor,24,"4,829 Ratings ", 484 Reviews,4829,484,Daikin,0.8,3.0,Split,548.84,90 sqft
"Samsung Bespoke AI 2026 Model 1.5 ton 4 Star Split Inverter with Wi-fi Energy Saving, Voice Control, P...",4.1,38990,82990,53,"6,233 Ratings & 578 Reviews",Annual Power Usage: 713.57 kWhRoom Size: 111 - 150 sqft5 year comprehensive warranty on product and 10 years warranty on compressor,24,"6,233 Ratings ", 578 Reviews,6233,578,Samsung,1.5,4.0,Split,713.57,111 - 150 sqft
CARRIER 2026 Model 1.5 Ton 3 Star Split AI Inverter with Wi-fi Convertible 6-in-1 with Geo-Fencing & V...,4.2,33490,65900,49,"38,222 Ratings & 4,626 Reviews","Annual Power Usage: 854.39 kWhRoom Size: 111 - 150 sqft1 Year Warranty on Product, 5 Years on PCB and 10 Years on the Compressor",24,"38,222 Ratings "," 4,626 Reviews",38222,4626,CARRIER,1.5,3.0,Split,854.39,111 - 150 sqft
Blue Star 2023 Model 1.5 Ton 3 Star Window Fixed Speed AC,4.2,34668,39507,12,"1,912 Ratings & 181 Reviews",Annual Power Usage: 1168.9 UnitsRoom Size: 111 - 150 sqft1 Year Comprehensive Warranty on AC and 5 Years Warranty on Compressor,24,"1,912 Ratings ", 181 Reviews,1912,181,Blue,1.5,3.0,Window,1168.9,111 - 150 sqft
Haier 2025 Model 1.6 Ton 5 Star Split Inverter with Wi-fi AC,4.2,43990,80000,45,171 Ratings & 15 Reviews,"Annual Power Usage: 836.95 WRoom Size: 151 - 200 sqft1 Year Product Warranty, 5 Years comprehensive warranty and 12 Years Warranty on Compressor",24,171 Ratings , 15 Reviews,171,15,Haier,1.6,5.0,Split,836.95,151 - 200 sqft
Godrej 2026 Model 1 Ton 5 Star Split Inverter AC,4.0,33790,46000,26,"2,579 Ratings & 244 Reviews",Annual Power Usage: 468.65 UnitsRoom Size: 90 sqft or Below1 Year Comprehensive Warranty,24,"2,579 Ratings ", 244 Reviews,2579,244,Godrej,1.0,5.0,Split,468.65,90 sqft
Voltas 2026 Model 1 Ton 2 Star Window Fixed Speed AC,3.7,27549,32990,16,79 Ratings & 11 Reviews,Room Size: 90 sqft or Below,24,79 Ratings , 11 Reviews,79,11,Voltas,1.0,2.0,Window,854.39,90 sqft
Voltas 2026 Model 1.5 Ton 3 Star Split Inverter AC,4.2,33990,60990,44,"83,437 Ratings & 7,067 Reviews","Annual Power Usage: 900.94 kWhRoom Size: 111 - 150 sqft1 Year Warranty On Product,10 Years Warranty On Compressor",25,"83,437 Ratings "," 7,067 Reviews",83437,7067,Voltas,1.5,3.0,Split,900.94,111 - 150 sqft
"LG 2025 Model 1.5 Ton 5 Star Split Dual Inverter with Faster Cooling and Energy Saving, AI Convertible...",4.2,42990,78990,45,"46,175 Ratings & 4,255 Reviews",Annual Power Usage: 744.75 kWhRoom Size: 111 - 150 sqft1 Year Manufacturing Warranty on Product,25,"46,175 Ratings "," 4,255 Reviews",46175,4255,LG,1.5,5.0,Split,744.75,111 - 150 sqft
Lloyd 2022 Model 1 Ton 3 Star Window Fixed Speed AC,4.1,26738,44049,39,968 Ratings & 111 Reviews,Annual Power Usage: 774.11 UnitsRoom Size: 90 sqft or Below1 Year Warranty on Product and 10 Years Warranty on Compressor,25,968 Ratings , 111 Reviews,968,111,Lloyd,1.0,3.0,Window,774.11,90 sqft
Whirlpool 2021 Model 1.5 Ton 3 Star Split Inverter AC,4.1,32850,62500,47,"30,027 Ratings & 3,540 Reviews","Annual Power Usage: 1029.65 UnitsRoom Size: 111 - 150 sqft1 Year Warranty on Product, 1 Year on Condenser and 10 Years on Compressor from Whirlpool",25,"30,027 Ratings "," 3,540 Reviews",30027,3540,Whirlpool,1.5,3.0,Split,1029.65,111 - 150 sqft
Godrej 2025 Model 1 Ton 3 Star Split Inverter 5-In-1-Convertible Cooling with Heavy Duty Cooling At Ex...,4.0,26490,38600,31,"8,298 Ratings & 716 Reviews","Annual Power Usage: 1034 UnitsRoom Size: 90 sqft or Below5 Years Warranty on Whole Product (Valid on sales post 1 Sep 2024, warranty can be availed after registering on Brand website within 7 days of purchase) and 10 Years Warranty on Compressor",25,"8,298 Ratings ", 716 Reviews,8298,716,Godrej,1.0,3.0,Split,1034.0,90 sqft
"CARRIER 2026 Model 1.5 Ton 3 Star Split AI Inverter Convertible 6-in-1 with Smart Energy Display, Inst...",4.2,32490,65500,50,"38,222 Ratings & 4,626 Reviews","Annual Power Usage: 854.39 kWhRoom Size: 111 - 150 sqft1 Year Warranty on Product, 5 Years on PCB and 10 Years on the Compressor",25,"38,222 Ratings "," 4,626 Reviews",38222,4626,CARRIER,1.5,3.0,Split,854.39,111 - 150 sqft
Samsung 2026 Model 1 Ton 5 Star Split Inverter with Wi-fi AC,4.2,36990,50990,27,"1,195 Ratings & 136 Reviews",Annual Power Usage: 448.81 UnitsRoom Size: 90 sqft or Below5 Years Comprehensive Warranty(1 Year Standard + 4 Year Extended),25,"1,195 Ratings ", 136 Reviews,1195,136,Samsung,1.0,5.0,Split,448.81,90 sqft
CARRIER 2024 Model 2 Ton 3 Star Split Inverter with Wi-fi AC,4.2,49500,82500,40,"4,267 Ratings & 497 Reviews","Annual Power Usage: 1249.82 UnitsRoom Size: 151 - 200 sqft1 Year Comprehensive Warranty on Prodcut, 5 Years Warranty on PCB and 10 Years Warranty on Compressor",25,"4,267 Ratings ", 497 Reviews,4267,497,CARRIER,2.0,3.0,Split,1249.82,151 - 200 sqft
Whirlpool 2026 Model 1.5 Ton 3 Star Split Inverter AC,4.1,32240,57150,43,"30,027 Ratings & 3,540 Reviews","Annual Power Usage: 858.22 kWhRoom Size: 111 - 150 sqft1 year warranty on product, 5 years  warranty on compressor",25,"30,027 Ratings "," 3,540 Reviews",30027,3540,Whirlpool,1.5,3.0,Split,858.22,111 - 150 sqft
Samsung 2025 Model 1.5 Ton 5 Star Split Inverter with Wi-fi AC,4.2,36490,72990,50,"26,515 Ratings & 2,683 Reviews",Annual Power Usage: 751.24 WRoom Size: 111 - 150 sqft5 Years Comprehensive Warranty on AC and 10 Years Warranty on Compressor,25,"26,515 Ratings "," 2,683 Reviews",26515,2683,Samsung,1.5,5.0,Split,751.24,111 - 150 sqft
Voltas 2021 Model 1.2 Ton 3 Star Split Inverter AC,4.2,26366,54990,52,"8,770 Ratings & 979 Reviews",Annual Power Usage: 1700 UnitsRoom Size: 91 - 110 sqft1 Year on Product and 5 Years on Compressor from Voltas,25,"8,770 Ratings ", 979 Reviews,8770,979,Voltas,1.2,3.0,Split,1700.0,91 - 110 sqft
Panasonic 2025 Model 1.5 Ton 5 Star Window Inverter AC,4.3,38990,48650,19,129 Ratings & 14 Reviews,"Annual Power Usage: 1071.89 kWhRoom Size: 111 - 150 sqft1 Year Comprehensive warranty on Product,
5 Years warranty on PCB & 
10 Years warranty on Compressor",25,129 Ratings , 14 Reviews,129,14,Panasonic,1.5,5.0,Window,1071.89,111 - 150 sqft
"Samsung Bespoke AI 2026 Model 1.5 ton 4 Star Split Inverter with Wi-fi Energy Saving, Voice Control, P...",4.1,38990,82990,53,"6,233 Ratings & 578 Reviews",Annual Power Usage: 713.57 kWhRoom Size: 111 - 150 sqft5 year comprehensive warranty on product and 10 years warranty on compressor,25,"6,233 Ratings ", 578 Reviews,6233,578,Samsung,1.5,4.0,Split,713.57,111 - 150 sqft
CARRIER 2026 Model 1.5 Ton 3 Star Split AI Inverter with Wi-fi Convertible 6-in-1 with Geo-Fencing & V...,4.2,33490,65900,49,"38,222 Ratings & 4,626 Reviews","Annual Power Usage: 854.39 kWhRoom Size: 111 - 150 sqft1 Year Warranty on Product, 5 Years on PCB and 10 Years on the Compressor",25,"38,222 Ratings "," 4,626 Reviews",38222,4626,CARRIER,1.5,3.0,Split,854.39,111 - 150 sqft
Hitachi 2026 Model 2 Ton 3 Star Split Inverter AC,4.0,49490,73990,33,544 Ratings & 69 Reviews,"Annual Power Usage: 1140.91 kWhRoom Size: 151 - 200 sqft1 Year Warranty On Product, 5 Year Warranty on PCB & 10 Year Warranty on Compressor.",25,544 Ratings , 69 Reviews,544,69,Hitachi,2.0,3.0,Split,1140.91,151 - 200 sqft
Godrej 2024 Model 1.7 Ton 3 Star Split Inverter AC,4.4,32549,49900,34,27 Ratings & 3 Reviews,"Annual Power Usage: 1118.35 UnitsRoom Size: 151 - 200 sqft1 Year on Product, 5 Years on PCB and 10 Years on Compressor",25,27 Ratings , 3 Reviews,27,3,Godrej,1.7,3.0,Split,1118.35,151 - 200 sqft
Whirlpool 2026 Model 1.5 Ton 3 Star Split Inverter AC,4.1,33790,69900,51,"30,027 Ratings & 3,540 Reviews","Annual Power Usage: 893.62 kWhRoom Size: 111 - 150 sqft1 Year Comprehensive Warranty, 10 Years Warranty on Compressor and 5 Years Warranty on PCB",25,"30,027 Ratings "," 3,540 Reviews",30027,3540,Whirlpool,1.5,3.0,Split,893.62,111 - 150 sqft
LG 2025 Model 1.5 Ton 5 Star Split AI Dual Inverter AI Convertible 6-in-1 Split with Faster Cooling an...,4.2,42990,78990,45,"46,175 Ratings & 4,255 Reviews","Annual Power Usage: 744.75 kWhRoom Size: 111 - 150 sqft1 Year Warranty on Product,5 year on Pcb and 10 Years Warranty on Compressor",25,"46,175 Ratings "," 4,255 Reviews",46175,4255,LG,1.5,5.0,Split,744.75,111 - 150 sqft
Midea 2026 Model 1.5 Ton 3 Star Split AI Inverter with Wi-fi Convertible 6-in-1 with Turbo Mode for Fa...,4.3,29990,59700,49,"18,604 Ratings & 2,838 Reviews","Annual Power Usage: 854.39 kWhRoom Size: 111 - 150 sqft5 Year Comprehensive Warranty On Product,10 Year Warranty On Compressor",25,"18,604 Ratings "," 2,838 Reviews",18604,2838,Midea,1.5,3.0,Split,854.39,111 - 150 sqft
Whirlpool 2025 Model 1 Ton 3 Star Split Inverter AC,4.1,28500,36500,21,"10,799 Ratings & 1,227 Reviews",Annual Power Usage: 652.12 UnitsRoom Size: 90 sqft or Below,25,"10,799 Ratings "," 1,227 Reviews",10799,1227,Whirlpool,1.0,3.0,Split,652.12,90 sqft
Voltas 2026 Model 1.5 Ton 3 Star Split Inverter AC,4.2,33990,60990,44,"83,437 Ratings & 7,067 Reviews","Annual Power Usage: 900.94 kWhRoom Size: 111 - 150 sqft1 Year Warranty On Product,10 Years Warranty On Compressor",26,"83,437 Ratings "," 7,067 Reviews",83437,7067,Voltas,1.5,3.0,Split,900.94,111 - 150 sqft
"LG 2025 Model 1.5 Ton 5 Star Split Dual Inverter with Faster Cooling and Energy Saving, AI Convertible...",4.2,42990,78990,45,"46,175 Ratings & 4,255 Reviews",Annual Power Usage: 744.75 kWhRoom Size: 111 - 150 sqft1 Year Manufacturing Warranty on Product,26,"46,175 Ratings "," 4,255 Reviews",46175,4255,LG,1.5,5.0,Split,744.75,111 - 150 sqft
Hisense 2024 Model 1.5 Ton 5 Star Split Inverter 4-in-1 Convertible With Intelligent 4 modes and PM 2....,4.2,38990,60000,35,828 Ratings & 164 Reviews,"Annual Power Usage: 767.34 UnitsRoom Size: 111 - 150 sqft1 Year Comprehensive Warranty on Product, 5 Years Warranty on PCB and 10 Years Warranty on Compressor",26,828 Ratings , 164 Reviews,828,164,Hisense,1.5,5.0,Split,767.34,111 - 150 sqft
Blue Star 2022 Model 1 Ton 5 Star Split Inverter AC,4.0,37950,55400,31,"2,676 Ratings & 255 Reviews",Annual Power Usage: 517.12 UnitsRoom Size: 90 sqft or Below1 Year Comprehensive Warranty on Product and 10 Years Warranty on Compressor,26,"2,676 Ratings ", 255 Reviews,2676,255,Blue,1.0,5.0,Split,517.12,90 sqft
CARRIER 2025 Model 1.5 Ton 3 Star Split Inverter with Wi-fi AC,4.2,34990,68500,48,"38,222 Ratings & 4,626 Reviews",Annual Power Usage: 613.7 UnitsRoom Size: 111 - 150 sqft1-Year Comprehensive Warranty On The Product,26,"38,222 Ratings "," 4,626 Reviews",38222,4626,CARRIER,1.5,3.0,Split,613.7,111 - 150 sqft
Godrej 2025 Model 1 Ton 3 Star Split Inverter 5-In-1-Convertible Cooling with Heavy Duty Cooling At Ex...,4.0,26490,38600,31,"8,298 Ratings & 716 Reviews","Annual Power Usage: 1034 UnitsRoom Size: 90 sqft or Below5 Years Warranty on Whole Product (Valid on sales post 1 Sep 2024, warranty can be availed after registering on Brand website within 7 days of purchase) and 10 Years Warranty on Compressor",26,"8,298 Ratings ", 716 Reviews,8298,716,Godrej,1.0,3.0,Split,1034.0,90 sqft
"CARRIER 2026 Model 1.5 Ton 3 Star Split AI Inverter Convertible 6-in-1 with Smart Energy Display, Inst...",4.2,32490,65500,50,"38,222 Ratings & 4,626 Reviews","Annual Power Usage: 854.39 kWhRoom Size: 111 - 150 sqft1 Year Warranty on Product, 5 Years on PCB and 10 Years on the Compressor",26,"38,222 Ratings "," 4,626 Reviews",38222,4626,CARRIER,1.5,3.0,Split,854.39,111 - 150 sqft
"Sharp 2025 Model 1.5 Ton 5 Star Split Inverter 5 in 1 Convertible7 Stage Health Filters, Turbo Cool Te...",3.8,27990,64990,56,29 Ratings & 4 Reviews,"Annual Power Usage: 782.92 kWhRoom Size: 111 - 150 sqft1 Year Comprehensive Warranty, 5 years on PCB, 10 Years on Compressor",26,29 Ratings , 4 Reviews,29,4,Sharp,1.5,5.0,Split,782.92,111 - 150 sqft
Whirlpool 2026 Model 1.5 Ton 3 Star Split Inverter AC,4.1,32240,57150,43,"30,027 Ratings & 3,540 Reviews","Annual Power Usage: 858.22 kWhRoom Size: 111 - 150 sqft1 year warranty on product, 5 years  warranty on compressor",26,"30,027 Ratings "," 3,540 Reviews",30027,3540,Whirlpool,1.5,3.0,Split,858.22,111 - 150 sqft
Samsung 2025 Model 1.5 Ton 5 Star Split Inverter with Wi-fi AC,4.2,36490,72990,50,"26,515 Ratings & 2,683 Reviews",Annual Power Usage: 751.24 WRoom Size: 111 - 150 sqft5 Years Comprehensive Warranty on AC and 10 Years Warranty on Compressor,26,"26,515 Ratings "," 2,683 Reviews",26515,2683,Samsung,1.5,5.0,Split,751.24,111 - 150 sqft
CARRIER 2026 Model 1.5 Ton 3 Star Window Fixed Speed AC,4.3,36499,47090,22,"2,583 Ratings & 291 Reviews",Annual Power Usage: 1122.36 UnitsRoom Size: 111 - 150 sqft1 Year Comprehensive Warranty,26,"2,583 Ratings ", 291 Reviews,2583,291,CARRIER,1.5,3.0,Window,1122.36,111 - 150 sqft
Daikin 2024 Model 0.9 Ton 3 Star Split Fixed Speed AC,4.0,33758,38798,12,87 Ratings & 7 Reviews,"Annual Power Usage: 574.39 UnitsRoom Size: 90 sqft or Below1 Year on Product, 5 Years on PCB and 10 Years on Compressor",26,87 Ratings , 7 Reviews,87,7,Daikin,0.9,3.0,Split,574.39,90 sqft
Godrej 2025 Model 2 Ton 5 Star Split Inverter AC,3.8,50490,63600,20,279 Ratings & 26 Reviews,Room Size: 151 - 200 sqft,26,279 Ratings , 26 Reviews,279,26,Godrej,2.0,5.0,Split,854.39,151 - 200 sqft
MITSUBISHI HEAVY INDUSTRIES 2025 Model 1.65 Ton 5 Star Split Hyper Inverter Hyper Inverter AC AC,2.7,62490,72000,13,6 Ratings & 0 Reviews,"Annual Power Usage: 791.12 kWhRoom Size: 151 - 200 sqft1 Year Warranty on Product ,1 year warranty on PCB and 5 Years Warranty on Compressor",26,6 Ratings , 0 Reviews,6,0,MITSUBISHI,1.65,5.0,Split,791.12,151 - 200 sqft
"Samsung Bespoke AI 2026 Model 1.5 ton 4 Star Split Inverter with Wi-fi Energy Saving, Voice Control, P...",4.1,38990,82990,53,"6,233 Ratings & 578 Reviews",Annual Power Usage: 713.57 kWhRoom Size: 111 - 150 sqft5 year comprehensive warranty on product and 10 years warranty on compressor,26,"6,233 Ratings ", 578 Reviews,6233,578,Samsung,1.5,4.0,Split,713.57,111 - 150 sqft
CARRIER 2026 Model 1.5 Ton 3 Star Split AI Inverter with Wi-fi Convertible 6-in-1 with Geo-Fencing & V...,4.2,33490,65900,49,"38,222 Ratings & 4,626 Reviews","Annual Power Usage: 854.39 kWhRoom Size: 111 - 150 sqft1 Year Warranty on Product, 5 Years on PCB and 10 Years on the Compressor",26,"38,222 Ratings "," 4,626 Reviews",38222,4626,CARRIER,1.5,3.0,Split,854.39,111 - 150 sqft
Hitachi 2023 Model 1 Ton 3 Star Split Inverter Xpandable plus Ambience Light R 32 AC,3.9,29136,54334,46,"2,394 Ratings & 305 Reviews","Annual Power Usage: 669.16 UnitsRoom Size: 90 sqft or Below1 Year Warranty on Product, 5 Years Warranty on Controller (PCB) and 10 Years Warranty on Compressor",26,"2,394 Ratings ", 305 Reviews,2394,305,Hitachi,1.0,3.0,Split,669.16,90 sqft
Godrej 2023 Model 2 Ton 3 Star Split Inverter i-sense Technology with Blue Fin Anti Corrosive Coating ...,3.9,39999,60990,34,"2,151 Ratings & 134 Reviews","Annual Power Usage: 1201.27 UnitsRoom Size: 151 - 200 sqft5 Years Warranty on Whole Product (Valid on sales post 1 Sep 2024, warranty can be availed after registering on Brand website within 30 days of purchase) and 10 Years Warranty on Compressor",26,"2,151 Ratings ", 134 Reviews,2151,134,Godrej,2.0,3.0,Split,1201.27,151 - 200 sqft
LG 2025 Model 1.5 Ton 5 Star Split AI Dual Inverter AI Convertible 6-in-1 Split with Faster Cooling an...,4.2,42990,78990,45,"46,175 Ratings & 4,255 Reviews","Annual Power Usage: 744.75 kWhRoom Size: 111 - 150 sqft1 Year Warranty on Product,5 year on Pcb and 10 Years Warranty on Compressor",26,"46,175 Ratings "," 4,255 Reviews",46175,4255,LG,1.5,5.0,Split,744.75,111 - 150 sqft
Midea 2026 Model 1.5 Ton 3 Star Split AI Inverter with Wi-fi Convertible 6-in-1 with Turbo Mode for Fa...,4.3,29990,59700,49,"18,604 Ratings & 2,838 Reviews","Annual Power Usage: 854.39 kWhRoom Size: 111 - 150 sqft5 Year Comprehensive Warranty On Product,10 Year Warranty On Compressor",26,"18,604 Ratings "," 2,838 Reviews",18604,2838,Midea,1.5,3.0,Split,854.39,111 - 150 sqft
Blue Star 2023 Model 1.5 Ton 3 Star Split Inverter AC,4.1,37500,61500,39,"26,862 Ratings & 2,253 Reviews",Annual Power Usage: 1001.2 UnitsRoom Size: 111 - 150 sqft1 Year Warranty on Product and 10 Years Warranty on Compressor,26,"26,862 Ratings "," 2,253 Reviews",26862,2253,Blue,1.5,3.0,Split,1001.2,111 - 150 sqft
CARRIER 2025 Model 1 Ton 3 Star Split Inverter with Wi-fi AC,4.2,33499,58690,42,"13,833 Ratings & 1,614 Reviews",Annual Power Usage: 685.62 kWhRoom Size: 90 sqft or Below1 Year warranty on product,26,"13,833 Ratings "," 1,614 Reviews",13833,1614,CARRIER,1.0,3.0,Split,685.62,90 sqft
Voltas 2026 Model 1.5 Ton 3 Star Split Inverter AC,4.2,33990,60990,44,"83,437 Ratings & 7,067 Reviews","Annual Power Usage: 900.94 kWhRoom Size: 111 - 150 sqft1 Year Warranty On Product,10 Years Warranty On Compressor",27,"83,437 Ratings "," 7,067 Reviews",83437,7067,Voltas,1.5,3.0,Split,900.94,111 - 150 sqft
"LG 2025 Model 1.5 Ton 5 Star Split Dual Inverter with Faster Cooling and Energy Saving, AI Convertible...",4.2,42990,78990,45,"46,175 Ratings & 4,255 Reviews",Annual Power Usage: 744.75 kWhRoom Size: 111 - 150 sqft1 Year Manufacturing Warranty on Product,27,"46,175 Ratings "," 4,255 Reviews",46175,4255,LG,1.5,5.0,Split,744.75,111 - 150 sqft
CARRIER 2025 Model 1.5 Ton 5 Star Split Inverter AC,4.2,45850,70500,34,"26,219 Ratings & 3,537 Reviews",Annual Power Usage: 789.6 WRoom Size: 111 - 150 sqft1 Year Comprehensive Warranty on Product and 10 Years on Compressor,27,"26,219 Ratings "," 3,537 Reviews",26219,3537,CARRIER,1.5,5.0,Split,789.6,111 - 150 sqft
Godrej 2025 Model 1 Ton 3 Star Split Inverter 5-In-1-Convertible Cooling with Heavy Duty Cooling At Ex...,4.0,26490,38600,31,"8,298 Ratings & 716 Reviews","Annual Power Usage: 1034 UnitsRoom Size: 90 sqft or Below5 Years Warranty on Whole Product (Valid on sales post 1 Sep 2024, warranty can be availed after registering on Brand website within 7 days of purchase) and 10 Years Warranty on Compressor",27,"8,298 Ratings ", 716 Reviews,8298,716,Godrej,1.0,3.0,Split,1034.0,90 sqft
"CARRIER 2026 Model 1.5 Ton 3 Star Split AI Inverter Convertible 6-in-1 with Smart Energy Display, Inst...",4.2,32490,65500,50,"38,222 Ratings & 4,626 Reviews","Annual Power Usage: 854.39 kWhRoom Size: 111 - 150 sqft1 Year Warranty on Product, 5 Years on PCB and 10 Years on the Compressor",27,"38,222 Ratings "," 4,626 Reviews",38222,4626,CARRIER,1.5,3.0,Split,854.39,111 - 150 sqft
Blue Star 2025 Model 1 Ton 3 Star Split Inverter AC,4.0,32707,51750,36,"4,839 Ratings & 434 Reviews","Annual Power Usage: 676.06 WRoom Size: 90 sqft or Below1 Year Warranty on Product and 5 Year PCB Warranty, 10 Years Warranty on Compressor",27,"4,839 Ratings ", 434 Reviews,4839,434,Blue,1.0,3.0,Split,676.06,90 sqft
CARRIER 2026 Model 1.5 Ton 3 Star Window Fixed Speed AC,4.3,36499,47090,22,"2,583 Ratings & 291 Reviews",Annual Power Usage: 1122.36 UnitsRoom Size: 111 - 150 sqft1 Year Comprehensive Warranty,27,"2,583 Ratings ", 291 Reviews,2583,291,CARRIER,1.5,3.0,Window,1122.36,111 - 150 sqft
Whirlpool 2020 Model 1.5 Ton 5 Star Split Inverter AC,4.2,36850,70500,47,"21,787 Ratings & 2,439 Reviews",Annual Power Usage: 867.41 UnitsRoom Size: 111 - 150 sqft1 Year Warranty on Product and 10 Years on Compressor,27,"21,787 Ratings "," 2,439 Reviews",21787,2439,Whirlpool,1.5,5.0,Split,867.41,111 - 150 sqft
Godrej 2025 Model 2 Ton 5 Star Split Inverter AC,3.8,50490,63600,20,279 Ratings & 26 Reviews,Room Size: 151 - 200 sqft,27,279 Ratings , 26 Reviews,279,26,Godrej,2.0,5.0,Split,854.39,151 - 200 sqft
Whirlpool 2026 Model 1.5 Ton 3 Star Split Inverter AC,4.1,32240,57150,43,"30,027 Ratings & 3,540 Reviews","Annual Power Usage: 858.22 kWhRoom Size: 111 - 150 sqft1 year warranty on product, 5 years  warranty on compressor",27,"30,027 Ratings "," 3,540 Reviews",30027,3540,Whirlpool,1.5,3.0,Split,858.22,111 - 150 sqft
"Samsung Bespoke AI 2026 Model 1.5 ton 4 Star Split Inverter with Wi-fi Energy Saving, Voice Control, P...",4.1,38990,82990,53,"6,233 Ratings & 578 Reviews",Annual Power Usage: 713.57 kWhRoom Size: 111 - 150 sqft5 year comprehensive warranty on product and 10 years warranty on compressor,27,"6,233 Ratings ", 578 Reviews,6233,578,Samsung,1.5,4.0,Split,713.57,111 - 150 sqft
Hitachi 2023 Model 1 Ton 3 Star Split Inverter Xpandable plus Ambience Light R 32 AC,3.9,29136,54334,46,"2,394 Ratings & 305 Reviews","Annual Power Usage: 669.16 UnitsRoom Size: 90 sqft or Below1 Year Warranty on Product, 5 Years Warranty on Controller (PCB) and 10 Years Warranty on Compressor",27,"2,394 Ratings ", 305 Reviews,2394,305,Hitachi,1.0,3.0,Split,669.16,90 sqft
Blue Star 2025 Model 1.5 Ton 5 Star Split Inverter AC,4.1,45400,75500,39,"15,220 Ratings & 1,237 Reviews",Annual Power Usage: 783.33 WRoom Size: 111 - 150 sqft1 Year Comprehensive Warranty,27,"15,220 Ratings "," 1,237 Reviews",15220,1237,Blue,1.5,5.0,Split,783.33,111 - 150 sqft
CARRIER 2026 Model 1.5 Ton 3 Star Split AI Inverter with Wi-fi Convertible 6-in-1 with Geo-Fencing & V...,4.2,33490,65900,49,"38,222 Ratings & 4,626 Reviews","Annual Power Usage: 854.39 kWhRoom Size: 111 - 150 sqft1 Year Warranty on Product, 5 Years on PCB and 10 Years on the Compressor",27,"38,222 Ratings "," 4,626 Reviews",38222,4626,CARRIER,1.5,3.0,Split,854.39,111 - 150 sqft
LG 2025 Model 1.5 Ton 5 Star Split AI Dual Inverter AI Convertible 6-in-1 Split with Faster Cooling an...,4.2,42990,78990,45,"46,175 Ratings & 4,255 Reviews","Annual Power Usage: 744.75 kWhRoom Size: 111 - 150 sqft1 Year Warranty on Product,5 year on Pcb and 10 Years Warranty on Compressor",27,"46,175 Ratings "," 4,255 Reviews",46175,4255,LG,1.5,5.0,Split,744.75,111 - 150 sqft
CARRIER 2024 Model 1.5 Ton 5 Star Split Inverter with Wi-fi AC,4.2,41990,81390,48,"26,219 Ratings & 3,537 Reviews","Annual Power Usage: 789.6 kWhRoom Size: 111 - 150 sqft1 year on product, 10 years on compressor",27,"26,219 Ratings "," 3,537 Reviews",26219,3537,CARRIER,1.5,5.0,Split,789.6,111 - 150 sqft
Voltas 2024 Model 1.5 Ton 3 Star Split Inverter AC,4.2,33390,64990,48,"83,437 Ratings & 7,067 Reviews",Room Size: 111 - 150 sqft,27,"83,437 Ratings "," 7,067 Reviews",83437,7067,Voltas,1.5,3.0,Split,854.39,111 - 150 sqft
CARRIER 2025 Model 1 Ton 3 Star Split Inverter with Wi-fi AC,4.2,33499,58690,42,"13,833 Ratings & 1,614 Reviews",Annual Power Usage: 685.62 kWhRoom Size: 90 sqft or Below1 Year warranty on product,27,"13,833 Ratings "," 1,614 Reviews",13833,1614,CARRIER,1.0,3.0,Split,685.62,90 sqft
Voltas 2024 Model 1 Ton 5 Star Split Inverter AC,4.1,39850,63990,37,"2,331 Ratings & 256 Reviews","Annual Power Usage: 511.13 UnitsRoom Size: 90 sqft or Below5 years warranty from the date of installation, (Inverter or Fixed Speed SACs) of Tonnage up to 2.2 Tr (Offer valid till 31st May 2026). It is applicable only for residential usage and does not apply to commercial or National Accounts customers, 5 Years warranty on PCB, 10 Years on Inverter Compressor",27,"2,331 Ratings ", 256 Reviews,2331,256,Voltas,1.0,5.0,Split,511.13,90 sqft
"Godrej 2025 Model 1.5 Ton 5 Star Split Inverter AI Powered, 5-In-1 Convertible, Heavy Duty Cooling At ...",4.0,33490,50600,33,"12,566 Ratings & 1,206 Reviews","Annual Power Usage: 736.46 kWhRoom Size: 111 - 150 sqft5 year warranty on whole product, 10 years warranty on compressor , Warranty can be availed after registering on Brand website within 7 days of purchase.",27,"12,566 Ratings "," 1,206 Reviews",12566,1206,Godrej,1.5,5.0,Split,736.46,111 - 150 sqft
Midea 2026 Model 1.5 Ton 3 Star Split AI Inverter with Wi-fi Convertible 6-in-1 with Turbo Mode for Fa...,4.3,29990,59700,49,"18,604 Ratings & 2,838 Reviews","Annual Power Usage: 854.39 kWhRoom Size: 111 - 150 sqft5 Year Comprehensive Warranty On Product,10 Year Warranty On Compressor",27,"18,604 Ratings "," 2,838 Reviews",18604,2838,Midea,1.5,3.0,Split,854.39,111 - 150 sqft
Lloyd 2024 Model 1.5 Ton 5 Star Split Inverter AC,4.1,42901,66900,35,"11,881 Ratings & 1,355 Reviews","Annual Power Usage: 714.5 UnitsRoom Size: 111 - 150 sqft1 Year Warranty on Product, 5 Year Warranty on Component & 10 Year Warranty on Compressor.",28,"11,881 Ratings "," 1,355 Reviews",11881,1355,Lloyd,1.5,5.0,Split,714.5,111 - 150 sqft
Samsung 2024 Model 1.5 Ton 5 Star Split Inverter with Wi-fi AC,4.2,46960,81990,42,"26,515 Ratings & 2,683 Reviews",Annual Power Usage: 1290 UnitsRoom Size: 111 - 150 sqftManufacturer Warranty:  1 Year Standard Warranty 5 Year Comprehensive Warranty 10 Year Warranty on Compressor,28,"26,515 Ratings "," 2,683 Reviews",26515,2683,Samsung,1.5,5.0,Split,1290.0,111 - 150 sqft
Voltas 2026 Model 1.5 Ton 3 Star Split Inverter AC,4.2,33990,60990,44,"83,437 Ratings & 7,067 Reviews","Annual Power Usage: 900.94 kWhRoom Size: 111 - 150 sqft1 Year Warranty On Product,10 Years Warranty On Compressor",28,"83,437 Ratings "," 7,067 Reviews",83437,7067,Voltas,1.5,3.0,Split,900.94,111 - 150 sqft
"LG 2025 Model 1.5 Ton 5 Star Split Dual Inverter with Faster Cooling and Energy Saving, AI Convertible...",4.2,42990,78990,45,"46,175 Ratings & 4,255 Reviews",Annual Power Usage: 744.75 kWhRoom Size: 111 - 150 sqft1 Year Manufacturing Warranty on Product,28,"46,175 Ratings "," 4,255 Reviews",46175,4255,LG,1.5,5.0,Split,744.75,111 - 150 sqft
Panasonic 2025 Model 1.5 Ton 5 Star Split Inverter with Wi-fi AC,4.2,45990,68900,33,"22,111 Ratings & 2,346 Reviews",Annual Power Usage: 759.55 WRoom Size: 111 - 150 sqft1 Year Warranty on Product and 10 Years Warranty on Compressor,28,"22,111 Ratings "," 2,346 Reviews",22111,2346,Panasonic,1.5,5.0,Split,759.55,111 - 150 sqft
Samsung 2026 Model 1.5 Ton 3 Star Split Inverter AC,4.1,35990,76800,53,"37,322 Ratings & 3,395 Reviews",Annual Power Usage: 847.65 UnitsRoom Size: 111 - 150 sqft1 Year Standard,28,"37,322 Ratings "," 3,395 Reviews",37322,3395,Samsung,1.5,3.0,Split,847.65,111 - 150 sqft
"LG 2023 Model 1.5 Ton 3 Star Split Inverter 2 Way Swing, HD Filter with Anti-Virus Protection AC",4.0,74721,78999,5,"43,160 Ratings & 4,010 Reviews","Annual Power Usage: 852.44 UnitsRoom Size: 111 - 150 sqft1 Year Warranty on Product, 5 Years Warranty on PCB and 10 Years Warranty on Compressor from LG",28,"43,160 Ratings "," 4,010 Reviews",43160,4010,LG,1.5,3.0,Split,852.44,111 - 150 sqft
Haier 2025 Model 1 Ton 3 Star Split Inverter AC,3.8,32500,60000,45,"3,318 Ratings & 266 Reviews","Annual Power Usage: 697.66 WRoom Size: 90 sqft or Below1 Year Product Warrenty, 5 Years comprehensive warranty and 12 Years Warranty on Compressor",28,"3,318 Ratings ", 266 Reviews,3318,266,Haier,1.0,3.0,Split,697.66,90 sqft
Godrej 2025 Model 1 Ton 3 Star Split Inverter 5-In-1-Convertible Cooling with Heavy Duty Cooling At Ex...,4.0,26490,38600,31,"8,298 Ratings & 716 Reviews","Annual Power Usage: 1034 UnitsRoom Size: 90 sqft or Below5 Years Warranty on Whole Product (Valid on sales post 1 Sep 2024, warranty can be availed after registering on Brand website within 7 days of purchase) and 10 Years Warranty on Compressor",28,"8,298 Ratings ", 716 Reviews,8298,716,Godrej,1.0,3.0,Split,1034.0,90 sqft
"CARRIER 2026 Model 1.5 Ton 3 Star Split AI Inverter Convertible 6-in-1 with Smart Energy Display, Inst...",4.2,32490,65500,50,"38,222 Ratings & 4,626 Reviews","Annual Power Usage: 854.39 kWhRoom Size: 111 - 150 sqft1 Year Warranty on Product, 5 Years on PCB and 10 Years on the Compressor",28,"38,222 Ratings "," 4,626 Reviews",38222,4626,CARRIER,1.5,3.0,Split,854.39,111 - 150 sqft
Lloyd Stellar Grace 2025 Model 1.5 Ton 5 Star Split Inverter with Wi-fi 6 in 1 Expandable Stellar Grac...,4.1,59900,83490,28,"11,881 Ratings & 1,355 Reviews","Annual Power Usage: 774.22 WRoom Size: 111 - 150 sqft1 Year Warranty on Product, 5 Year Warranty on Component & 10 Year Warranty on Compressor.",28,"11,881 Ratings "," 1,355 Reviews",11881,1355,Lloyd,1.5,5.0,Split,774.22,111 - 150 sqft
Blue Star 2024 Model 1 Ton 3 Star Window Fixed Speed AC,4.1,27500,32911,16,"1,711 Ratings & 178 Reviews",Room Size: 90 sqft or Below,28,"1,711 Ratings ", 178 Reviews,1711,178,Blue,1.0,3.0,Window,854.39,90 sqft
Whirlpool 2026 Model 1.5 Ton 3 Star Split Inverter AC,4.1,32240,57150,43,"30,027 Ratings & 3,540 Reviews","Annual Power Usage: 858.22 kWhRoom Size: 111 - 150 sqft1 year warranty on product, 5 years  warranty on compressor",28,"30,027 Ratings "," 3,540 Reviews",30027,3540,Whirlpool,1.5,3.0,Split,858.22,111 - 150 sqft
"Samsung Bespoke AI 2026 Model 1.5 ton 4 Star Split Inverter with Wi-fi Energy Saving, Voice Control, P...",4.1,38990,82990,53,"6,233 Ratings & 578 Reviews",Annual Power Usage: 713.57 kWhRoom Size: 111 - 150 sqft5 year comprehensive warranty on product and 10 years warranty on compressor,28,"6,233 Ratings ", 578 Reviews,6233,578,Samsung,1.5,4.0,Split,713.57,111 - 150 sqft
Hitachi 2023 Model 1.5 Ton 5 Star Split Inverter AC,4.0,43050,75400,42,"5,094 Ratings & 705 Reviews",Annual Power Usage: 813.13 UnitsRoom Size: 111 - 150 sqft1 Year Warranty on Product and 5 Years Warranty on Compressor,28,"5,094 Ratings ", 705 Reviews,5094,705,Hitachi,1.5,5.0,Split,813.13,111 - 150 sqft
Panasonic 2025 Model 1.5 Ton 3 Star Split Inverter AC,4.1,38060,60900,37,"24,445 Ratings & 2,408 Reviews",Annual Power Usage: 987.7 kWhRoom Size: 111 - 150 sqft1 Year Warranty on Product and 10 Years Warranty on Compressor,28,"24,445 Ratings "," 2,408 Reviews",24445,2408,Panasonic,1.5,3.0,Split,987.7,111 - 150 sqft
CARRIER 2025 Model 1.5 Ton 3 Star Split Inverter with Wi-fi AC,4.2,34990,68500,48,"38,222 Ratings & 4,626 Reviews",Annual Power Usage: 613.7 UnitsRoom Size: 111 - 150 sqft1-Year Comprehensive Warranty On The Product,28,"38,222 Ratings "," 4,626 Reviews",38222,4626,CARRIER,1.5,3.0,Split,613.7,111 - 150 sqft
Hitachi 2023 Model 1.8 Ton 4 Star Split Inverter with Wi-fi Xpandable plus Ambience Light R 32 AC,3.2,39990,96450,58,33 Ratings & 5 Reviews,"Annual Power Usage: 1096.51 UnitsRoom Size: 151 - 200 sqft1 Year Warranty on Product, 5 Years Warranty on Controller (PCB) and 10 Years Warranty on Compressor",28,33 Ratings , 5 Reviews,33,5,Hitachi,1.8,4.0,Split,1096.51,151 - 200 sqft
CARRIER 2026 Model 1.5 Ton 3 Star Split AI Inverter with Wi-fi Convertible 6-in-1 with Geo-Fencing & V...,4.2,33490,65900,49,"38,222 Ratings & 4,626 Reviews","Annual Power Usage: 854.39 kWhRoom Size: 111 - 150 sqft1 Year Warranty on Product, 5 Years on PCB and 10 Years on the Compressor",28,"38,222 Ratings "," 4,626 Reviews",38222,4626,CARRIER,1.5,3.0,Split,854.39,111 - 150 sqft
LG 2025 Model 1.5 Ton 5 Star Split AI Dual Inverter AI Convertible 6-in-1 Split with Faster Cooling an...,4.2,42990,78990,45,"46,175 Ratings & 4,255 Reviews","Annual Power Usage: 744.75 kWhRoom Size: 111 - 150 sqft1 Year Warranty on Product,5 year on Pcb and 10 Years Warranty on Compressor",28,"46,175 Ratings "," 4,255 Reviews",46175,4255,LG,1.5,5.0,Split,744.75,111 - 150 sqft
Blue Star 2025 Model 1 Ton 5 Star Split Inverter with Wi-fi AC,4.0,38500,64500,40,"2,676 Ratings & 255 Reviews",Annual Power Usage: 538.94 UnitsRoom Size: 90 sqft or Below60 months for those customers who purchase Blue Star Split ACs (Inverter or Fixed Speed SACs) of Tonnage up to 2 Tr from 16th February 2026 to 30th June 2026.,28,"2,676 Ratings ", 255 Reviews,2676,255,Blue,1.0,5.0,Split,538.94,90 sqft
Hitachi 2023 Model 1 Ton 5 Star Split Inverter AC,4.1,35431,55990,36,958 Ratings & 167 Reviews,Annual Power Usage: 533.61 UnitsRoom Size: 90 sqft or Below1 Year Comprehensive Warranty on Product and 10 Years Warranty on Compressor,28,958 Ratings , 167 Reviews,958,167,Hitachi,1.0,5.0,Split,533.61,90 sqft
"Godrej 2025 Model 1.5 Ton 5 Star Split Inverter AI Powered, 5-In-1 Convertible, Heavy Duty Cooling At ...",4.0,33490,50600,33,"12,566 Ratings & 1,206 Reviews","Annual Power Usage: 736.46 kWhRoom Size: 111 - 150 sqft5 year warranty on whole product, 10 years warranty on compressor , Warranty can be availed after registering on Brand website within 7 days of purchase.",28,"12,566 Ratings "," 1,206 Reviews",12566,1206,Godrej,1.5,5.0,Split,736.46,111 - 150 sqft
Midea 2026 Model 1.5 Ton 3 Star Split AI Inverter with Wi-fi Convertible 6-in-1 with Turbo Mode for Fa...,4.3,29990,59700,49,"18,604 Ratings & 2,838 Reviews","Annual Power Usage: 854.39 kWhRoom Size: 111 - 150 sqft5 Year Comprehensive Warranty On Product,10 Year Warranty On Compressor",28,"18,604 Ratings "," 2,838 Reviews",18604,2838,Midea,1.5,3.0,Split,854.39,111 - 150 sqft
Lloyd 2021 Model 1 Ton 3 Star Split Inverter AC,4.0,32222,44990,28,"5,114 Ratings & 551 Reviews",Annual Power Usage: 5500 UnitsRoom Size: 90 sqft or Below1 Year Comprehensive Warranty on AC and 10 Years on Compressor From Lloyd,29,"5,114 Ratings ", 551 Reviews,5114,551,Lloyd,1.0,3.0,Split,5500.0,90 sqft
Hitachi 2022 Model 1 Ton 5 Star Split Inverter AC,4.1,41322,54600,24,958 Ratings & 167 Reviews,Annual Power Usage: 585.85 UnitsRoom Size: 90 sqft or Below1 Year Warranty on Complete Product and 10 Years on Compressor,29,958 Ratings , 167 Reviews,958,167,Hitachi,1.0,5.0,Split,585.85,90 sqft
Whirlpool 2023 Model 1.5 Ton 3 Star Split Inverter 6th Sense Technology AC,4.1,32990,62300,47,"30,027 Ratings & 3,540 Reviews",Annual Power Usage: 1015.5 UnitsRoom Size: 111 - 150 sqft1 Year Comprehensive Warranty on Product and 5 Years Warranty on Compressor,29,"30,027 Ratings "," 3,540 Reviews",30027,3540,Whirlpool,1.5,3.0,Split,1015.5,111 - 150 sqft
Hitachi 2023 Model 1.5 Ton 5 Star Split Inverter AC,4.0,43200,70500,38,"5,094 Ratings & 705 Reviews",Annual Power Usage: 758.52 UnitsRoom Size: 111 - 150 sqft1 Year Warranty on Product and 10 Years Warranty on Compressor,29,"5,094 Ratings ", 705 Reviews,5094,705,Hitachi,1.5,5.0,Split,758.52,111 - 150 sqft
Voltas 2026 Model 1.5 Ton 3 Star Split Inverter AC,4.2,33990,60990,44,"83,437 Ratings & 7,067 Reviews","Annual Power Usage: 900.94 kWhRoom Size: 111 - 150 sqft1 Year Warranty On Product,10 Years Warranty On Compressor",29,"83,437 Ratings "," 7,067 Reviews",83437,7067,Voltas,1.5,3.0,Split,900.94,111 - 150 sqft
"LG 2025 Model 1.5 Ton 5 Star Split Dual Inverter with Faster Cooling and Energy Saving, AI Convertible...",4.2,42990,78990,45,"46,175 Ratings & 4,255 Reviews",Annual Power Usage: 744.75 kWhRoom Size: 111 - 150 sqft1 Year Manufacturing Warranty on Product,29,"46,175 Ratings "," 4,255 Reviews",46175,4255,LG,1.5,5.0,Split,744.75,111 - 150 sqft
Lloyd 2022 Model 1.5 Ton 3 Star Window Fixed Speed AC,4.1,35999,40990,12,"3,328 Ratings & 350 Reviews",Annual Power Usage: 1621 UnitsRoom Size: 111 - 150 sqft1 Year Comprehensive Warranty on Product and 5 Years on Compressor,29,"3,328 Ratings ", 350 Reviews,3328,350,Lloyd,1.5,3.0,Window,1621.0,111 - 150 sqft
Godrej 2025 Model 1 Ton 3 Star Split Inverter 5-In-1-Convertible Cooling with Heavy Duty Cooling At Ex...,4.0,26490,38600,31,"8,298 Ratings & 716 Reviews","Annual Power Usage: 1034 UnitsRoom Size: 90 sqft or Below5 Years Warranty on Whole Product (Valid on sales post 1 Sep 2024, warranty can be availed after registering on Brand website within 7 days of purchase) and 10 Years Warranty on Compressor",29,"8,298 Ratings ", 716 Reviews,8298,716,Godrej,1.0,3.0,Split,1034.0,90 sqft
"CARRIER 2026 Model 1.5 Ton 3 Star Split AI Inverter Convertible 6-in-1 with Smart Energy Display, Inst...",4.2,32490,65500,50,"38,222 Ratings & 4,626 Reviews","Annual Power Usage: 854.39 kWhRoom Size: 111 - 150 sqft1 Year Warranty on Product, 5 Years on PCB and 10 Years on the Compressor",29,"38,222 Ratings "," 4,626 Reviews",38222,4626,CARRIER,1.5,3.0,Split,854.39,111 - 150 sqft
Lloyd 2024 Model 1.5 Ton 3 Star Split Inverter with Wi-fi AC,4.1,31980,58990,45,"20,599 Ratings & 2,180 Reviews","Annual Power Usage: 951.47 kWhRoom Size: 111 - 150 sqft1 Year warranty on the product, 5 Year warranty on Component and 10 Years warranty on the Compressor,",29,"20,599 Ratings "," 2,180 Reviews",20599,2180,Lloyd,1.5,3.0,Split,951.47,111 - 150 sqft
Lloyd 2023 Model 1.5 Ton 3 Star Split Inverter with Wi-fi AC,4.1,35990,54990,34,"20,599 Ratings & 2,180 Reviews",Annual Power Usage: 1002.31 UnitsRoom Size: 111 - 150 sqft1 Year Comprehensive Warranty on Product and 10 Years Warranty on Compressor,29,"20,599 Ratings "," 2,180 Reviews",20599,2180,Lloyd,1.5,3.0,Split,1002.31,111 - 150 sqft
Whirlpool 2026 Model 1.5 Ton 3 Star Split Inverter AC,4.1,31990,42560,24,"30,027 Ratings & 3,540 Reviews",Annual Power Usage: 893.62 UnitsRoom Size: 111 - 150 sqft1+9 Years Compressor Warranty,29,"30,027 Ratings "," 3,540 Reviews",30027,3540,Whirlpool,1.5,3.0,Split,893.62,111 - 150 sqft
"Haier 2023 Model 1.6 Ton 5 Star Split Inverter with Anti Bacterial Filter, 60 High Ambient Performance...",4.2,38000,76500,50,171 Ratings & 15 Reviews,Annual Power Usage: 836.95 UnitsRoom Size: 151 - 200 sqft5 Years Warranty on Product and 12 Years Warranty on Compressor,29,171 Ratings , 15 Reviews,171,15,Haier,1.6,5.0,Split,836.95,151 - 200 sqft
Whirlpool 2026 Model 1.5 Ton 3 Star Split Inverter AC,4.1,32240,57150,43,"30,027 Ratings & 3,540 Reviews","Annual Power Usage: 858.22 kWhRoom Size: 111 - 150 sqft1 year warranty on product, 5 years  warranty on compressor",29,"30,027 Ratings "," 3,540 Reviews",30027,3540,Whirlpool,1.5,3.0,Split,858.22,111 - 150 sqft
"Samsung Bespoke AI 2026 Model 1.5 ton 4 Star Split Inverter with Wi-fi Energy Saving, Voice Control, P...",4.1,38990,82990,53,"6,233 Ratings & 578 Reviews",Annual Power Usage: 713.57 kWhRoom Size: 111 - 150 sqft5 year comprehensive warranty on product and 10 years warranty on compressor,29,"6,233 Ratings ", 578 Reviews,6233,578,Samsung,1.5,4.0,Split,713.57,111 - 150 sqft
Panasonic 2024 Model 1.5 Ton 3 Star Split Inverter AC,4.1,52100,56400,7,"24,445 Ratings & 2,408 Reviews","Annual Power Usage: 1000.53 UnitsRoom Size: 111 - 150 sqft1 Year on Product, 5 Years on PCB and 10 Years on Compressor",29,"24,445 Ratings "," 2,408 Reviews",24445,2408,Panasonic,1.5,3.0,Split,1000.53,111 - 150 sqft
Blue Star 2023 Model 1 Ton 3 Star Split Fixed Speed AC,4.0,38000,46250,17,"4,839 Ratings & 434 Reviews",Annual Power Usage: 681.21 UnitsRoom Size: 90 sqft or Below1 Year Warranty on Product and 5 Years Warranty on Compressor,29,"4,839 Ratings ", 434 Reviews,4839,434,Blue,1.0,3.0,Split,681.21,90 sqft
CARRIER 2026 Model 1.5 Ton 3 Star Split AI Inverter with Wi-fi Convertible 6-in-1 with Geo-Fencing & V...,4.2,33490,65900,49,"38,222 Ratings & 4,626 Reviews","Annual Power Usage: 854.39 kWhRoom Size: 111 - 150 sqft1 Year Warranty on Product, 5 Years on PCB and 10 Years on the Compressor",29,"38,222 Ratings "," 4,626 Reviews",38222,4626,CARRIER,1.5,3.0,Split,854.39,111 - 150 sqft
LG 2025 Model 1.5 Ton 5 Star Split AI Dual Inverter AI Convertible 6-in-1 Split with Faster Cooling an...,4.2,42990,78990,45,"46,175 Ratings & 4,255 Reviews","Annual Power Usage: 744.75 kWhRoom Size: 111 - 150 sqft1 Year Warranty on Product,5 year on Pcb and 10 Years Warranty on Compressor",29,"46,175 Ratings "," 4,255 Reviews",46175,4255,LG,1.5,5.0,Split,744.75,111 - 150 sqft
IFB 2025 Model 1 Ton 3 Star Split Inverter AC,4.1,29997,50990,41,"2,519 Ratings & 217 Reviews",Room Size: 90 sqft or Below,29,"2,519 Ratings ", 217 Reviews,2519,217,IFB,1.0,3.0,Split,854.39,90 sqft
Hitachi 2019 Model 1.5 Ton 3 Star Split Fixed Speed AC,4.0,37650,52600,28,"10,460 Ratings & 1,257 Reviews",Annual Power Usage: 1157.29 UnitsRoom Size: 111 - 150 sqft1 Year on Complete Unit and 5 Years on Compressor From Hitachi,29,"10,460 Ratings "," 1,257 Reviews",10460,1257,Hitachi,1.5,3.0,Split,1157.29,111 - 150 sqft
Hitachi 2018 Model 1.5 Ton 3 Star Split Inverter AC,4.0,38479,51390,25,"10,460 Ratings & 1,257 Reviews",Annual Power Usage: 0 UnitsRoom Size: 111 - 150 sqft1 Year on Complete Unit and 5 Years on Compressor from Hitachi,29,"10,460 Ratings "," 1,257 Reviews",10460,1257,Hitachi,1.5,3.0,Split,0.0,111 - 150 sqft
Voltas 2026 Model 1.5 Ton 3 Star Split Inverter AC,4.2,33990,60990,44,"83,437 Ratings & 7,067 Reviews","Annual Power Usage: 900.94 kWhRoom Size: 111 - 150 sqft1 Year Warranty On Product,10 Years Warranty On Compressor",30,"83,437 Ratings "," 7,067 Reviews",83437,7067,Voltas,1.5,3.0,Split,900.94,111 - 150 sqft
"LG 2025 Model 1.5 Ton 5 Star Split Dual Inverter with Faster Cooling and Energy Saving, AI Convertible...",4.2,42990,78990,45,"46,175 Ratings & 4,255 Reviews",Annual Power Usage: 744.75 kWhRoom Size: 111 - 150 sqft1 Year Manufacturing Warranty on Product,30,"46,175 Ratings "," 4,255 Reviews",46175,4255,LG,1.5,5.0,Split,744.75,111 - 150 sqft
LG 2021 Model 1.5 Ton 5 Star Split Dual Inverter AC,4.2,43298,72990,40,"46,175 Ratings & 4,255 Reviews",Room Size: 111 - 150 sqft,30,"46,175 Ratings "," 4,255 Reviews",46175,4255,LG,1.5,5.0,Split,854.39,111 - 150 sqft
Panasonic 2024 Model 1 Ton 3 Star Split Fixed Speed AC,4.2,35040,42100,16,"5,369 Ratings & 613 Reviews","Annual Power Usage: 656.44 UnitsRoom Size: 90 sqft or Below1 Year on Product, 5 Years on PCB and 10 Years on Compressor",30,"5,369 Ratings ", 613 Reviews,5369,613,Panasonic,1.0,3.0,Split,656.44,90 sqft
Godrej 2025 Model 1 Ton 3 Star Split Inverter 5-In-1-Convertible Cooling with Heavy Duty Cooling At Ex...,4.0,26490,38600,31,"8,298 Ratings & 716 Reviews","Annual Power Usage: 1034 UnitsRoom Size: 90 sqft or Below5 Years Warranty on Whole Product (Valid on sales post 1 Sep 2024, warranty can be availed after registering on Brand website within 7 days of purchase) and 10 Years Warranty on Compressor",30,"8,298 Ratings ", 716 Reviews,8298,716,Godrej,1.0,3.0,Split,1034.0,90 sqft
"CARRIER 2026 Model 1.5 Ton 3 Star Split AI Inverter Convertible 6-in-1 with Smart Energy Display, Inst...",4.2,32490,65500,50,"38,222 Ratings & 4,626 Reviews","Annual Power Usage: 854.39 kWhRoom Size: 111 - 150 sqft1 Year Warranty on Product, 5 Years on PCB and 10 Years on the Compressor",30,"38,222 Ratings "," 4,626 Reviews",38222,4626,CARRIER,1.5,3.0,Split,854.39,111 - 150 sqft
Hitachi 2023 Model 1 Ton 5 Star Split Inverter AC,4.1,35431,55990,36,958 Ratings & 167 Reviews,Annual Power Usage: 533.61 UnitsRoom Size: 90 sqft or Below1 Year Comprehensive Warranty on Product and 10 Years Warranty on Compressor,30,958 Ratings , 167 Reviews,958,167,Hitachi,1.0,5.0,Split,533.61,90 sqft
Voltas 2022 Model 1.5 Ton 3 Star Split Inverter AC,4.2,34950,67729,48,"83,437 Ratings & 7,067 Reviews",Annual Power Usage: 1017.95 UnitsRoom Size: 111 - 150 sqft1 Year Warranty on Product and 5 Years Warranty on Compressor,30,"83,437 Ratings "," 7,067 Reviews",83437,7067,Voltas,1.5,3.0,Split,1017.95,111 - 150 sqft
Hitachi 2023 Model 1.5 Ton 5 Star Split Inverter AC,4.0,43500,72900,40,"5,094 Ratings & 705 Reviews",Annual Power Usage: 813.13 UnitsRoom Size: 111 - 150 sqft1 Year Comprehensive Warranty on Product and 10 Years Warranty on Compressor,30,"5,094 Ratings ", 705 Reviews,5094,705,Hitachi,1.5,5.0,Split,813.13,111 - 150 sqft
ONIDA 2023 Model 1.5 Ton 3 Star Split Inverter AC,4.1,34695,45900,24,"15,623 Ratings & 1,827 Reviews",Annual Power Usage: 969.15 UnitsRoom Size: 111 - 150 sqft1 Year Warranty on Product and 5 Years Warranty on Compressor from Onida,30,"15,623 Ratings "," 1,827 Reviews",15623,1827,ONIDA,1.5,3.0,Split,969.15,111 - 150 sqft
Whirlpool 2026 Model 1.5 Ton 3 Star Split Inverter AC,4.1,32240,57150,43,"30,027 Ratings & 3,540 Reviews","Annual Power Usage: 858.22 kWhRoom Size: 111 - 150 sqft1 year warranty on product, 5 years  warranty on compressor",30,"30,027 Ratings "," 3,540 Reviews",30027,3540,Whirlpool,1.5,3.0,Split,858.22,111 - 150 sqft
Samsung 2025 Model 1.5 Ton 5 Star Split Inverter with Wi-fi AC,4.2,36490,72990,50,"26,515 Ratings & 2,683 Reviews",Annual Power Usage: 751.24 WRoom Size: 111 - 150 sqft5 Years Comprehensive Warranty on AC and 10 Years Warranty on Compressor,30,"26,515 Ratings "," 2,683 Reviews",26515,2683,Samsung,1.5,5.0,Split,751.24,111 - 150 sqft
Lloyd 2023 Model 1 Ton 3 Star Split Inverter with Wi-fi AC,4.0,28990,50990,43,"5,114 Ratings & 551 Reviews",Annual Power Usage: 700.06 UnitsRoom Size: 90 sqft or Below1 Year Comprehensive Warranty on Product and 10 Years Warranty on Compressor,30,"5,114 Ratings ", 551 Reviews,5114,551,Lloyd,1.0,3.0,Split,700.06,90 sqft
Godrej 2024 Model 1 Ton 5 Star Split Inverter AC,4.0,35900,48990,26,"2,579 Ratings & 244 Reviews","Annual Power Usage: 516.37 UnitsRoom Size: 90 sqft or Below1 Year Warranty on the Product, 5 Years Warranty on PCB and 10 Years Warranty on Compressor",30,"2,579 Ratings ", 244 Reviews,2579,244,Godrej,1.0,5.0,Split,516.37,90 sqft
"Samsung Bespoke AI 2026 Model 1.5 ton 4 Star Split Inverter with Wi-fi Energy Saving, Voice Control, P...",4.1,38990,82990,53,"6,233 Ratings & 578 Reviews",Annual Power Usage: 713.57 kWhRoom Size: 111 - 150 sqft5 year comprehensive warranty on product and 10 years warranty on compressor,30,"6,233 Ratings ", 578 Reviews,6233,578,Samsung,1.5,4.0,Split,713.57,111 - 150 sqft
CARRIER 2026 Model 1.5 Ton 3 Star Split AI Inverter with Wi-fi Convertible 6-in-1 with Geo-Fencing & V...,4.2,33490,65900,49,"38,222 Ratings & 4,626 Reviews","Annual Power Usage: 854.39 kWhRoom Size: 111 - 150 sqft1 Year Warranty on Product, 5 Years on PCB and 10 Years on the Compressor",30,"38,222 Ratings "," 4,626 Reviews",38222,4626,CARRIER,1.5,3.0,Split,854.39,111 - 150 sqft
Panasonic 2025 Model 1.5 Ton 3 Star Split Inverter AC,4.1,38090,57400,33,"24,445 Ratings & 2,408 Reviews",Annual Power Usage: 987.91 kWhRoom Size: 111 - 150 sqft1 Year Warranty on Product and 10 Years Warranty on Compressor,30,"24,445 Ratings "," 2,408 Reviews",24445,2408,Panasonic,1.5,3.0,Split,987.91,111 - 150 sqft
Lloyd 2025 Model 1.5 Ton 3 Star Split Inverter with Wi-fi AC,4.1,37990,69999,45,"20,599 Ratings & 2,180 Reviews",Annual Power Usage: 874.94 UnitsRoom Size: 111 - 150 sqft1 Year Comprehensive Warranty,30,"20,599 Ratings "," 2,180 Reviews",20599,2180,Lloyd,1.5,3.0,Split,874.94,111 - 150 sqft
"Haier 2024 Model 1 Ton 3 Star Split Dual Inverter with Micro Bacterial Filter, 60 High Ambient Perform...",3.8,28699,58000,50,"3,318 Ratings & 266 Reviews",Annual Power Usage: 697.66 UnitsRoom Size: 90 sqft or Below5 Years Warranty on Product and 12 Years Warranty on Compressor,30,"3,318 Ratings ", 266 Reviews,3318,266,Haier,1.0,3.0,Split,697.66,90 sqft
LG 2025 Model 1.5 Ton 5 Star Split AI Dual Inverter AI Convertible 6-in-1 Split with Faster Cooling an...,4.2,42990,78990,45,"46,175 Ratings & 4,255 Reviews","Annual Power Usage: 744.75 kWhRoom Size: 111 - 150 sqft1 Year Warranty on Product,5 year on Pcb and 10 Years Warranty on Compressor",30,"46,175 Ratings "," 4,255 Reviews",46175,4255,LG,1.5,5.0,Split,744.75,111 - 150 sqft
Midea 2026 Model 1.5 Ton 3 Star Split AI Inverter with Wi-fi Convertible 6-in-1 with Turbo Mode for Fa...,4.3,29990,59700,49,"18,604 Ratings & 2,838 Reviews","Annual Power Usage: 854.39 kWhRoom Size: 111 - 150 sqft5 Year Comprehensive Warranty On Product,10 Year Warranty On Compressor",30,"18,604 Ratings "," 2,838 Reviews",18604,2838,Midea,1.5,3.0,Split,854.39,111 - 150 sqft
Godrej 2025 Model 1.5 Ton 3 Star Split Inverter AC,4.0,32549,42300,23,"22,727 Ratings & 1,770 Reviews",Room Size: 111 - 150 sqft,30,"22,727 Ratings "," 1,770 Reviews",22727,1770,Godrej,1.5,3.0,Split,854.39,111 - 150 sqft
Hitachi 2023 Model 1.5 Ton 3 Star Split Inverter ir throw with Hexa Sensor Technology AC,4.0,36450,63100,42,"10,460 Ratings & 1,257 Reviews","Annual Power Usage: 1012.62 UnitsRoom Size: 111 - 150 sqft1 Year Warranty on Product, 5 Years Warranty on Controller (PCB) and 10 Years Warranty on Compressor.",30,"10,460 Ratings "," 1,257 Reviews",10460,1257,Hitachi,1.5,3.0,Split,1012.62,111 - 150 sqft
Voltas 2026 Model 1.5 Ton 3 Star Split Inverter AC,4.2,33990,60990,44,"83,437 Ratings & 7,067 Reviews","Annual Power Usage: 900.94 kWhRoom Size: 111 - 150 sqft1 Year Warranty On Product,10 Years Warranty On Compressor",31,"83,437 Ratings "," 7,067 Reviews",83437,7067,Voltas,1.5,3.0,Split,900.94,111 - 150 sqft
"LG 2025 Model 1.5 Ton 5 Star Split Dual Inverter with Faster Cooling and Energy Saving, AI Convertible...",4.2,42990,78990,45,"46,175 Ratings & 4,255 Reviews",Annual Power Usage: 744.75 kWhRoom Size: 111 - 150 sqft1 Year Manufacturing Warranty on Product,31,"46,175 Ratings "," 4,255 Reviews",46175,4255,LG,1.5,5.0,Split,744.75,111 - 150 sqft
Blue Star 2026 Model 1.5 Ton 3 Star Split Inverter AC,4.1,37490,60500,38,"26,862 Ratings & 2,253 Reviews","Annual Power Usage: 918.45 kWhRoom Size: 111 - 150 sqft1 year warranty on product, 5 years warranty on PCB, 10 years warrantry on Inverter compressor",31,"26,862 Ratings "," 2,253 Reviews",26862,2253,Blue,1.5,3.0,Split,918.45,111 - 150 sqft
"Hitachi 2023 Model 2 Ton 3 Star Split Inverter ice Clean, Xpandable Plus, Long air throw with Hexa Sen...",4.0,59235,75400,21,544 Ratings & 69 Reviews,"Annual Power Usage: 1277.22 UnitsRoom Size: 151 - 200 sqft1 Year Warranty on Product, 5 Years Warranty on Controller (PCB) and 10 Years Warranty on Compressor.",31,544 Ratings , 69 Reviews,544,69,Hitachi,2.0,3.0,Split,1277.22,151 - 200 sqft
Samsung 2026 Model 2 Ton 3 Star Split Inverter AC,4.0,47490,67190,29,426 Ratings & 25 Reviews,Annual Power Usage: 1084.6 UnitsRoom Size: 151 - 200 sqft1 Year Standard,31,426 Ratings , 25 Reviews,426,25,Samsung,2.0,3.0,Split,1084.6,151 - 200 sqft
Blue Star 2023 Model 1.5 Ton 3 Star Split Inverter AC,4.1,36999,58500,36,"26,862 Ratings & 2,253 Reviews",Annual Power Usage: 1012.44 UnitsRoom Size: 111 - 150 sqft1 Year Warranty on Product and 10 Years Warranty on Compressor,31,"26,862 Ratings "," 2,253 Reviews",26862,2253,Blue,1.5,3.0,Split,1012.44,111 - 150 sqft
Godrej 2025 Model 1 Ton 3 Star Split Inverter 5-In-1-Convertible Cooling with Heavy Duty Cooling At Ex...,4.0,26490,38600,31,"8,298 Ratings & 716 Reviews","Annual Power Usage: 1034 UnitsRoom Size: 90 sqft or Below5 Years Warranty on Whole Product (Valid on sales post 1 Sep 2024, warranty can be availed after registering on Brand website within 7 days of purchase) and 10 Years Warranty on Compressor",31,"8,298 Ratings ", 716 Reviews,8298,716,Godrej,1.0,3.0,Split,1034.0,90 sqft
"CARRIER 2026 Model 1.5 Ton 3 Star Split AI Inverter Convertible 6-in-1 with Smart Energy Display, Inst...",4.2,32490,65500,50,"38,222 Ratings & 4,626 Reviews","Annual Power Usage: 854.39 kWhRoom Size: 111 - 150 sqft1 Year Warranty on Product, 5 Years on PCB and 10 Years on the Compressor",31,"38,222 Ratings "," 4,626 Reviews",38222,4626,CARRIER,1.5,3.0,Split,854.39,111 - 150 sqft
"Hitachi 2023 Model 1 Ton 3 Star Split Inverter ice Clean, Xpandable Plus, Long air throw with Hexa Sen...",3.9,32990,61400,46,"2,394 Ratings & 305 Reviews",Annual Power Usage: 669.16 UnitsRoom Size: 90 sqft or Below1 Year Warranty on Product and 5 Years Warranty on Compressor,31,"2,394 Ratings ", 305 Reviews,2394,305,Hitachi,1.0,3.0,Split,669.16,90 sqft
Daikin 2018 Model 1.5 Ton 3 Star Split Fixed Speed AC,4.2,37218,42990,13,"24,785 Ratings & 1,912 Reviews",Annual Power Usage: 0 UnitsRoom Size: 111 - 150 sqft1 Year on Product and 5 Years on Compressor from Daikin,31,"24,785 Ratings "," 1,912 Reviews",24785,1912,Daikin,1.5,3.0,Split,0.0,111 - 150 sqft
Whirlpool 2026 Model 1.5 Ton 3 Star Split Inverter AC,4.1,32240,57150,43,"30,027 Ratings & 3,540 Reviews","Annual Power Usage: 858.22 kWhRoom Size: 111 - 150 sqft1 year warranty on product, 5 years  warranty on compressor",31,"30,027 Ratings "," 3,540 Reviews",30027,3540,Whirlpool,1.5,3.0,Split,858.22,111 - 150 sqft
"Samsung Bespoke AI 2026 Model 1.5 ton 4 Star Split Inverter with Wi-fi Energy Saving, Voice Control, P...",4.1,38990,82990,53,"6,233 Ratings & 578 Reviews",Annual Power Usage: 713.57 kWhRoom Size: 111 - 150 sqft5 year comprehensive warranty on product and 10 years warranty on compressor,31,"6,233 Ratings ", 578 Reviews,6233,578,Samsung,1.5,4.0,Split,713.57,111 - 150 sqft
Voltas 2022 Model 1.5 Ton 3 Star Split Inverter AC,4.2,34950,67729,48,"83,437 Ratings & 7,067 Reviews",Annual Power Usage: 1017.95 UnitsRoom Size: 111 - 150 sqft1 Year Warranty on Product and 5 Years Warranty on Compressor,31,"83,437 Ratings "," 7,067 Reviews",83437,7067,Voltas,1.5,3.0,Split,1017.95,111 - 150 sqft
Hitachi 2023 Model 1.5 Ton 5 Star Split Inverter AC,4.0,43500,72900,40,"5,094 Ratings & 705 Reviews",Annual Power Usage: 813.13 UnitsRoom Size: 111 - 150 sqft1 Year Comprehensive Warranty on Product and 10 Years Warranty on Compressor,31,"5,094 Ratings ", 705 Reviews,5094,705,Hitachi,1.5,5.0,Split,813.13,111 - 150 sqft
Lloyd 2025 Model 1.5 Ton 3 Star Split Inverter with Wi-fi Anti-Viral AC,4.1,36990,63490,41,"20,599 Ratings & 2,180 Reviews","Annual Power Usage: 990.77 UnitsRoom Size: 111 - 150 sqft1 Year Warranty on Product, 5 Year Warranty on Component & 10 Year Warranty on Compressor.",31,"20,599 Ratings "," 2,180 Reviews",20599,2180,Lloyd,1.5,3.0,Split,990.77,111 - 150 sqft
"Haier 2024 Model 1 Ton 3 Star Split Dual Inverter with Micro Bacterial Filter, 60 High Ambient Perform...",3.8,28699,58000,50,"3,318 Ratings & 266 Reviews",Annual Power Usage: 697.66 UnitsRoom Size: 90 sqft or Below5 Years Warranty on Product and 12 Years Warranty on Compressor,31,"3,318 Ratings ", 266 Reviews,3318,266,Haier,1.0,3.0,Split,697.66,90 sqft
CARRIER 2026 Model 1.5 Ton 3 Star Split AI Inverter with Wi-fi Convertible 6-in-1 with Geo-Fencing & V...,4.2,33490,65900,49,"38,222 Ratings & 4,626 Reviews","Annual Power Usage: 854.39 kWhRoom Size: 111 - 150 sqft1 Year Warranty on Product, 5 Years on PCB and 10 Years on the Compressor",31,"38,222 Ratings "," 4,626 Reviews",38222,4626,CARRIER,1.5,3.0,Split,854.39,111 - 150 sqft
LG 2025 Model 1.5 Ton 5 Star Split AI Dual Inverter AI Convertible 6-in-1 Split with Faster Cooling an...,4.2,42990,78990,45,"46,175 Ratings & 4,255 Reviews","Annual Power Usage: 744.75 kWhRoom Size: 111 - 150 sqft1 Year Warranty on Product,5 year on Pcb and 10 Years Warranty on Compressor",31,"46,175 Ratings "," 4,255 Reviews",46175,4255,LG,1.5,5.0,Split,744.75,111 - 150 sqft
Voltas 2026 Model 1.5 Ton 5 Star Split Inverter with Wi-fi AC,4.2,47499,77990,39,"41,002 Ratings & 3,819 Reviews",Room Size: 111 - 150 sqft,31,"41,002 Ratings "," 3,819 Reviews",41002,3819,Voltas,1.5,5.0,Split,854.39,111 - 150 sqft
"Godrej 2025 Model 1.5 Ton 5 Star Split Inverter AI Powered, 5-In-1 Convertible, Heavy Duty Cooling At ...",4.0,33490,50600,33,"12,566 Ratings & 1,206 Reviews","Annual Power Usage: 736.46 kWhRoom Size: 111 - 150 sqft5 year warranty on whole product, 10 years warranty on compressor , Warranty can be availed after registering on Brand website within 7 days of purchase.",31,"12,566 Ratings "," 1,206 Reviews",12566,1206,Godrej,1.5,5.0,Split,736.46,111 - 150 sqft
Midea 2026 Model 1.5 Ton 3 Star Split AI Inverter with Wi-fi Convertible 6-in-1 with Turbo Mode for Fa...,4.3,29990,59700,49,"18,604 Ratings & 2,838 Reviews","Annual Power Usage: 854.39 kWhRoom Size: 111 - 150 sqft5 Year Comprehensive Warranty On Product,10 Year Warranty On Compressor",31,"18,604 Ratings "," 2,838 Reviews",18604,2838,Midea,1.5,3.0,Split,854.39,111 - 150 sqft
Haier 2025 Model 1.6 Ton 5 Star Split Inverter with Wi-fi AC,4.2,43450,82000,47,171 Ratings & 15 Reviews,Annual Power Usage: 836.95 WRoom Size: 151 - 200 sqft5 Year Comprehensive Warranty,31,171 Ratings , 15 Reviews,171,15,Haier,1.6,5.0,Split,836.95,151 - 200 sqft
IFB 2026 Model 1.5 Ton 3 Star Split Inverter with Wi-fi AC,4.2,33999,59999,43,"8,648 Ratings & 903 Reviews",Room Size: 111 - 150 sqft,31,"8,648 Ratings ", 903 Reviews,8648,903,IFB,1.5,3.0,Split,854.39,111 - 150 sqft
Hitachi 2021 Model 1.5 Ton 3 Star Split Fixed Speed AC,4.0,37062,50600,26,"10,460 Ratings & 1,257 Reviews",Annual Power Usage: 1703.04 UnitsRoom Size: 111 - 150 sqft1 Year on Product and 10 Years on Compressor from Hitachi,32,"10,460 Ratings "," 1,257 Reviews",10460,1257,Hitachi,1.5,3.0,Split,1703.04,111 - 150 sqft
Hitachi 2023 Model 2 Ton 3 Star Split Inverter AC,4.0,50545,80400,37,544 Ratings & 69 Reviews,Annual Power Usage: 1409.41 UnitsRoom Size: 151 - 200 sqft1 Year Warranty on Product and 10 Years Warranty on Compressor,32,544 Ratings , 69 Reviews,544,69,Hitachi,2.0,3.0,Split,1409.41,151 - 200 sqft
Voltas 2026 Model 1.5 Ton 3 Star Split Inverter AC,4.2,33990,60990,44,"83,437 Ratings & 7,067 Reviews","Annual Power Usage: 900.94 kWhRoom Size: 111 - 150 sqft1 Year Warranty On Product,10 Years Warranty On Compressor",32,"83,437 Ratings "," 7,067 Reviews",83437,7067,Voltas,1.5,3.0,Split,900.94,111 - 150 sqft
"LG 2025 Model 1.5 Ton 5 Star Split Dual Inverter with Faster Cooling and Energy Saving, AI Convertible...",4.2,42990,78990,45,"46,175 Ratings & 4,255 Reviews",Annual Power Usage: 744.75 kWhRoom Size: 111 - 150 sqft1 Year Manufacturing Warranty on Product,32,"46,175 Ratings "," 4,255 Reviews",46175,4255,LG,1.5,5.0,Split,744.75,111 - 150 sqft
Godrej 2022 Model 1.5 Ton 3 Star Split Inverter AC,4.0,28999,43900,33,"22,727 Ratings & 1,770 Reviews",Annual Power Usage: 980.37 UnitsRoom Size: 111 - 150 sqft1 Year Comprehensive Warranty on Product and 10 Years Warranty on Compressor,32,"22,727 Ratings "," 1,770 Reviews",22727,1770,Godrej,1.5,3.0,Split,980.37,111 - 150 sqft
Hitachi 2023 Model 1 Ton 3 Star Split Inverter AC,3.9,35110,55400,36,"2,394 Ratings & 305 Reviews",Annual Power Usage: 669.16 UnitsRoom Size: 90 sqft or Below1 Year Comprehensive Warranty on Product and 10 Years Warranty on Compressor,32,"2,394 Ratings ", 305 Reviews,2394,305,Hitachi,1.0,3.0,Split,669.16,90 sqft
Godrej 2025 Model 1 Ton 3 Star Split Inverter 5-In-1-Convertible Cooling with Heavy Duty Cooling At Ex...,4.0,26490,38600,31,"8,298 Ratings & 716 Reviews","Annual Power Usage: 1034 UnitsRoom Size: 90 sqft or Below5 Years Warranty on Whole Product (Valid on sales post 1 Sep 2024, warranty can be availed after registering on Brand website within 7 days of purchase) and 10 Years Warranty on Compressor",32,"8,298 Ratings ", 716 Reviews,8298,716,Godrej,1.0,3.0,Split,1034.0,90 sqft
"CARRIER 2026 Model 1.5 Ton 3 Star Split AI Inverter Convertible 6-in-1 with Smart Energy Display, Inst...",4.2,32490,65500,50,"38,222 Ratings & 4,626 Reviews","Annual Power Usage: 854.39 kWhRoom Size: 111 - 150 sqft1 Year Warranty on Product, 5 Years on PCB and 10 Years on the Compressor",32,"38,222 Ratings "," 4,626 Reviews",38222,4626,CARRIER,1.5,3.0,Split,854.39,111 - 150 sqft
Voltas 2024 Model 1.5 Ton 5 Star Split Inverter AC,4.2,37150,75990,51,"41,002 Ratings & 3,819 Reviews",Annual Power Usage: 751.28 kWhRoom Size: 111 - 150 sqft1 Year Comprehensive Warranty on Product and 10 Years Warranty on Compressor*,32,"41,002 Ratings "," 3,819 Reviews",41002,3819,Voltas,1.5,5.0,Split,751.28,111 - 150 sqft
Whirlpool 2018 Model 1.5 Ton 3 Star Split Inverter AC,4.1,32990,65400,49,"30,027 Ratings & 3,540 Reviews","Annual Power Usage: 0 UnitsRoom Size: 111 - 150 sqft1 Year on Comprehensive Unit , 10 years on compressor & 1 year on condensor",32,"30,027 Ratings "," 3,540 Reviews",30027,3540,Whirlpool,1.5,3.0,Split,0.0,111 - 150 sqft
"Panasonic 2023 Model 1 Ton 5 Star Split Inverter with Wi-fi with 4 Way Swing, PM 0.1 Air Purification ...",4.2,57658,59999,3,"4,169 Ratings & 452 Reviews","Annual Power Usage: 523.15 UnitsRoom Size: 90 sqft or Below1 Year Comprehensive Warranty on Product, 5 Years Warranty on PCB and 10 Years Warranty on Compressor",32,"4,169 Ratings ", 452 Reviews,4169,452,Panasonic,1.0,5.0,Split,523.15,90 sqft
Haier 2023 Model 1.5 Ton 3 Star Split Inverter AC,4.0,33999,66000,48,"6,315 Ratings & 597 Reviews",Annual Power Usage: 1029.15 WRoom Size: 111 - 150 sqft5 Year Comprehensive Warranty,32,"6,315 Ratings ", 597 Reviews,6315,597,Haier,1.5,3.0,Split,1029.15,111 - 150 sqft
Whirlpool 2026 Model 1.5 Ton 3 Star Split Inverter AC,4.1,32240,57150,43,"30,027 Ratings & 3,540 Reviews","Annual Power Usage: 858.22 kWhRoom Size: 111 - 150 sqft1 year warranty on product, 5 years  warranty on compressor",32,"30,027 Ratings "," 3,540 Reviews",30027,3540,Whirlpool,1.5,3.0,Split,858.22,111 - 150 sqft
Samsung 2025 Model 1.5 Ton 5 Star Split Inverter with Wi-fi AC,4.2,36490,72990,50,"26,515 Ratings & 2,683 Reviews",Annual Power Usage: 751.24 WRoom Size: 111 - 150 sqft5 Years Comprehensive Warranty on AC and 10 Years Warranty on Compressor,32,"26,515 Ratings "," 2,683 Reviews",26515,2683,Samsung,1.5,5.0,Split,751.24,111 - 150 sqft
Panasonic 2023 Model 1.5 Ton 5 Star Split Inverter with Wi-fi Convertible 7-in-1 with Additional AI Mo...,4.2,66206,69999,5,"22,111 Ratings & 2,346 Reviews","Annual Power Usage: 774.19 UnitsRoom Size: 111 - 150 sqft1 Year Comprehensive Warranty on Product, 5 Years Warranty on PCB and 10 Years Warranty on Compressor",32,"22,111 Ratings "," 2,346 Reviews",22111,2346,Panasonic,1.5,5.0,Split,774.19,111 - 150 sqft
Whirlpool 2026 Model 1 Ton 3 Star Split Inverter AC,4.1,28890,57950,50,"10,799 Ratings & 1,227 Reviews",Annual Power Usage: 594.03 UnitsRoom Size: 90 sqft or BelowCompressor Warranty 1+9 Years,32,"10,799 Ratings "," 1,227 Reviews",10799,1227,Whirlpool,1.0,3.0,Split,594.03,90 sqft
"Samsung Bespoke AI 2026 Model 1.5 ton 4 Star Split Inverter with Wi-fi Energy Saving, Voice Control, P...",4.1,38990,82990,53,"6,233 Ratings & 578 Reviews",Annual Power Usage: 713.57 kWhRoom Size: 111 - 150 sqft5 year comprehensive warranty on product and 10 years warranty on compressor,32,"6,233 Ratings ", 578 Reviews,6233,578,Samsung,1.5,4.0,Split,713.57,111 - 150 sqft
CARRIER 2026 Model 1.5 Ton 3 Star Split AI Inverter with Wi-fi Convertible 6-in-1 with Geo-Fencing & V...,4.2,33490,65900,49,"38,222 Ratings & 4,626 Reviews","Annual Power Usage: 854.39 kWhRoom Size: 111 - 150 sqft1 Year Warranty on Product, 5 Years on PCB and 10 Years on the Compressor",32,"38,222 Ratings "," 4,626 Reviews",38222,4626,CARRIER,1.5,3.0,Split,854.39,111 - 150 sqft
Hitachi 2023 Model 1.5 Ton 3 Star Split Inverter AC,4.0,37350,63100,40,"10,460 Ratings & 1,257 Reviews",Annual Power Usage: 1024.34 UnitsRoom Size: 111 - 150 sqft1 Year Comprehensive Warranty on Product and 10 Years Warranty on Compressor,32,"10,460 Ratings "," 1,257 Reviews",10460,1257,Hitachi,1.5,3.0,Split,1024.34,111 - 150 sqft
Lloyd 2021 Model 1.5 Ton 3 Star Split Fixed Speed AC,4.1,35789,52990,32,"20,599 Ratings & 2,180 Reviews",Annual Power Usage: 1490 UnitsRoom Size: 111 - 150 sqft1 Year Comprehensive Warranty on Product and 5 Years on Compressor,32,"20,599 Ratings "," 2,180 Reviews",20599,2180,Lloyd,1.5,3.0,Split,1490.0,111 - 150 sqft
Godrej 2023 Model 2 Ton 3 Star Split Fixed Speed with Anti-Dust Filter AC,3.9,41990,61990,32,"2,151 Ratings & 134 Reviews","Annual Power Usage: 1215.35 UnitsRoom Size: 151 - 200 sqft5 Years Warranty on Whole Product (Valid on sales post 1 Sep 2024, warranty can be availed after registering on Brand website within 7 days of purchase) and 5 Years Warranty on Compressor",32,"2,151 Ratings ", 134 Reviews,2151,134,Godrej,2.0,3.0,Split,1215.35,151 - 200 sqft
LG 2025 Model 1.5 Ton 5 Star Split AI Dual Inverter AI Convertible 6-in-1 Split with Faster Cooling an...,4.2,42990,78990,45,"46,175 Ratings & 4,255 Reviews","Annual Power Usage: 744.75 kWhRoom Size: 111 - 150 sqft1 Year Warranty on Product,5 year on Pcb and 10 Years Warranty on Compressor",32,"46,175 Ratings "," 4,255 Reviews",46175,4255,LG,1.5,5.0,Split,744.75,111 - 150 sqft
Midea 2026 Model 1.5 Ton 3 Star Split AI Inverter with Wi-fi Convertible 6-in-1 with Turbo Mode for Fa...,4.3,29990,59700,49,"18,604 Ratings & 2,838 Reviews","Annual Power Usage: 854.39 kWhRoom Size: 111 - 150 sqft5 Year Comprehensive Warranty On Product,10 Year Warranty On Compressor",32,"18,604 Ratings "," 2,838 Reviews",18604,2838,Midea,1.5,3.0,Split,854.39,111 - 150 sqft
Hitachi 2023 Model 2 Ton 3 Star Split Inverter AC,4.0,50545,80400,37,544 Ratings & 69 Reviews,Annual Power Usage: 1409.41 UnitsRoom Size: 151 - 200 sqft1 Year Warranty on Product and 10 Years Warranty on Compressor,33,544 Ratings , 69 Reviews,544,69,Hitachi,2.0,3.0,Split,1409.41,151 - 200 sqft
Hitachi 2023 Model 1 Ton 3 Star Split Inverter AC,3.9,35110,55400,36,"2,394 Ratings & 305 Reviews",Annual Power Usage: 669.16 UnitsRoom Size: 90 sqft or Below1 Year Comprehensive Warranty on Product and 10 Years Warranty on Compressor,33,"2,394 Ratings ", 305 Reviews,2394,305,Hitachi,1.0,3.0,Split,669.16,90 sqft
Voltas 2026 Model 1.5 Ton 3 Star Split Inverter AC,4.2,33990,60990,44,"83,437 Ratings & 7,067 Reviews","Annual Power Usage: 900.94 kWhRoom Size: 111 - 150 sqft1 Year Warranty On Product,10 Years Warranty On Compressor",33,"83,437 Ratings "," 7,067 Reviews",83437,7067,Voltas,1.5,3.0,Split,900.94,111 - 150 sqft
"LG 2025 Model 1.5 Ton 5 Star Split Dual Inverter with Faster Cooling and Energy Saving, AI Convertible...",4.2,42990,78990,45,"46,175 Ratings & 4,255 Reviews",Annual Power Usage: 744.75 kWhRoom Size: 111 - 150 sqft1 Year Manufacturing Warranty on Product,33,"46,175 Ratings "," 4,255 Reviews",46175,4255,LG,1.5,5.0,Split,744.75,111 - 150 sqft
Haier 2025 Model 1.5 Ton 3 Star Split HEXA Inverter with Wi-fi AC,4.0,33500,64000,47,"6,315 Ratings & 597 Reviews",Room Size: 111 - 150 sqft,33,"6,315 Ratings ", 597 Reviews,6315,597,Haier,1.5,3.0,Split,854.39,111 - 150 sqft
Haier 2023 Model 1.5 Ton 3 Star Split Inverter AC,4.0,33999,66000,48,"6,315 Ratings & 597 Reviews",Annual Power Usage: 1029.15 WRoom Size: 111 - 150 sqft5 Year Comprehensive Warranty,33,"6,315 Ratings ", 597 Reviews,6315,597,Haier,1.5,3.0,Split,1029.15,111 - 150 sqft
Lloyd 2021 Model 1.5 Ton 3 Star Split Fixed Speed AC,4.1,35789,52990,32,"20,599 Ratings & 2,180 Reviews",Annual Power Usage: 1490 UnitsRoom Size: 111 - 150 sqft1 Year Comprehensive Warranty on Product and 5 Years on Compressor,33,"20,599 Ratings "," 2,180 Reviews",20599,2180,Lloyd,1.5,3.0,Split,1490.0,111 - 150 sqft
Godrej 2025 Model 1 Ton 3 Star Split Inverter 5-In-1-Convertible Cooling with Heavy Duty Cooling At Ex...,4.0,26490,38600,31,"8,298 Ratings & 716 Reviews","Annual Power Usage: 1034 UnitsRoom Size: 90 sqft or Below5 Years Warranty on Whole Product (Valid on sales post 1 Sep 2024, warranty can be availed after registering on Brand website within 7 days of purchase) and 10 Years Warranty on Compressor",33,"8,298 Ratings ", 716 Reviews,8298,716,Godrej,1.0,3.0,Split,1034.0,90 sqft
"CARRIER 2026 Model 1.5 Ton 3 Star Split AI Inverter Convertible 6-in-1 with Smart Energy Display, Inst...",4.2,32490,65500,50,"38,222 Ratings & 4,626 Reviews","Annual Power Usage: 854.39 kWhRoom Size: 111 - 150 sqft1 Year Warranty on Product, 5 Years on PCB and 10 Years on the Compressor",33,"38,222 Ratings "," 4,626 Reviews",38222,4626,CARRIER,1.5,3.0,Split,854.39,111 - 150 sqft
Panasonic 2025 Model 1.5 Ton 3 Star Hot and Cold Split Inverter AC,4.1,43720,62900,30,"24,445 Ratings & 2,408 Reviews","Annual Power Usage: 928.57 kWhRoom Size: 111 - 150 sqft1 Year Comprehensive warranty on Product,
5 Years warranty on PCB & 
10 Years warranty on Compressor",33,"24,445 Ratings "," 2,408 Reviews",24445,2408,Panasonic,1.5,3.0,Split,928.57,111 - 150 sqft
Whirlpool 2026 Model 1.5 Ton 3 Star Split Inverter AC,4.1,32240,57150,43,"30,027 Ratings & 3,540 Reviews","Annual Power Usage: 858.22 kWhRoom Size: 111 - 150 sqft1 year warranty on product, 5 years  warranty on compressor",33,"30,027 Ratings "," 3,540 Reviews",30027,3540,Whirlpool,1.5,3.0,Split,858.22,111 - 150 sqft
"Samsung Bespoke AI 2026 Model 1.5 ton 4 Star Split Inverter with Wi-fi Energy Saving, Voice Control, P...",4.1,38990,82990,53,"6,233 Ratings & 578 Reviews",Annual Power Usage: 713.57 kWhRoom Size: 111 - 150 sqft5 year comprehensive warranty on product and 10 years warranty on compressor,33,"6,233 Ratings ", 578 Reviews,6233,578,Samsung,1.5,4.0,Split,713.57,111 - 150 sqft
Blue Star 2025 Model 2 Ton 3 Star Window Fixed Speed AC,3.8,38690,50000,22,168 Ratings & 13 Reviews,Annual Power Usage: 1435.97 kWhRoom Size: 151 - 200 sqftWarranty of the Product is Limited to Manufacturing Defects Only,33,168 Ratings , 13 Reviews,168,13,Blue,2.0,3.0,Window,1435.97,151 - 200 sqft
Panasonic 2023 Model 1.5 Ton 3 Star Hot and Cold Split Inverter with Wi-fi AC,4.1,47090,62900,25,"24,445 Ratings & 2,408 Reviews","Annual Power Usage: 972.89 UnitsRoom Size: 111 - 150 sqft1 Year Warranty on Product, 5 Years Warranty on PCB, 5 Years Warranty on ODU Casing and 10 Years Warranty on Compressor",33,"24,445 Ratings "," 2,408 Reviews",24445,2408,Panasonic,1.5,3.0,Split,972.89,111 - 150 sqft
CARRIER 2026 Model 1.5 Ton 3 Star Split AI Inverter with Wi-fi Convertible 6-in-1 with Geo-Fencing & V...,4.2,33490,65900,49,"38,222 Ratings & 4,626 Reviews","Annual Power Usage: 854.39 kWhRoom Size: 111 - 150 sqft1 Year Warranty on Product, 5 Years on PCB and 10 Years on the Compressor",33,"38,222 Ratings "," 4,626 Reviews",38222,4626,CARRIER,1.5,3.0,Split,854.39,111 - 150 sqft
LG 2025 Model 1.5 Ton 5 Star Split AI Dual Inverter AI Convertible 6-in-1 Split with Faster Cooling an...,4.2,42990,78990,45,"46,175 Ratings & 4,255 Reviews","Annual Power Usage: 744.75 kWhRoom Size: 111 - 150 sqft1 Year Warranty on Product,5 year on Pcb and 10 Years Warranty on Compressor",33,"46,175 Ratings "," 4,255 Reviews",46175,4255,LG,1.5,5.0,Split,744.75,111 - 150 sqft
IFB 2024 Model 1.5 Ton 3 Star Split Inverter with Wi-fi AC,4.2,36200,72990,50,"8,648 Ratings & 903 Reviews",Annual Power Usage: 1002.83 kWhRoom Size: 111 - 150 sqft,33,"8,648 Ratings ", 903 Reviews,8648,903,IFB,1.5,3.0,Split,1002.83,111 - 150 sqft
"LG 2023 Model 1.5 Ton 5 Star Split Inverter AI Convertible 6-in-1 Cooling , HD Filter with Anti-Virus ...",4.2,46500,75990,38,"46,175 Ratings & 4,255 Reviews","Annual Power Usage: 685.26 UnitsRoom Size: 111 - 150 sqft1 Year Warranty on Product, 5 Years Warranty on PCB and 10 Years Warranty on Compressor with Gas Charging",33,"46,175 Ratings "," 4,255 Reviews",46175,4255,LG,1.5,5.0,Split,685.26,111 - 150 sqft
"Godrej 2025 Model 1.5 Ton 5 Star Split Inverter AI Powered, 5-In-1 Convertible, Heavy Duty Cooling At ...",4.0,33490,50600,33,"12,566 Ratings & 1,206 Reviews","Annual Power Usage: 736.46 kWhRoom Size: 111 - 150 sqft5 year warranty on whole product, 10 years warranty on compressor , Warranty can be availed after registering on Brand website within 7 days of purchase.",33,"12,566 Ratings "," 1,206 Reviews",12566,1206,Godrej,1.5,5.0,Split,736.46,111 - 150 sqft
Midea 2026 Model 1.5 Ton 3 Star Split AI Inverter with Wi-fi Convertible 6-in-1 with Turbo Mode for Fa...,4.3,29990,59700,49,"18,604 Ratings & 2,838 Reviews","Annual Power Usage: 854.39 kWhRoom Size: 111 - 150 sqft5 Year Comprehensive Warranty On Product,10 Year Warranty On Compressor",33,"18,604 Ratings "," 2,838 Reviews",18604,2838,Midea,1.5,3.0,Split,854.39,111 - 150 sqft
IFB 2024 Model 2 Ton 3 Star Split Inverter With Heavy Duty Cooling AC,4.2,48500,65400,25,"1,194 Ratings & 115 Reviews","Annual Power Usage: 1248.28 UnitsRoom Size: 151 - 200 sqft1 Year Warranty on Product, 5 Years Warranty on PCB and 10 Years Warranty on Compressor",34,"1,194 Ratings ", 115 Reviews,1194,115,IFB,2.0,3.0,Split,1248.28,151 - 200 sqft
Haier 2025 Model 1.5 Ton 3 Star Split HEXA Inverter with Wi-fi AC,4.0,33500,64000,47,"6,315 Ratings & 597 Reviews",Room Size: 111 - 150 sqft,34,"6,315 Ratings ", 597 Reviews,6315,597,Haier,1.5,3.0,Split,854.39,111 - 150 sqft
CARRIER 2025 Model 1.5 Ton 3 Star Split Inverter AC,4.2,34999,67500,48,"38,222 Ratings & 4,626 Reviews",Annual Power Usage: 887.8 UnitsRoom Size: 111 - 150 sqft1 Year Comprehensive Warranty,34,"38,222 Ratings "," 4,626 Reviews",38222,4626,CARRIER,1.5,3.0,Split,887.8,111 - 150 sqft
Lloyd 2022 Model 1.5 Ton 5 Star Window Inverter AC,4.0,35464,51990,31,"1,256 Ratings & 156 Reviews",Annual Power Usage: 1173.59 UnitsRoom Size: 111 - 150 sqft1 Year Comprehensive Warranty on AC and 5 Years on Compressor,34,"1,256 Ratings ", 156 Reviews,1256,156,Lloyd,1.5,5.0,Window,1173.59,111 - 150 sqft
Voltas 2026 Model 1.5 Ton 3 Star Split Inverter AC,4.2,33990,60990,44,"83,437 Ratings & 7,067 Reviews","Annual Power Usage: 900.94 kWhRoom Size: 111 - 150 sqft1 Year Warranty On Product,10 Years Warranty On Compressor",34,"83,437 Ratings "," 7,067 Reviews",83437,7067,Voltas,1.5,3.0,Split,900.94,111 - 150 sqft
"LG 2025 Model 1.5 Ton 5 Star Split Dual Inverter with Faster Cooling and Energy Saving, AI Convertible...",4.2,42990,78990,45,"46,175 Ratings & 4,255 Reviews",Annual Power Usage: 744.75 kWhRoom Size: 111 - 150 sqft1 Year Manufacturing Warranty on Product,34,"46,175 Ratings "," 4,255 Reviews",46175,4255,LG,1.5,5.0,Split,744.75,111 - 150 sqft
Voltas 2023 Model 1 Ton 3 Star Split Inverter AC,4.1,29990,58990,49,"8,721 Ratings & 907 Reviews",Annual Power Usage: 672.93 UnitsRoom Size: 90 sqft or Below1 Year Comprehensive Warranty on Product and 10 Years Warranty on Compressor,34,"8,721 Ratings ", 907 Reviews,8721,907,Voltas,1.0,3.0,Split,672.93,90 sqft
Voltas 2022 Model 1 Ton 3 Star Split Inverter with Wi-fi AC,4.1,29147,56990,48,"8,721 Ratings & 907 Reviews",Annual Power Usage: 672.93 UnitsRoom Size: 90 sqft or Below1 Year Warranty on Product and 10 Years Warranty on Compressor,34,"8,721 Ratings ", 907 Reviews,8721,907,Voltas,1.0,3.0,Split,672.93,90 sqft
Godrej 2025 Model 1 Ton 3 Star Split Inverter 5-In-1-Convertible Cooling with Heavy Duty Cooling At Ex...,4.0,26490,38600,31,"8,298 Ratings & 716 Reviews","Annual Power Usage: 1034 UnitsRoom Size: 90 sqft or Below5 Years Warranty on Whole Product (Valid on sales post 1 Sep 2024, warranty can be availed after registering on Brand website within 7 days of purchase) and 10 Years Warranty on Compressor",34,"8,298 Ratings ", 716 Reviews,8298,716,Godrej,1.0,3.0,Split,1034.0,90 sqft
"CARRIER 2026 Model 1.5 Ton 3 Star Split AI Inverter Convertible 6-in-1 with Smart Energy Display, Inst...",4.2,32490,65500,50,"38,222 Ratings & 4,626 Reviews","Annual Power Usage: 854.39 kWhRoom Size: 111 - 150 sqft1 Year Warranty on Product, 5 Years on PCB and 10 Years on the Compressor",34,"38,222 Ratings "," 4,626 Reviews",38222,4626,CARRIER,1.5,3.0,Split,854.39,111 - 150 sqft
Haier 2024 Model 1.5 Ton 3 Star Split Dual Inverter AC,4.0,33650,67500,50,"6,315 Ratings & 597 Reviews",Annual Power Usage: 1029.15 UnitsRoom Size: 111 - 150 sqft1 Year Standard Warranty 5 Years Comprehensive warranty and 12 Years Warranty on Compressor,34,"6,315 Ratings ", 597 Reviews,6315,597,Haier,1.5,3.0,Split,1029.15,111 - 150 sqft
Blue Star 2023 Model 1 Ton 5 Star Split Inverter AC,4.0,36850,60500,39,"2,676 Ratings & 255 Reviews",Annual Power Usage: 536.27 UnitsRoom Size: 90 sqft or Below1 Year Warranty on Product and 10 Years Warranty on Compressor,34,"2,676 Ratings ", 255 Reviews,2676,255,Blue,1.0,5.0,Split,536.27,90 sqft
CARRIER 2025 Model 2 Ton 3 Star Split Inverter with Wi-fi AC,4.2,49500,77800,36,"4,267 Ratings & 497 Reviews",Room Size: 151 - 200 sqft,34,"4,267 Ratings ", 497 Reviews,4267,497,CARRIER,2.0,3.0,Split,854.39,151 - 200 sqft
Whirlpool 2026 Model 1.5 Ton 3 Star Split Inverter AC,4.1,32240,57150,43,"30,027 Ratings & 3,540 Reviews","Annual Power Usage: 858.22 kWhRoom Size: 111 - 150 sqft1 year warranty on product, 5 years  warranty on compressor",34,"30,027 Ratings "," 3,540 Reviews",30027,3540,Whirlpool,1.5,3.0,Split,858.22,111 - 150 sqft
Samsung 2025 Model 1.5 Ton 5 Star Split Inverter with Wi-fi AC,4.2,36490,72990,50,"26,515 Ratings & 2,683 Reviews",Annual Power Usage: 751.24 WRoom Size: 111 - 150 sqft5 Years Comprehensive Warranty on AC and 10 Years Warranty on Compressor,34,"26,515 Ratings "," 2,683 Reviews",26515,2683,Samsung,1.5,5.0,Split,751.24,111 - 150 sqft
IFB 2026 Model 1.5 Ton 3 Star Split Inverter with Wi-fi AC,4.2,35500,63990,44,"8,648 Ratings & 903 Reviews",Annual Power Usage: 889.95 UnitsRoom Size: 111 - 150 sqft1 Year Manufacture Warranty On This Product,34,"8,648 Ratings ", 903 Reviews,8648,903,IFB,1.5,3.0,Split,889.95,111 - 150 sqft
Hitachi 2024 Model 2 Ton 3 Star Split Inverter AC,4.0,55900,75400,25,544 Ratings & 69 Reviews,"Annual Power Usage: 1419.9 WRoom Size: 151 - 200 sqft1 Year Warranty on Product,  5 Years on PCB and Motor, 10 Years Warranty on Compressor",34,544 Ratings , 69 Reviews,544,69,Hitachi,2.0,3.0,Split,1419.9,151 - 200 sqft
"Samsung Bespoke AI 2026 Model 1.5 ton 4 Star Split Inverter with Wi-fi Energy Saving, Voice Control, P...",4.1,38990,82990,53,"6,233 Ratings & 578 Reviews",Annual Power Usage: 713.57 kWhRoom Size: 111 - 150 sqft5 year comprehensive warranty on product and 10 years warranty on compressor,34,"6,233 Ratings ", 578 Reviews,6233,578,Samsung,1.5,4.0,Split,713.57,111 - 150 sqft
CARRIER 2026 Model 1.5 Ton 3 Star Split AI Inverter with Wi-fi Convertible 6-in-1 with Geo-Fencing & V...,4.2,33490,65900,49,"38,222 Ratings & 4,626 Reviews","Annual Power Usage: 854.39 kWhRoom Size: 111 - 150 sqft1 Year Warranty on Product, 5 Years on PCB and 10 Years on the Compressor",34,"38,222 Ratings "," 4,626 Reviews",38222,4626,CARRIER,1.5,3.0,Split,854.39,111 - 150 sqft
Voltas 2024 Model 1.5 Ton 3 Star Split Inverter AC,4.2,33790,64990,48,"83,437 Ratings & 7,067 Reviews","Annual Power Usage: 975.26 UnitsRoom Size: 111 - 150 sqft1 year on product, 5 years warranty on PCB, 10 years warranty on compressor",34,"83,437 Ratings "," 7,067 Reviews",83437,7067,Voltas,1.5,3.0,Split,975.26,111 - 150 sqft
Hitachi 2025 Model 1.5 Ton 3 Star Split Inverter with Wi-fi AC,4.0,48990,73990,33,"10,460 Ratings & 1,257 Reviews",Annual Power Usage: 897.16 UnitsRoom Size: 111 - 150 sqftStandard warranty of 1 Year,34,"10,460 Ratings "," 1,257 Reviews",10460,1257,Hitachi,1.5,3.0,Split,897.16,111 - 150 sqft
"LG 2023 Model 1.5 Ton 5 Star Split Inverter AI Convertible 6-in-1 Cooling , HD Filter with Anti-Virus ...",4.2,46500,75990,38,"46,175 Ratings & 4,255 Reviews","Annual Power Usage: 685.26 UnitsRoom Size: 111 - 150 sqft1 Year Warranty on Product, 5 Years Warranty on PCB and 10 Years Warranty on Compressor with Gas Charging",34,"46,175 Ratings "," 4,255 Reviews",46175,4255,LG,1.5,5.0,Split,685.26,111 - 150 sqft
Panasonic 2023 Model 1.5 Ton 5 Star Split Inverter AC,4.2,43800,67400,35,"22,111 Ratings & 2,346 Reviews",Annual Power Usage: 1290 UnitsRoom Size: 111 - 150 sqft1 Year Comprehensive Warranty on Product and 5 Years Warranty on Compressor,34,"22,111 Ratings "," 2,346 Reviews",22111,2346,Panasonic,1.5,5.0,Split,1290.0,111 - 150 sqft
Voltas 2026 Model 1.5 Ton 3 Star Split Inverter AC,4.2,33990,60990,44,"83,437 Ratings & 7,067 Reviews","Annual Power Usage: 900.94 kWhRoom Size: 111 - 150 sqft1 Year Warranty On Product,10 Years Warranty On Compressor",35,"83,437 Ratings "," 7,067 Reviews",83437,7067,Voltas,1.5,3.0,Split,900.94,111 - 150 sqft
"LG 2025 Model 1.5 Ton 5 Star Split Dual Inverter with Faster Cooling and Energy Saving, AI Convertible...",4.2,42990,78990,45,"46,175 Ratings & 4,255 Reviews",Annual Power Usage: 744.75 kWhRoom Size: 111 - 150 sqft1 Year Manufacturing Warranty on Product,35,"46,175 Ratings "," 4,255 Reviews",46175,4255,LG,1.5,5.0,Split,744.75,111 - 150 sqft
Lloyd 2024 Model 1.5 Ton 3 Star Window Fixed Speed AC,4.1,31590,40900,22,"3,328 Ratings & 350 Reviews","Annual Power Usage: 1180.51 UnitsRoom Size: 111 - 150 sqft1 Year Warranty on Product, 5 Year Warranty on Component & 10 Year Warranty on Compressor.",35,"3,328 Ratings ", 350 Reviews,3328,350,Lloyd,1.5,3.0,Window,1180.51,111 - 150 sqft
Godrej 2025 Model 1 Ton 3 Star Split Inverter 5-In-1-Convertible Cooling with Heavy Duty Cooling At Ex...,4.0,26490,38600,31,"8,298 Ratings & 716 Reviews","Annual Power Usage: 1034 UnitsRoom Size: 90 sqft or Below5 Years Warranty on Whole Product (Valid on sales post 1 Sep 2024, warranty can be availed after registering on Brand website within 7 days of purchase) and 10 Years Warranty on Compressor",35,"8,298 Ratings ", 716 Reviews,8298,716,Godrej,1.0,3.0,Split,1034.0,90 sqft
"CARRIER 2026 Model 1.5 Ton 3 Star Split AI Inverter Convertible 6-in-1 with Smart Energy Display, Inst...",4.2,32490,65500,50,"38,222 Ratings & 4,626 Reviews","Annual Power Usage: 854.39 kWhRoom Size: 111 - 150 sqft1 Year Warranty on Product, 5 Years on PCB and 10 Years on the Compressor",35,"38,222 Ratings "," 4,626 Reviews",38222,4626,CARRIER,1.5,3.0,Split,854.39,111 - 150 sqft
"Haier 2023 Model 1.6 Ton 5 Star Split Inverter with Wi-fi Frost Self-clean technology, Supersonic Cool...",4.2,42850,79990,46,171 Ratings & 15 Reviews,Annual Power Usage: 828.37 UnitsRoom Size: 151 - 200 sqft5 Years Comprehensive Warranty and 12 Years Compressor Warranty,35,171 Ratings , 15 Reviews,171,15,Haier,1.6,5.0,Split,828.37,151 - 200 sqft
Blue Star 2024 Model 1.5 Ton 3 Star Window Fixed Speed AC,4.2,37619,42900,12,"1,912 Ratings & 181 Reviews","Annual Power Usage: 1180.51 UnitsRoom Size: 111 - 150 sqft1 Year Warranty on Product, 5 Years Warranty on PCB and 5 Years Warranty on Compressor",35,"1,912 Ratings ", 181 Reviews,1912,181,Blue,1.5,3.0,Window,1180.51,111 - 150 sqft
Whirlpool 2026 Model 1.5 Ton 3 Star Split Inverter AC,4.1,32240,57150,43,"30,027 Ratings & 3,540 Reviews","Annual Power Usage: 858.22 kWhRoom Size: 111 - 150 sqft1 year warranty on product, 5 years  warranty on compressor",35,"30,027 Ratings "," 3,540 Reviews",30027,3540,Whirlpool,1.5,3.0,Split,858.22,111 - 150 sqft
"Samsung Bespoke AI 2026 Model 1.5 ton 4 Star Split Inverter with Wi-fi Energy Saving, Voice Control, P...",4.1,38990,82990,53,"6,233 Ratings & 578 Reviews",Annual Power Usage: 713.57 kWhRoom Size: 111 - 150 sqft5 year comprehensive warranty on product and 10 years warranty on compressor,35,"6,233 Ratings ", 578 Reviews,6233,578,Samsung,1.5,4.0,Split,713.57,111 - 150 sqft
Voltas 2022 Model 1.5 Ton 5 Star Window Inverter AC,4.3,34990,45990,23,"8,589 Ratings & 892 Reviews",Annual Power Usage: 1114.62 UnitsRoom Size: 111 - 150 sqft1 Year Warranty on Product and 10 Years Warranty on Compressor,35,"8,589 Ratings ", 892 Reviews,8589,892,Voltas,1.5,5.0,Window,1114.62,111 - 150 sqft
LG 2025 Model 2 Ton 3 Star Split Dual Inverter AC,4.1,56718,75000,24,"1,559 Ratings & 116 Reviews",Room Size: 151 - 200 sqft,35,"1,559 Ratings ", 116 Reviews,1559,116,LG,2.0,3.0,Split,854.39,151 - 200 sqft
CARRIER 2026 Model 1.5 Ton 3 Star Split AI Inverter with Wi-fi Convertible 6-in-1 with Geo-Fencing & V...,4.2,33490,65900,49,"38,222 Ratings & 4,626 Reviews","Annual Power Usage: 854.39 kWhRoom Size: 111 - 150 sqft1 Year Warranty on Product, 5 Years on PCB and 10 Years on the Compressor",35,"38,222 Ratings "," 4,626 Reviews",38222,4626,CARRIER,1.5,3.0,Split,854.39,111 - 150 sqft
LG 2025 Model 1.5 Ton 5 Star Split AI Dual Inverter AI Convertible 6-in-1 Split with Faster Cooling an...,4.2,42990,78990,45,"46,175 Ratings & 4,255 Reviews","Annual Power Usage: 744.75 kWhRoom Size: 111 - 150 sqft1 Year Warranty on Product,5 year on Pcb and 10 Years Warranty on Compressor",35,"46,175 Ratings "," 4,255 Reviews",46175,4255,LG,1.5,5.0,Split,744.75,111 - 150 sqft
Godrej 2024 Model 1.5 Ton 3 Star Split Inverter 4 Way Air Swing AC,4.0,32500,48900,33,"22,727 Ratings & 1,770 Reviews","Annual Power Usage: 980.37 UnitsRoom Size: 111 - 150 sqft5 Years Warranty on Whole Product (Valid on sales post 1 Sep 2024, warranty can be availed after registering on Brand website within 7 days of purchase) and 10 Years Warranty on Compressor",35,"22,727 Ratings "," 1,770 Reviews",22727,1770,Godrej,1.5,3.0,Split,980.37,111 - 150 sqft
Godrej 2025 Model 1.7 Ton 3 Star Split Inverter AC,4.4,32990,46000,28,27 Ratings & 3 Reviews,Room Size: 151 - 200 sqft,35,27 Ratings , 3 Reviews,27,3,Godrej,1.7,3.0,Split,854.39,151 - 200 sqft
Hitachi 2025 Model 1.5 Ton 3 Star Window Inverter AC,4.1,35990,44990,20,"6,348 Ratings & 664 Reviews",Annual Power Usage: 1172.92 UnitsRoom Size: 111 - 150 sqft1 Year Warranty,35,"6,348 Ratings ", 664 Reviews,6348,664,Hitachi,1.5,3.0,Window,1172.92,111 - 150 sqft
Lloyd 2022 Model 1.5 Ton 5 Star Window Inverter AC,4.0,35464,51990,31,"1,256 Ratings & 156 Reviews",Annual Power Usage: 1173.59 UnitsRoom Size: 111 - 150 sqft1 Year Comprehensive Warranty on AC and 5 Years on Compressor,35,"1,256 Ratings ", 156 Reviews,1256,156,Lloyd,1.5,5.0,Window,1173.59,111 - 150 sqft
"Godrej 2025 Model 1.5 Ton 5 Star Split Inverter AI Powered, 5-In-1 Convertible, Heavy Duty Cooling At ...",4.0,33490,50600,33,"12,566 Ratings & 1,206 Reviews","Annual Power Usage: 736.46 kWhRoom Size: 111 - 150 sqft5 year warranty on whole product, 10 years warranty on compressor , Warranty can be availed after registering on Brand website within 7 days of purchase.",35,"12,566 Ratings "," 1,206 Reviews",12566,1206,Godrej,1.5,5.0,Split,736.46,111 - 150 sqft
Midea 2026 Model 1.5 Ton 3 Star Split AI Inverter with Wi-fi Convertible 6-in-1 with Turbo Mode for Fa...,4.3,29990,59700,49,"18,604 Ratings & 2,838 Reviews","Annual Power Usage: 854.39 kWhRoom Size: 111 - 150 sqft5 Year Comprehensive Warranty On Product,10 Year Warranty On Compressor",35,"18,604 Ratings "," 2,838 Reviews",18604,2838,Midea,1.5,3.0,Split,854.39,111 - 150 sqft
"Panasonic 2023 Model 1.5 Ton 4 Star Split Inverter with Wi-fi with 4 Way Swing, PM 0.1 Air Purificatio...",4.1,42858,68000,36,"2,166 Ratings & 250 Reviews","Annual Power Usage: 876.76 UnitsRoom Size: 111 - 150 sqft1 Year Comprehensive Warranty on Product, 5 Years Warranty on PCB and 10 Years Warranty on Compressor",35,"2,166 Ratings ", 250 Reviews,2166,250,Panasonic,1.5,4.0,Split,876.76,111 - 150 sqft
CARRIER 2025 Model 1.5 Ton 3 Star Split Inverter with Wi-fi AC,4.2,33399,71790,53,"38,222 Ratings & 4,626 Reviews",Room Size: 111 - 150 sqft,35,"38,222 Ratings "," 4,626 Reviews",38222,4626,CARRIER,1.5,3.0,Split,854.39,111 - 150 sqft
Voltas 2026 Model 1.5 Ton 3 Star Split Inverter AC,4.2,33990,60990,44,"83,437 Ratings & 7,067 Reviews","Annual Power Usage: 900.94 kWhRoom Size: 111 - 150 sqft1 Year Warranty On Product,10 Years Warranty On Compressor",36,"83,437 Ratings "," 7,067 Reviews",83437,7067,Voltas,1.5,3.0,Split,900.94,111 - 150 sqft
"LG 2025 Model 1.5 Ton 5 Star Split Dual Inverter with Faster Cooling and Energy Saving, AI Convertible...",4.2,42990,78990,45,"46,175 Ratings & 4,255 Reviews",Annual Power Usage: 744.75 kWhRoom Size: 111 - 150 sqft1 Year Manufacturing Warranty on Product,36,"46,175 Ratings "," 4,255 Reviews",46175,4255,LG,1.5,5.0,Split,744.75,111 - 150 sqft
"Panasonic 2023 Model 1 Ton 5 Star Split Inverter with Wi-fi with 4 Way Swing, PM 0.1 Air Purification ...",4.2,57658,59999,3,"4,169 Ratings & 452 Reviews","Annual Power Usage: 523.15 UnitsRoom Size: 90 sqft or Below1 Year Comprehensive Warranty on Product, 5 Years Warranty on PCB and 10 Years Warranty on Compressor",36,"4,169 Ratings ", 452 Reviews,4169,452,Panasonic,1.0,5.0,Split,523.15,90 sqft
Panasonic 2023 Model 1.5 Ton 5 Star Split Inverter with Wi-fi Convertible 7-in-1 with Additional AI Mo...,4.2,66206,69999,5,"22,111 Ratings & 2,346 Reviews","Annual Power Usage: 774.19 UnitsRoom Size: 111 - 150 sqft1 Year Comprehensive Warranty on Product, 5 Years Warranty on PCB and 10 Years Warranty on Compressor",36,"22,111 Ratings "," 2,346 Reviews",22111,2346,Panasonic,1.5,5.0,Split,774.19,111 - 150 sqft
Hitachi 2025 Model 1.5 Ton 5 Star Window Fixed Speed AC,4.1,39999,52999,24,"2,897 Ratings & 327 Reviews",Room Size: 111 - 150 sqft,36,"2,897 Ratings ", 327 Reviews,2897,327,Hitachi,1.5,5.0,Window,854.39,111 - 150 sqft
Haier 2024 Model 1.6 Ton 5 Star Split Inverter AC,4.2,42950,75400,43,171 Ratings & 15 Reviews,Annual Power Usage: 836.95 UnitsRoom Size: 151 - 200 sqft1 Year Warranty on Product and 12 Years Warranty on Compressor,36,171 Ratings , 15 Reviews,171,15,Haier,1.6,5.0,Split,836.95,151 - 200 sqft
Godrej 2025 Model 1 Ton 3 Star Split Inverter 5-In-1-Convertible Cooling with Heavy Duty Cooling At Ex...,4.0,26490,38600,31,"8,298 Ratings & 716 Reviews","Annual Power Usage: 1034 UnitsRoom Size: 90 sqft or Below5 Years Warranty on Whole Product (Valid on sales post 1 Sep 2024, warranty can be availed after registering on Brand website within 7 days of purchase) and 10 Years Warranty on Compressor",36,"8,298 Ratings ", 716 Reviews,8298,716,Godrej,1.0,3.0,Split,1034.0,90 sqft
"CARRIER 2026 Model 1.5 Ton 3 Star Split AI Inverter Convertible 6-in-1 with Smart Energy Display, Inst...",4.2,32490,65500,50,"38,222 Ratings & 4,626 Reviews","Annual Power Usage: 854.39 kWhRoom Size: 111 - 150 sqft1 Year Warranty on Product, 5 Years on PCB and 10 Years on the Compressor",36,"38,222 Ratings "," 4,626 Reviews",38222,4626,CARRIER,1.5,3.0,Split,854.39,111 - 150 sqft
"LG 2023 Model 1.5 Ton 5 Star Split Dual Inverter with Wi-fi AI Convertible 6-in-1 Cooling, HD Filter w...",4.2,37490,91990,59,"46,175 Ratings & 4,255 Reviews","Annual Power Usage: 744.99 UnitsRoom Size: 111 - 150 sqft1 Year Warranty on Product, 5 Years Warranty on PCB and 10 Years Warranty on Compressor with Gas Charging (T&C)",36,"46,175 Ratings "," 4,255 Reviews",46175,4255,LG,1.5,5.0,Split,744.99,111 - 150 sqft
Whirlpool 2025 Model 1.5 Ton 3 Star Split Inverter AC,4.1,33200,65400,49,"30,027 Ratings & 3,540 Reviews",Annual Power Usage: 987.11 kWhRoom Size: 111 - 150 sqft1 Year Comprehensive Warranty on  product,36,"30,027 Ratings "," 3,540 Reviews",30027,3540,Whirlpool,1.5,3.0,Split,987.11,111 - 150 sqft
Whirlpool 2026 Model 1.5 Ton 3 Star Split Inverter AC,4.1,32240,57150,43,"30,027 Ratings & 3,540 Reviews","Annual Power Usage: 858.22 kWhRoom Size: 111 - 150 sqft1 year warranty on product, 5 years  warranty on compressor",36,"30,027 Ratings "," 3,540 Reviews",30027,3540,Whirlpool,1.5,3.0,Split,858.22,111 - 150 sqft
"Samsung Bespoke AI 2026 Model 1.5 ton 4 Star Split Inverter with Wi-fi Energy Saving, Voice Control, P...",4.1,38990,82990,53,"6,233 Ratings & 578 Reviews",Annual Power Usage: 713.57 kWhRoom Size: 111 - 150 sqft5 year comprehensive warranty on product and 10 years warranty on compressor,36,"6,233 Ratings ", 578 Reviews,6233,578,Samsung,1.5,4.0,Split,713.57,111 - 150 sqft
Godrej 2024 Model 1.5 Ton 3 Star Split Inverter AC,4.0,32300,47000,31,"22,727 Ratings & 1,770 Reviews",Annual Power Usage: 1003.51 UnitsRoom Size: 111 - 150 sqft1 Year on Product and 10 Years Warranty on Compressor,36,"22,727 Ratings "," 1,770 Reviews",22727,1770,Godrej,1.5,3.0,Split,1003.51,111 - 150 sqft
CARRIER 2025 Model 1.5 Ton 5 Star Split Inverter with Wi-fi AC,4.2,45800,74500,38,"26,219 Ratings & 3,537 Reviews",Room Size: 111 - 150 sqft,36,"26,219 Ratings "," 3,537 Reviews",26219,3537,CARRIER,1.5,5.0,Split,854.39,111 - 150 sqft
Voltas 2025 Model 1 Ton 3 Star Split Inverter with Wi-fi AC,4.1,35355,57990,39,"8,721 Ratings & 907 Reviews","Annual Power Usage: 602.41 kWhRoom Size: 90 sqft or Below1 Year Warranty On Product,10 Years Warranty On Compressor",36,"8,721 Ratings ", 907 Reviews,8721,907,Voltas,1.0,3.0,Split,602.41,90 sqft
Voltas 2025 Model 1 Ton 3 Star Split Inverter with Wi-fi AC,4.1,35900,57990,38,"8,721 Ratings & 907 Reviews","Annual Power Usage: 602.41 kWhRoom Size: 90 sqft or Below1 Year Warranty On Product,10 Years Warranty On Compressor",36,"8,721 Ratings ", 907 Reviews,8721,907,Voltas,1.0,3.0,Split,602.41,90 sqft
CARRIER 2026 Model 1.5 Ton 3 Star Split AI Inverter with Wi-fi Convertible 6-in-1 with Geo-Fencing & V...,4.2,33490,65900,49,"38,222 Ratings & 4,626 Reviews","Annual Power Usage: 854.39 kWhRoom Size: 111 - 150 sqft1 Year Warranty on Product, 5 Years on PCB and 10 Years on the Compressor",36,"38,222 Ratings "," 4,626 Reviews",38222,4626,CARRIER,1.5,3.0,Split,854.39,111 - 150 sqft
LG 2025 Model 1.5 Ton 5 Star Split AI Dual Inverter AI Convertible 6-in-1 Split with Faster Cooling an...,4.2,42990,78990,45,"46,175 Ratings & 4,255 Reviews","Annual Power Usage: 744.75 kWhRoom Size: 111 - 150 sqft1 Year Warranty on Product,5 year on Pcb and 10 Years Warranty on Compressor",36,"46,175 Ratings "," 4,255 Reviews",46175,4255,LG,1.5,5.0,Split,744.75,111 - 150 sqft
Samsung 2024 Model 1.5 Ton 3 Star Split Inverter with Wi-fi AC,4.1,38786,78290,50,"37,322 Ratings & 3,395 Reviews",Annual Power Usage: 1900 UnitsRoom Size: 111 - 150 sqftManufacturer Warranty:  1 Year Standard Warranty 5 Year Comprehensive Warranty 10 Year Warranty on Compressor,36,"37,322 Ratings "," 3,395 Reviews",37322,3395,Samsung,1.5,3.0,Split,1900.0,111 - 150 sqft
"Haier 2024 Model 1.5 Ton 3 Star Split Fixed Speed with Wi-fi with Turbo Mode, Micro Anti-Bacterial Fil...",4.0,39184,62500,37,"6,315 Ratings & 597 Reviews",Annual Power Usage: 1045.04 UnitsRoom Size: 111 - 150 sqft1 Year Warranty on Product and 6 Years Warranty on Compressor,36,"6,315 Ratings ", 597 Reviews,6315,597,Haier,1.5,3.0,Split,1045.04,111 - 150 sqft
"Godrej 2025 Model 1.5 Ton 5 Star Split Inverter AI Powered, 5-In-1 Convertible, Heavy Duty Cooling At ...",4.0,33490,50600,33,"12,566 Ratings & 1,206 Reviews","Annual Power Usage: 736.46 kWhRoom Size: 111 - 150 sqft5 year warranty on whole product, 10 years warranty on compressor , Warranty can be availed after registering on Brand website within 7 days of purchase.",36,"12,566 Ratings "," 1,206 Reviews",12566,1206,Godrej,1.5,5.0,Split,736.46,111 - 150 sqft
Midea 2026 Model 1.5 Ton 3 Star Split AI Inverter with Wi-fi Convertible 6-in-1 with Turbo Mode for Fa...,4.3,29990,59700,49,"18,604 Ratings & 2,838 Reviews","Annual Power Usage: 854.39 kWhRoom Size: 111 - 150 sqft5 Year Comprehensive Warranty On Product,10 Year Warranty On Compressor",36,"18,604 Ratings "," 2,838 Reviews",18604,2838,Midea,1.5,3.0,Split,854.39,111 - 150 sqft
Samsung 2026 Model 1.5 Ton 4 Star Split Inverter with Wi-fi AC,4.1,38750,82990,53,"6,233 Ratings & 578 Reviews",Room Size: 111 - 150 sqft,36,"6,233 Ratings ", 578 Reviews,6233,578,Samsung,1.5,4.0,Split,854.39,111 - 150 sqft
Samsung 2026 Model 1 Ton 3 Star Split AI Inverter with Wi-fi AC,4.2,32490,67990,52,"8,987 Ratings & 942 Reviews","Annual Power Usage: 585.36 kWhRoom Size: 90 sqft or Below1 Year Standard Warranty, 5 Years comprehensive Protection and 10 Years warranty on compressor",36,"8,987 Ratings ", 942 Reviews,8987,942,Samsung,1.0,3.0,Split,585.36,90 sqft
Panasonic 2025 Model 1.5 Ton 5 Star Split Inverter AC,4.2,45800,62500,26,"22,111 Ratings & 2,346 Reviews","Annual Power Usage: 759.55 kWhRoom Size: 111 - 150 sqft1 Year Comprehensive Warranty, 5 Years PCB Warranty, 5 Years ODU Casing Warranty, 10 Years Compressor Warranty",37,"22,111 Ratings "," 2,346 Reviews",22111,2346,Panasonic,1.5,5.0,Split,759.55,111 - 150 sqft
Haier 2024 Model 1.6 Ton 5 Star Split Dual Inverter AC,4.2,42950,80000,46,171 Ratings & 15 Reviews,Annual Power Usage: 836.95 UnitsRoom Size: 151 - 200 sqft1 Year Standard Warranty 5 Years Comprehensive warranty and 12 Years Warranty on Compressor,37,171 Ratings , 15 Reviews,171,15,Haier,1.6,5.0,Split,836.95,151 - 200 sqft
Voltas 2026 Model 1.5 Ton 3 Star Split Inverter AC,4.2,33990,60990,44,"83,437 Ratings & 7,067 Reviews","Annual Power Usage: 900.94 kWhRoom Size: 111 - 150 sqft1 Year Warranty On Product,10 Years Warranty On Compressor",37,"83,437 Ratings "," 7,067 Reviews",83437,7067,Voltas,1.5,3.0,Split,900.94,111 - 150 sqft
"LG 2025 Model 1.5 Ton 5 Star Split Dual Inverter with Faster Cooling and Energy Saving, AI Convertible...",4.2,42990,78990,45,"46,175 Ratings & 4,255 Reviews",Annual Power Usage: 744.75 kWhRoom Size: 111 - 150 sqft1 Year Manufacturing Warranty on Product,37,"46,175 Ratings "," 4,255 Reviews",46175,4255,LG,1.5,5.0,Split,744.75,111 - 150 sqft
Whirlpool 2026 Model 1 Ton 3 Star Split Inverter AC,4.1,32500,50400,35,"10,799 Ratings & 1,227 Reviews",Annual Power Usage: 594.03 UnitsRoom Size: 90 sqft or Below1+4 Years Compressor Warranty,37,"10,799 Ratings "," 1,227 Reviews",10799,1227,Whirlpool,1.0,3.0,Split,594.03,90 sqft
Godrej 2026 Model 1 Ton 5 Star Split Inverter AC,4.0,33990,46000,26,"2,579 Ratings & 244 Reviews","Annual Power Usage: 468.65 kWhRoom Size: 90 sqft or Below10 years warranty on compressor, 5 year warranty on whole product (Applicable on purchase after Sept 2024 and warranty can be availed after registering on brand website within 30 days of purchase)",37,"2,579 Ratings ", 244 Reviews,2579,244,Godrej,1.0,5.0,Split,468.65,90 sqft
Godrej 2025 Model 1 Ton 3 Star Split Inverter 5-In-1-Convertible Cooling with Heavy Duty Cooling At Ex...,4.0,26490,38600,31,"8,298 Ratings & 716 Reviews","Annual Power Usage: 1034 UnitsRoom Size: 90 sqft or Below5 Years Warranty on Whole Product (Valid on sales post 1 Sep 2024, warranty can be availed after registering on Brand website within 7 days of purchase) and 10 Years Warranty on Compressor",37,"8,298 Ratings ", 716 Reviews,8298,716,Godrej,1.0,3.0,Split,1034.0,90 sqft
"CARRIER 2026 Model 1.5 Ton 3 Star Split AI Inverter Convertible 6-in-1 with Smart Energy Display, Inst...",4.2,32490,65500,50,"38,222 Ratings & 4,626 Reviews","Annual Power Usage: 854.39 kWhRoom Size: 111 - 150 sqft1 Year Warranty on Product, 5 Years on PCB and 10 Years on the Compressor",37,"38,222 Ratings "," 4,626 Reviews",38222,4626,CARRIER,1.5,3.0,Split,854.39,111 - 150 sqft
TOSHIBA 2019 Model 1 Ton 5 Star Split Inverter AC,4.0,39000,50000,22,5 Ratings & 0 Reviews,"Annual Power Usage: 618.45 UnitsRoom Size: 90 sqft or Below1 Year on product, 5 year on Compressor",37,5 Ratings , 0 Reviews,5,0,TOSHIBA,1.0,5.0,Split,618.45,90 sqft
Godrej 2025 Model 1.7 Ton 3 Star Split Inverter AC,4.4,32990,46000,28,27 Ratings & 3 Reviews,Room Size: 151 - 200 sqft,37,27 Ratings , 3 Reviews,27,3,Godrej,1.7,3.0,Split,854.39,151 - 200 sqft
Daikin 2020 Model 1.8 Ton 3 Star Split Inverter AC,4.2,49389,69299,28,412 Ratings & 45 Reviews,Annual Power Usage: 1202.77 UnitsRoom Size: 151 - 200 sqft1 Year Warranty on Product and 10 Years on Compresser,37,412 Ratings , 45 Reviews,412,45,Daikin,1.8,3.0,Split,1202.77,151 - 200 sqft
LG 2025 Model 2 Ton 3 Star Split Dual Inverter AC,4.1,56718,75000,24,"1,559 Ratings & 116 Reviews",Room Size: 151 - 200 sqft,37,"1,559 Ratings ", 116 Reviews,1559,116,LG,2.0,3.0,Split,854.39,151 - 200 sqft
Whirlpool 2026 Model 1.5 Ton 3 Star Split Inverter AC,4.1,32240,57150,43,"30,027 Ratings & 3,540 Reviews","Annual Power Usage: 858.22 kWhRoom Size: 111 - 150 sqft1 year warranty on product, 5 years  warranty on compressor",37,"30,027 Ratings "," 3,540 Reviews",30027,3540,Whirlpool,1.5,3.0,Split,858.22,111 - 150 sqft
Samsung 2025 Model 1.5 Ton 5 Star Split Inverter with Wi-fi AC,4.2,36490,72990,50,"26,515 Ratings & 2,683 Reviews",Annual Power Usage: 751.24 WRoom Size: 111 - 150 sqft5 Years Comprehensive Warranty on AC and 10 Years Warranty on Compressor,37,"26,515 Ratings "," 2,683 Reviews",26515,2683,Samsung,1.5,5.0,Split,751.24,111 - 150 sqft
Samsung 2026 Model 1.5 Ton 5 Star Split Inverter with Wi-fi AC,4.2,50990,91990,44,"26,515 Ratings & 2,683 Reviews","Annual Power Usage: 636.71 kWhRoom Size: 111 - 150 sqftManufacturer warranty: 5 year comprehensive, 10 years on compressor (T&C Apply)",37,"26,515 Ratings "," 2,683 Reviews",26515,2683,Samsung,1.5,5.0,Split,636.71,111 - 150 sqft
Voltas 2022 Model 1.5 Ton 5 Star Window Inverter AC,4.3,34990,45990,23,"8,589 Ratings & 892 Reviews",Annual Power Usage: 1114.62 UnitsRoom Size: 111 - 150 sqft1 Year Warranty on Product and 10 Years Warranty on Compressor,37,"8,589 Ratings ", 892 Reviews,8589,892,Voltas,1.5,5.0,Window,1114.62,111 - 150 sqft
"Samsung Bespoke AI 2026 Model 1.5 ton 4 Star Split Inverter with Wi-fi Energy Saving, Voice Control, P...",4.1,38990,82990,53,"6,233 Ratings & 578 Reviews",Annual Power Usage: 713.57 kWhRoom Size: 111 - 150 sqft5 year comprehensive warranty on product and 10 years warranty on compressor,37,"6,233 Ratings ", 578 Reviews,6233,578,Samsung,1.5,4.0,Split,713.57,111 - 150 sqft
CARRIER 2026 Model 1.5 Ton 3 Star Split AI Inverter with Wi-fi Convertible 6-in-1 with Geo-Fencing & V...,4.2,33490,65900,49,"38,222 Ratings & 4,626 Reviews","Annual Power Usage: 854.39 kWhRoom Size: 111 - 150 sqft1 Year Warranty on Product, 5 Years on PCB and 10 Years on the Compressor",37,"38,222 Ratings "," 4,626 Reviews",38222,4626,CARRIER,1.5,3.0,Split,854.39,111 - 150 sqft
Blue Star 2023 Model 1 Ton 5 Star Split Inverter AC,4.0,37650,60500,37,"2,676 Ratings & 255 Reviews","Annual Power Usage: 517.12 UnitsRoom Size: 90 sqft or Below1 Year Warranty on Product, 5 Years Warranty on PCB and 10 Years Warranty on Inverter Compressor",37,"2,676 Ratings ", 255 Reviews,2676,255,Blue,1.0,5.0,Split,517.12,90 sqft
Samsung 2023 Model 2 Ton 3 Star Split Inverter AC,4.0,48991,82990,40,426 Ratings & 25 Reviews,Annual Power Usage: 1145.22 UnitsRoom Size: 151 - 200 sqft1 Year Standard Warranty on Product and 10 Years Warranty on Compressor,37,426 Ratings , 25 Reviews,426,25,Samsung,2.0,3.0,Split,1145.22,151 - 200 sqft
Hitachi 2023 Model 1.5 Ton 5 Star Split Inverter AC,4.0,44590,72900,38,"5,094 Ratings & 705 Reviews","Annual Power Usage: 758.52 UnitsRoom Size: 111 - 150 sqft1 Year Comprehensive Warranty on Prodcut, 5 Years Warranty on PCB and 10 Years Warranty on Compressor",37,"5,094 Ratings ", 705 Reviews,5094,705,Hitachi,1.5,5.0,Split,758.52,111 - 150 sqft
LG 2025 Model 1.5 Ton 5 Star Split AI Dual Inverter AI Convertible 6-in-1 Split with Faster Cooling an...,4.2,42990,78990,45,"46,175 Ratings & 4,255 Reviews","Annual Power Usage: 744.75 kWhRoom Size: 111 - 150 sqft1 Year Warranty on Product,5 year on Pcb and 10 Years Warranty on Compressor",37,"46,175 Ratings "," 4,255 Reviews",46175,4255,LG,1.5,5.0,Split,744.75,111 - 150 sqft
Midea 2026 Model 1.5 Ton 3 Star Split AI Inverter with Wi-fi Convertible 6-in-1 with Turbo Mode for Fa...,4.3,29990,59700,49,"18,604 Ratings & 2,838 Reviews","Annual Power Usage: 854.39 kWhRoom Size: 111 - 150 sqft5 Year Comprehensive Warranty On Product,10 Year Warranty On Compressor",37,"18,604 Ratings "," 2,838 Reviews",18604,2838,Midea,1.5,3.0,Split,854.39,111 - 150 sqft
