ProductName,Rating,Price,OriginalPrice,Discount,Reviews,Features,PageNumber
Samsung 2025 Model 1.5 Ton 5 Star Split Inverter with Wi-fi AC,4.2,"₹36,490","₹72,990",50% off,"26,515 Ratings & 2,683 Reviews",Annual Power Usage: 751.24 WRoom Size: 111 - 150 sqft5 Years Comprehensive Warranty on AC and 10 Years Warranty on Compressor,1
Voltas 2026 Model 1.5 Ton 3 Star Split Inverter AC,4.2,"₹33,990","₹60,990",44% off,"83,437 Ratings & 7,067 Reviews","Annual Power Usage: 900.94 kWhRoom Size: 111 - 150 sqft1 Year Warranty On Product,10 Years Warranty On Compressor",1
MarQ by Flipkart 2026 Model 1 Ton 3 Star Split Inverter 5-in-1 Convertible with Turbo Cool Technology ...,4.2,"₹21,990","₹47,999",54% off,"43,706 Ratings & 5,407 Reviews",Annual Power Usage: 594.03 kWhRoom Size: 90 sqft or Below1 year comprehensive warranty on product and 10 years warranty on compressor,1
MarQ by Flipkart 2026 Model 1.5 Ton 3 Star Split Inverter 5-in-1 Convertible with Turbo Cool Technolog...,4.2,"₹26,490","₹49,999",47% off,"49,936 Ratings & 6,373 Reviews",Annual Power Usage: 858.22 kWhRoom Size: 111 - 150 sqft1 year comprehensive warranty on product and 10 years warranty on compressor,1
Voltas 2025 Model 1.5 Ton 5 Star Split Inverter 4-IN-1 Adjustable Mode | Energy Efficient | High Ambie...,4.2,"₹38,990","₹69,990",44% off,"41,002 Ratings & 3,819 Reviews","Annual Power Usage: 751.28 UnitsRoom Size: 111 - 150 sqft5 years warranty from the date of installation, (Inverter or Fixed Speed SACs) of Tonnage up to 2.2 Tr (Offer valid till 31st May 2026). It is applicable only for residential usage and does not apply to commercial or National Accounts customers, 5 Years warranty on PCB, 10 Years on Inverter Compressor",1
Daikin 2026 Model 1.5 Ton 3 Star Split Inverter AC,4.2,"₹37,490","₹56,100",33% off,"24,785 Ratings & 1,912 Reviews",Annual Power Usage: 880.1 kWhRoom Size: 111 - 150 sqft1 Year Warranty on Product and  5 Years Warranty on PCB and 10 Years Warranty on Compressor,1
MarQ by Flipkart 2025 Model 1.5 Ton 5 Star Split Inverter 5-in-1 Convertible with Turbo Cool Technolog...,4.2,"₹28,990","₹56,199",48% off,"29,718 Ratings & 3,672 Reviews",Annual Power Usage: 781.88 UnitsRoom Size: 111 - 150 sqft1 Year Warranty on Product and 10 Years Warranty on Compressor,1
"LG 2025 Model 1.5 Ton 5 Star Split Dual Inverter with Faster Cooling and Energy Saving, AI Convertible...",4.2,"₹42,990","₹78,990",45% off,"46,175 Ratings & 4,255 Reviews",Annual Power Usage: 744.75 kWhRoom Size: 111 - 150 sqft1 Year Manufacturing Warranty on Product,1
Daikin 2026 Model 1.5 Ton 4 Star Split Inverter AC,4.1,"₹40,990","₹60,000",31% off,953 Ratings & 106 Reviews,"Annual Power Usage: 751.22 kWhRoom Size: 111 - 150 sqft1 Year Warranty on Product,  5 Years warranty on PCB and 10 Years Warranty on Compressor",1
MarQ by Flipkart 2026 Model 1.5 Ton 5 Star Split Inverter 5-in-1 Convertible with Turbo Cool Technolog...,4.2,"₹31,490","₹58,999",46% off,"29,718 Ratings & 3,672 Reviews",Annual Power Usage: 656.35 kWhRoom Size: 111 - 150 sqft1 year comprehensive warranty on product and 10 years warranty on compressor,1
Godrej 2025 Model 1 Ton 3 Star Split Inverter 5-In-1-Convertible Cooling with Heavy Duty Cooling At Ex...,4,"₹26,490","₹38,600",31% off,"8,298 Ratings & 716 Reviews","Annual Power Usage: 1034 UnitsRoom Size: 90 sqft or Below5 Years Warranty on Whole Product (Valid on sales post 1 Sep 2024, warranty can be availed after registering on Brand website within 7 days of purchase) and 10 Years Warranty on Compressor",1
"CARRIER 2026 Model 1.5 Ton 3 Star Split AI Inverter Convertible 6-in-1 with Smart Energy Display, Inst...",4.2,"₹32,490","₹65,500",50% off,"38,222 Ratings & 4,626 Reviews","Annual Power Usage: 854.39 kWhRoom Size: 111 - 150 sqft1 Year Warranty on Product, 5 Years on PCB and 10 Years on the Compressor",1
Godrej 2025 Model 1.5 Ton 3 Star Split Inverter 5-In-1 Convertible Cooling with Heavy Duty Cooling and...,4,"₹31,667","₹45,900",31% off,"22,727 Ratings & 1,770 Reviews","Annual Power Usage: 983.99 kWhRoom Size: 111 - 150 sqft10 years warranty on compressor, 5 year warranty on whole product (Applicable on purchase after Sept 2024 and warranty can be availed after registering on brand website within 30 days of purchase)",1
Whirlpool 2026 Model 1.5 Ton 3 Star Split Inverter AC,4.1,"₹32,240","₹57,150",43% off,"30,027 Ratings & 3,540 Reviews","Annual Power Usage: 858.22 kWhRoom Size: 111 - 150 sqft1 year warranty on product, 5 years  warranty on compressor",1
MarQ by Flipkart 2025 Model 1 Ton 3 Star Split Inverter 5-in-1 Convertible with Turbo Cool Technology ...,4.2,"₹21,990","₹45,099",51% off,"43,706 Ratings & 5,407 Reviews",Annual Power Usage: 684.9 UnitsRoom Size: 90 sqft or Below1 Year Warranty on Product and 10 Years Warranty on Compressor,1
"TCL 2026 Model 1 Ton 3 Star Split Inverter 7 Step Convertible with Powerful and Fast cooling, 4 Ways S...",3.8,"₹24,990","₹48,991",48% off,827 Ratings & 110 Reviews,"Annual Power Usage: 596.47 kWhRoom Size: 90 sqft or Below1 year warranty on product,5 Years on PCB and 10 Years on the Compressor",1
"Samsung Bespoke AI 2026 Model 1.5 ton 4 Star Split Inverter with Wi-fi Energy Saving, Voice Control, P...",4.1,"₹38,990","₹82,990",53% off,"6,233 Ratings & 578 Reviews",Annual Power Usage: 713.57 kWhRoom Size: 111 - 150 sqft5 year comprehensive warranty on product and 10 years warranty on compressor,1
CARRIER 2026 Model 1.5 Ton 3 Star Split AI Inverter with Wi-fi Convertible 6-in-1 with Geo-Fencing & V...,4.2,"₹33,490","₹65,900",49% off,"38,222 Ratings & 4,626 Reviews","Annual Power Usage: 854.39 kWhRoom Size: 111 - 150 sqft1 Year Warranty on Product, 5 Years on PCB and 10 Years on the Compressor",1
"Samsung Bespoke AI 2026 Model 1.5 ton 4 Star Split Inverter with Wi-fi Energy Saving, Voice Control, P...",4.1,"₹38,990","₹82,990",53% off,"6,233 Ratings & 578 Reviews",Annual Power Usage: 713.57 kWhRoom Size: 111 - 150 sqft5 year comprehensive warranty on product and 10 years warranty on compressor,1
MarQ by Flipkart 2026 Model 1 Ton 5 Star Split Inverter 5-in-1 Convertible with Turbo Cool Technology ...,4.2,"₹27,990","₹51,999",46% off,"3,041 Ratings & 379 Reviews",Annual Power Usage: 472.64 kWhRoom Size: 90 sqft or Below1 Year on Product and 10 Years Warranty on Compressor,1
LG 2025 Model 1.5 Ton 5 Star Split AI Dual Inverter AI Convertible 6-in-1 Split with Faster Cooling an...,4.2,"₹42,990","₹78,990",45% off,"46,175 Ratings & 4,255 Reviews","Annual Power Usage: 744.75 kWhRoom Size: 111 - 150 sqft1 Year Warranty on Product,5 year on Pcb and 10 Years Warranty on Compressor",1
Midea 2026 Model 1.5 Ton 3 Star Split AI Inverter with Wi-fi Convertible 6-in-1 with Turbo Mode for Fa...,4.3,"₹29,990","₹59,700",49% off,"18,604 Ratings & 2,838 Reviews","Annual Power Usage: 854.39 kWhRoom Size: 111 - 150 sqft5 Year Comprehensive Warranty On Product,10 Year Warranty On Compressor",1
Voltas 2026 Model 1.5 Ton 3 Star Split Inverter AC,4.2,"₹33,990","₹60,990",44% off,"83,437 Ratings & 7,067 Reviews","Annual Power Usage: 900.94 kWhRoom Size: 111 - 150 sqft1 Year Warranty On Product,10 Years Warranty On Compressor",1
Whirlpool 2025 Model 1.5 Ton 5 Star Split Inverter AC,4.2,"₹34,040","₹65,083",47% off,"21,787 Ratings & 2,439 Reviews","Annual Power Usage: 728.95 kWhRoom Size: 111 - 150 sqft1 Year Warranty On Product, 5 Year Warranty On Compressor",1
"IFB 2025 Model 2 Ton 3 Star Split Inverter Silver Plus Series with HD Compressor, AI, Dual Gold Fin, N...",4.2,"₹41,990","₹73,740",43% off,"1,194 Ratings & 115 Reviews","Annual Power Usage: 1252.53 UnitsRoom Size: 151 - 200 sqft1 Year warranty on Product , 5 Years warranty on PCB and 10 Years Warranty on Compressor",2
"Panasonic 2026 Model 1.5 Ton 3 Star Split Inverter with Wi-fi Smart, DustBuster Tech, Matter Enabled, ...",4.1,"₹36,990","₹54,000",31% off,"24,445 Ratings & 2,408 Reviews","Annual Power Usage: 877.74 kWhRoom Size: 111 - 150 sqft1 Year Comprehensive warranty on Product,
5 Years warranty on PCB & 
10 Years warranty on Compressor",2
Voltas 2026 Model 1.5 Ton 3 Star Split Inverter AC,4.2,"₹33,990","₹60,990",44% off,"83,437 Ratings & 7,067 Reviews","Annual Power Usage: 900.94 kWhRoom Size: 111 - 150 sqft1 Year Warranty On Product,10 Years Warranty On Compressor",2
"LG 2025 Model 1.5 Ton 5 Star Split Dual Inverter with Faster Cooling and Energy Saving, AI Convertible...",4.2,"₹42,990","₹78,990",45% off,"46,175 Ratings & 4,255 Reviews",Annual Power Usage: 744.75 kWhRoom Size: 111 - 150 sqft1 Year Manufacturing Warranty on Product,2
Lloyd 2026 Model 1.5 Ton 3 Star Split Inverter AC,4.1,"₹33,990","₹56,990",40% off,"20,599 Ratings & 2,180 Reviews","Annual Power Usage: 831.01 kWhRoom Size: 111 - 150 sqft1 Year Comprehensive Warranty on AC, 5 Year Warranty on Component and 10 Years Warranty on Compressor",2
"ONIDA 2025 Model 1.5 Ton 5 Star Split Inverter 5-in-1 Convertible, Energy Efficient, Deep frost Clean,...",4.2,"₹31,490","₹60,000",47% off,"7,142 Ratings & 843 Reviews","Annual Power Usage: 744.21 kWhRoom Size: 111 - 150 sqft1 Years Warranty On Product, 5 Years Warranty on Compressor",2
Godrej 2025 Model 1 Ton 3 Star Split Inverter 5-In-1-Convertible Cooling with Heavy Duty Cooling At Ex...,4,"₹26,490","₹38,600",31% off,"8,298 Ratings & 716 Reviews","Annual Power Usage: 1034 UnitsRoom Size: 90 sqft or Below5 Years Warranty on Whole Product (Valid on sales post 1 Sep 2024, warranty can be availed after registering on Brand website within 7 days of purchase) and 10 Years Warranty on Compressor",2
"CARRIER 2026 Model 1.5 Ton 3 Star Split AI Inverter Convertible 6-in-1 with Smart Energy Display, Inst...",4.2,"₹32,490","₹65,500",50% off,"38,222 Ratings & 4,626 Reviews","Annual Power Usage: 854.39 kWhRoom Size: 111 - 150 sqft1 Year Warranty on Product, 5 Years on PCB and 10 Years on the Compressor",2
"IFB 2025 Model 1.5 Ton 5 Star Split Inverter Silver Plus Series with HD Compressor, AI, Dual Gold Fin,...",4.2,"₹35,490","₹66,365",46% off,"15,363 Ratings & 1,538 Reviews","Annual Power Usage: 721.04 UnitsRoom Size: 111 - 150 sqft1 Year warranty on Product , 5 Years warranty on PCB and 10 Years Warranty on Compressor",2
Haier 2026 Model 1.5 Ton 3 Star Split Twin Inverter AC,4,"₹33,990","₹59,000",42% off,"6,315 Ratings & 597 Reviews",Annual Power Usage: 851.12 kWhRoom Size: 111 - 150 sqft5 years on the product and 12 years on the compressor (1-year warranty card in the box + 4-year promotional warranty auto activated post-installation).,2
MarQ by Flipkart 2025 Model 1 Ton 5 Star Split Inverter 5-in-1 Convertible with Turbo Cool Technology ...,4.2,"₹27,490","₹48,799",43% off,"3,041 Ratings & 379 Reviews",Annual Power Usage: 526.8 UnitsRoom Size: 90 sqft or Below1 Year Warranty on Product and 10 Years Warranty on Compressor,2
"Godrej 2025 Model 1.5 Ton 4 Star Split Inverter 5-In-1-Convertible Cooling, 4 Way Air Swing And Heavy ...",3.9,"₹30,990","₹46,000",32% off,"11,102 Ratings & 811 Reviews","Annual Power Usage: 835.07 UnitsRoom Size: 111 - 150 sqft5 Years Warranty on Whole Product (Valid on sales post 1 Sep 2024, warranty can be availed after registering on Brand website within 7 days of purchase) and 10 Years Warranty on Compressor",2
Whirlpool 2026 Model 1.5 Ton 3 Star Split Inverter AC,4.1,"₹32,240","₹57,150",43% off,"30,027 Ratings & 3,540 Reviews","Annual Power Usage: 858.22 kWhRoom Size: 111 - 150 sqft1 year warranty on product, 5 years  warranty on compressor",2
Samsung 2025 Model 1.5 Ton 5 Star Split Inverter with Wi-fi AC,4.2,"₹36,490","₹72,990",50% off,"26,515 Ratings & 2,683 Reviews",Annual Power Usage: 751.24 WRoom Size: 111 - 150 sqft5 Years Comprehensive Warranty on AC and 10 Years Warranty on Compressor,2
Whirlpool 2026 Model 1.5 Ton 3 Star Split Inverter AC,4.1,"₹32,240","₹57,150",43% off,"30,027 Ratings & 3,540 Reviews","Annual Power Usage: 858.22 kWhRoom Size: 111 - 150 sqft1 year warranty on product, 5 years  warranty on compressor",2
CARRIER 2026 Model 1.5 Ton 3 Star Split AI Inverter with Wi-fi Convertible 6-in-1 with Geo-Fencing & V...,4.2,"₹33,490","₹65,900",49% off,"38,222 Ratings & 4,626 Reviews","Annual Power Usage: 854.39 kWhRoom Size: 111 - 150 sqft1 Year Warranty on Product, 5 Years on PCB and 10 Years on the Compressor",2
"Samsung Bespoke AI 2026 Model 1.5 ton 4 Star Split Inverter with Wi-fi Energy Saving, Voice Control, P...",4.1,"₹38,990","₹82,990",53% off,"6,233 Ratings & 578 Reviews",Annual Power Usage: 713.57 kWhRoom Size: 111 - 150 sqft5 year comprehensive warranty on product and 10 years warranty on compressor,2
CARRIER 2026 Model 1.5 Ton 3 Star Split AI Inverter with Wi-fi Convertible 6-in-1 with Geo-Fencing & V...,4.2,"₹33,490","₹65,900",49% off,"38,222 Ratings & 4,626 Reviews","Annual Power Usage: 854.39 kWhRoom Size: 111 - 150 sqft1 Year Warranty on Product, 5 Years on PCB and 10 Years on the Compressor",2
Godrej 2025 Model 1 Ton 3 Star Split Inverter 5-In-1-Convertible Cooling with Heavy Duty Cooling At Ex...,4,"₹26,490","₹38,600",31% off,"8,298 Ratings & 716 Reviews","Annual Power Usage: 1034 UnitsRoom Size: 90 sqft or Below5 Years Warranty on Whole Product (Valid on sales post 1 Sep 2024, warranty can be availed after registering on Brand website within 7 days of purchase) and 10 Years Warranty on Compressor",2
MarQ by Flipkart 2025 Model 0.75 ton 3 Star Split Inverter 4-in-1 Convertible with Turbo Cool Technolo...,4.2,"₹19,990","₹42,799",53% off,"2,503 Ratings & 276 Reviews",Annual Power Usage: 553.16 UnitsRoom Size: 90 sqft or Below1 Year Warranty on Product and 10 Years Warranty on Compressor,2
MarQ by Flipkart 2025 Model 1.5 Ton 3 Star Split Inverter 4-in-1 Convertible with Turbo Cool Technolog...,4.2,"₹25,990","₹46,999",44% off,"49,936 Ratings & 6,373 Reviews",Annual Power Usage: 964.1 kWhRoom Size: 111 - 150 sqft1 Year on Product and 10 Years Warranty on Compressor,2
realme TechLife 2026 Model 1.5 Ton 5 Star Split Inverter with Wi-fi AC,4.2,"₹31,990","₹59,999",46% off,"4,506 Ratings & 594 Reviews",Room Size: 111 - 150 sqft1 Year warranty on Product and 10 Years Warranty on Compressor,2
LG 2025 Model 1.5 Ton 5 Star Split AI Dual Inverter AI Convertible 6-in-1 Split with Faster Cooling an...,4.2,"₹42,990","₹78,990",45% off,"46,175 Ratings & 4,255 Reviews","Annual Power Usage: 744.75 kWhRoom Size: 111 - 150 sqft1 Year Warranty on Product,5 year on Pcb and 10 Years Warranty on Compressor",2
Midea 2026 Model 1.5 Ton 3 Star Split AI Inverter with Wi-fi Convertible 6-in-1 with Turbo Mode for Fa...,4.3,"₹29,990","₹59,700",49% off,"18,604 Ratings & 2,838 Reviews","Annual Power Usage: 854.39 kWhRoom Size: 111 - 150 sqft5 Year Comprehensive Warranty On Product,10 Year Warranty On Compressor",2
Blue Star 2025 Model 1.5 Ton 3 Star Window Inverter AC,4.2,"₹31,290","₹41,400",24% off,"1,912 Ratings & 181 Reviews",Annual Power Usage: 1191.02 kWhRoom Size: 111 - 150 sqftWarranty of the Product is Limited to Manufacturing Defects Only,3
MarQ by Flipkart 2026 Model 2 Ton 3 Star Split Inverter 5-in-1 Convertible with Turbo Cool Technology ...,4.2,"₹35,990","₹63,999",43% off,"1,462 Ratings & 164 Reviews",Annual Power Usage: 1780 WRoom Size: 151 - 200 sqft1 year comprehensive warranty on product and 10 years warranty on compressor,3
Voltas 2026 Model 1.5 Ton 3 Star Split Inverter AC,4.2,"₹33,990","₹60,990",44% off,"83,437 Ratings & 7,067 Reviews","Annual Power Usage: 900.94 kWhRoom Size: 111 - 150 sqft1 Year Warranty On Product,10 Years Warranty On Compressor",3
"LG 2025 Model 1.5 Ton 5 Star Split Dual Inverter with Faster Cooling and Energy Saving, AI Convertible...",4.2,"₹42,990","₹78,990",45% off,"46,175 Ratings & 4,255 Reviews",Annual Power Usage: 744.75 kWhRoom Size: 111 - 150 sqft1 Year Manufacturing Warranty on Product,3
"LG 2025 Model 1.5 Ton 5 Star Split Dual Inverter with Faster Cooling and Energy Saving, AI Convertible...",4.2,"₹42,990","₹78,990",45% off,"46,175 Ratings & 4,255 Reviews",Annual Power Usage: 744.75 kWhRoom Size: 111 - 150 sqft1 Year Manufacturing Warranty on Product,3
"Samsung Bespoke AI 2026 Model 1.5 ton 3 Star Split Inverter with Wi-fi Energy Saving, Voice Control, P...",4.1,"₹36,490","₹78,990",53% off,"37,322 Ratings & 3,395 Reviews",Annual Power Usage: 847.65 kWhRoom Size: 111 - 150 sqft5 year comprehensive warranty on product and 10 years warranty on compressor,3
Blue Star 2026 Model 1 Ton 5 Star Split Inverter with Wi-fi AC,4,"₹37,990","₹62,000",38% off,"2,676 Ratings & 255 Reviews",Annual Power Usage: 495.16 kWhRoom Size: 90 sqft or Below60 months for those customers who purchase Blue Star Split ACs (Inverter or Fixed Speed SACs) of Tonnage up to 2 Tr from 16th February 2026 to 30th June 2026.,3
Lloyd 2026 Model 1 Ton 5 Star Split Inverter AC,4,"₹35,990","₹58,990",38% off,"1,286 Ratings & 110 Reviews","Annual Power Usage: 471.53 kWhRoom Size: 90 sqft or Below1 Year Comprehensive Warranty on AC, 5 Year Warranty on Component and 10 Years Warranty on Compressor",3
Godrej 2025 Model 1 Ton 3 Star Split Inverter 5-In-1-Convertible Cooling with Heavy Duty Cooling At Ex...,4,"₹26,490","₹38,600",31% off,"8,298 Ratings & 716 Reviews","Annual Power Usage: 1034 UnitsRoom Size: 90 sqft or Below5 Years Warranty on Whole Product (Valid on sales post 1 Sep 2024, warranty can be availed after registering on Brand website within 7 days of purchase) and 10 Years Warranty on Compressor",3
"CARRIER 2026 Model 1.5 Ton 3 Star Split AI Inverter Convertible 6-in-1 with Smart Energy Display, Inst...",4.2,"₹32,490","₹65,500",50% off,"38,222 Ratings & 4,626 Reviews","Annual Power Usage: 854.39 kWhRoom Size: 111 - 150 sqft1 Year Warranty on Product, 5 Years on PCB and 10 Years on the Compressor",3
MOTOROLA 2026 Model 2 Ton 3 Star Split Inverter with Wi-fi | Free Installation with 3-Year Comprehensi...,4.3,"₹38,990","₹70,999",45% off,494 Ratings & 84 Reviews,"Annual Power Usage: 1098.15 kWhRoom Size: 151 - 200 sqft3 Year on Product and 10 Years Warranty on Compressor

You additionally get the following benefits free of cost for the first 3 years:
-Gas recharge (maximum 2 times) and service basis requirement.

Please reach out to the brand for these benefits.",3
ONIDA 2025 Model 2 Ton 3 Star Split Inverter 5-in-1 Convertible Cooling with Four Way Swing AC,4.1,"₹35,990","₹66,290",45% off,"1,153 Ratings & 117 Reviews","Annual Power Usage: 1231.9 UnitsRoom Size: 151 - 200 sqft1 Years Warranty On Product, 5 Years Warranty on PCB, 10 Years Warranty on Compressor",3
Whirlpool 2026 Model 1.5 Ton 3 Star Split Inverter AC,4.1,"₹32,240","₹57,150",43% off,"30,027 Ratings & 3,540 Reviews","Annual Power Usage: 858.22 kWhRoom Size: 111 - 150 sqft1 year warranty on product, 5 years  warranty on compressor",3
Samsung 2025 Model 1.5 Ton 5 Star Split Inverter with Wi-fi AC,4.2,"₹36,490","₹72,990",50% off,"26,515 Ratings & 2,683 Reviews",Annual Power Usage: 751.24 WRoom Size: 111 - 150 sqft5 Years Comprehensive Warranty on AC and 10 Years Warranty on Compressor,3
Hisense 2026 Model 2 Ton 3 Star Split Inverter AC,3.8,"₹34,990","₹56,000",37% off,67 Ratings & 10 Reviews,"Annual Power Usage: 1073.79 kWhRoom Size: 151 - 200 sqft1 Year Comprehensive warranty on Product, 5 Year on PCB & 10 Year on Compressor",3
LG 2026 Model 1.5 Ton 5 Star Split Smart Inverter AC,4.2,"₹48,490","₹83,290",41% off,"46,175 Ratings & 4,255 Reviews","Annual Power Usage: 671.15 kWhRoom Size: 111 - 150 sqftManufacturer Warranty: 1 Year Comprehensive on Product, 5 Year on PCB and Motor & 10 Year on Compressor (Free Gas charging during comprehensive period only T&C Apply) To claim, present your original Proof of Purchase (invoice), model and serial number of the Product while requesting service. Visit https://www.lg.com/in/support for details Call on our customer care number 8069379999, WhatsApp : 9711709999 E-mail: serviceindia@lge.com",3
Voltas 2025 Model 2 Ton 3 Star Split Inverter AC,4.1,"₹43,990","₹74,990",41% off,"1,788 Ratings & 157 Reviews","Annual Power Usage: 1079.03 kWhRoom Size: 151 - 200 sqft1 Year Warranty On Product,10 Years Warranty On Compressor",3
Samsung 2026 Model 1.5 Ton 5 Star Split Inverter with Wi-fi AC,4.2,"₹48,000","₹87,990",45% off,"26,515 Ratings & 2,683 Reviews","Annual Power Usage: 636.71 kWhRoom Size: 111 - 150 sqftManufacturer warranty: 5 year comprehensive, 10 years on compressor (T&C Apply)",3
"Samsung Bespoke AI 2026 Model 1.5 ton 4 Star Split Inverter with Wi-fi Energy Saving, Voice Control, P...",4.1,"₹38,990","₹82,990",53% off,"6,233 Ratings & 578 Reviews",Annual Power Usage: 713.57 kWhRoom Size: 111 - 150 sqft5 year comprehensive warranty on product and 10 years warranty on compressor,3
CARRIER 2026 Model 1.5 Ton 3 Star Split AI Inverter with Wi-fi Convertible 6-in-1 with Geo-Fencing & V...,4.2,"₹33,490","₹65,900",49% off,"38,222 Ratings & 4,626 Reviews","Annual Power Usage: 854.39 kWhRoom Size: 111 - 150 sqft1 Year Warranty on Product, 5 Years on PCB and 10 Years on the Compressor",3
Voltas 2026 Model 1.5 Ton 3 Star Split Inverter AC,4.2,"₹33,990","₹60,990",44% off,"83,437 Ratings & 7,067 Reviews",Annual Power Usage: 900.94 kWhRoom Size: 111 - 150 sqft1 Year Warranty on Product + 10 Years on Inverter SAC Compressor,3
Godrej 2025 Model 1.4 Ton 3 Star Split Inverter 5-In-1-Convertible Cooling Heavy Duty Cooling At Extre...,3.9,"₹28,490","₹40,450",29% off,"3,150 Ratings & 247 Reviews","Annual Power Usage: 905.88 UnitsRoom Size: 111 - 150 sqft5 Years Warranty on Whole Product (Valid on sales post 1 Sep 2024, warranty can be availed after registering on Brand website within 7 days of purchase) and 10 Years Warranty on Compressor",3
LG 2025 Model 1.5 Ton 5 Star Split AI Dual Inverter AI Convertible 6-in-1 Split with Faster Cooling an...,4.2,"₹42,990","₹78,990",45% off,"46,175 Ratings & 4,255 Reviews","Annual Power Usage: 744.75 kWhRoom Size: 111 - 150 sqft1 Year Warranty on Product,5 year on Pcb and 10 Years Warranty on Compressor",3
Midea 2026 Model 1.5 Ton 3 Star Split AI Inverter with Wi-fi Convertible 6-in-1 with Turbo Mode for Fa...,4.3,"₹29,990","₹59,700",49% off,"18,604 Ratings & 2,838 Reviews","Annual Power Usage: 854.39 kWhRoom Size: 111 - 150 sqft5 Year Comprehensive Warranty On Product,10 Year Warranty On Compressor",3
"Godrej 2025 Model 1.5 Ton 5 Star Split Inverter AI Powered, 5-In-1 Convertible, Heavy Duty Cooling At ...",4,"₹38,500","₹51,500",25% off,"12,566 Ratings & 1,206 Reviews","Annual Power Usage: 736.46 kWhRoom Size: 111 - 150 sqft5 year warranty on whole product, 10 years warranty on compressor , Warranty can be availed after registering on Brand website within 7 days of purchase.",4
"LG 2026 Model 1.5 tons 3 Star Split Smart Inverter with Wi-fi Faster Cooling and Energy Saving, Energy...",4,"₹39,490","₹72,190",45% off,"43,160 Ratings & 4,010 Reviews","Annual Power Usage: 769.55 kWhRoom Size: 111 - 150 sqft1 Year Comprehensive warranty on Product, 5 Year warranty on PCB & Motor and 10 Year warranty on Compressor",4
Daikin 2024 Model 1 Ton 3 Star Split Inverter AC,4.1,"₹30,490","₹48,200",36% off,"4,844 Ratings & 409 Reviews",Annual Power Usage: 680.4 UnitsRoom Size: 90 sqft or Below1 Year Warranty on Product and  5 Years Warranty on PCB and 10 Years Warranty on Compressor,4
"Haier 2025 Model 1.5 Ton 5 Star Split Inverter Intelli-Convertible 7 in1 ConvertibleHD Filter, Frost S...",4,"₹37,900","₹65,300",41% off,"3,274 Ratings & 351 Reviews",Annual Power Usage: 714.29 UnitsRoom Size: 111 - 150 sqft5 years on the product and 12 years on the compressor (1-year warranty card in the box + 4-year promotional warranty auto activated post-installation).,4
Voltas 2026 Model 1.5 Ton 3 Star Split Inverter AC,4.2,"₹33,990","₹60,990",44% off,"83,437 Ratings & 7,067 Reviews","Annual Power Usage: 900.94 kWhRoom Size: 111 - 150 sqft1 Year Warranty On Product,10 Years Warranty On Compressor",4
"LG 2025 Model 1.5 Ton 5 Star Split Dual Inverter with Faster Cooling and Energy Saving, AI Convertible...",4.2,"₹42,990","₹78,990",45% off,"46,175 Ratings & 4,255 Reviews",Annual Power Usage: 744.75 kWhRoom Size: 111 - 150 sqft1 Year Manufacturing Warranty on Product,4
Whirlpool 2025 Model 1.5 Ton 5 Star Split Inverter AC,4.2,"₹37,500","₹71,990",47% off,"21,787 Ratings & 2,439 Reviews",Annual Power Usage: 778 kWhRoom Size: 111 - 150 sqft1 Year Comprehensive Warranty on  product,4
Blue Star 2025 Model 1 Ton 5 Star Split Inverter with Wi-fi AC,4,"₹37,990","₹59,200",35% off,"2,676 Ratings & 255 Reviews",Annual Power Usage: 517.83 kWhRoom Size: 90 sqft or Below60 months for those customers who purchase Blue Star Split ACs (Inverter or Fixed Speed SACs) of Tonnage up to 2 Tr from 16th February 2026 to 30th June 2026.,4
Godrej 2025 Model 1 Ton 3 Star Split Inverter 5-In-1-Convertible Cooling with Heavy Duty Cooling At Ex...,4,"₹26,490","₹38,600",31% off,"8,298 Ratings & 716 Reviews","Annual Power Usage: 1034 UnitsRoom Size: 90 sqft or Below5 Years Warranty on Whole Product (Valid on sales post 1 Sep 2024, warranty can be availed after registering on Brand website within 7 days of purchase) and 10 Years Warranty on Compressor",4
"CARRIER 2026 Model 1.5 Ton 3 Star Split AI Inverter Convertible 6-in-1 with Smart Energy Display, Inst...",4.2,"₹32,490","₹65,500",50% off,"38,222 Ratings & 4,626 Reviews","Annual Power Usage: 854.39 kWhRoom Size: 111 - 150 sqft1 Year Warranty on Product, 5 Years on PCB and 10 Years on the Compressor",4
Voltas 2025 Model 1.5 Ton 3 Star Split Inverter AC,4.2,"₹31,490","₹59,790",47% off,"83,437 Ratings & 7,067 Reviews","Annual Power Usage: 975.26 kWhRoom Size: 111 - 150 sqft5 years warranty from the date of installation, (Inverter or Fixed Speed SACs) of Tonnage up to 2.2 Tr (Offer valid till 31st May 2026). It is applicable only for residential usage and does not apply to commercial or National Accounts customers, 5 Years warranty on PCB, 10 Years on Inverter Compressor",4
"CARRIER 2026 Model 1.5 Ton 3 Star Split AI Inverter Convertible 6-in-1 with Smart Energy Display, Inst...",4.2,"₹32,490","₹65,500",50% off,"38,222 Ratings & 4,626 Reviews","Annual Power Usage: 854.39 kWhRoom Size: 111 - 150 sqft1 Year Warranty on Product, 5 Years on PCB and 10 Years on the Compressor",4
realme TechLife 2026 Model 1 Ton 3 Star Split Inverter with Wi-fi AC,4.2,"₹25,490","₹49,999",49% off,"1,189 Ratings & 120 Reviews",Annual Power Usage: 587.24 kWhRoom Size: 90 sqft or Below1 Year Warranty on Product and 10 Years Warranty on Compressor,4
"CARRIER 2026 Model 1.5 Ton 5 Star Window Inverter Turbo mode for Faster Cooling, Energy Saver Mode, Dr...",4.2,"₹36,490","₹58,190",37% off,"1,238 Ratings & 124 Reviews","Annual Power Usage: 1104.37 kWhRoom Size: 111 - 150 sqft1 Year Warranty on Product, 10 Year Warranty on Compressor",4
Whirlpool 2026 Model 1.5 Ton 3 Star Split Inverter AC,4.1,"₹32,240","₹57,150",43% off,"30,027 Ratings & 3,540 Reviews","Annual Power Usage: 858.22 kWhRoom Size: 111 - 150 sqft1 year warranty on product, 5 years  warranty on compressor",4
"Samsung Bespoke AI 2026 Model 1.5 ton 4 Star Split Inverter with Wi-fi Energy Saving, Voice Control, P...",4.1,"₹38,990","₹82,990",53% off,"6,233 Ratings & 578 Reviews",Annual Power Usage: 713.57 kWhRoom Size: 111 - 150 sqft5 year comprehensive warranty on product and 10 years warranty on compressor,4
Panasonic 2025 Model 1 Ton 3 Star Split Inverter with Wi-fi AC,4.2,"₹27,990","₹45,100",37% off,"5,369 Ratings & 613 Reviews","Annual Power Usage: 667.91 UnitsRoom Size: 90 sqft or Below1 Year Comprehensive warranty on Product,
5 Years warranty on PCB & 
10 Years warranty on Compressor",4
MOTOROLA 2026 Model 1.5 Ton 3 Star Split Inverter with Wi-fi | Free Installation with 3-Year Comprehen...,4.2,"₹31,990","₹53,999",40% off,"1,743 Ratings & 241 Reviews","Annual Power Usage: 858.22 kWhRoom Size: 111 - 150 sqft3 Year on Product and 10 Years Warranty on Compressor

You additionally get the following benefits free of cost for the first 3 years:
-Gas recharge (maximum 2 times) and service basis requirement.

Please reach out to the brand for these benefits.",4
CARRIER 2026 Model 1.5 Ton 3 Star Split AI Inverter with Wi-fi Convertible 6-in-1 with Geo-Fencing & V...,4.2,"₹33,490","₹65,900",49% off,"38,222 Ratings & 4,626 Reviews","Annual Power Usage: 854.39 kWhRoom Size: 111 - 150 sqft1 Year Warranty on Product, 5 Years on PCB and 10 Years on the Compressor",4
LG 2025 Model 1.5 Ton 5 Star Split AI Dual Inverter AI Convertible 6-in-1 Split with Faster Cooling an...,4.2,"₹42,990","₹78,990",45% off,"46,175 Ratings & 4,255 Reviews","Annual Power Usage: 744.75 kWhRoom Size: 111 - 150 sqft1 Year Warranty on Product,5 year on Pcb and 10 Years Warranty on Compressor",4
Godrej 2025 Model 1.5 Ton 5 Star Split Inverter 5-In-1 Convertible Cooling Heavy Duty Cooling at Extre...,4,"₹33,490","₹50,600",33% off,"12,566 Ratings & 1,206 Reviews","Annual Power Usage: 728.37 WRoom Size: 111 - 150 sqft5 Years Warranty on Whole Product (Valid on sales post 1 Sep 2024, warranty can be availed after registering on Brand website within 7 days of purchase) and 10 Years Warranty on Compressor",4
Lloyd 2026 Model 1.5 Ton 5 Star Split Inverter AC,4.1,"₹43,900","₹67,990",35% off,"11,881 Ratings & 1,355 Reviews","Annual Power Usage: 646.32 kWhRoom Size: 111 - 150 sqft1 Year Comprehensive Warranty on AC, 5 Year Warranty on Component and 10 Years Warranty on Compressor",4
"Godrej 2025 Model 2 Ton 3 Star Split Inverter AI Powered, 5-In-1 Convertible, Heavy Duty Cooling At Ex...",3.9,"₹43,400","₹56,200",22% off,"2,151 Ratings & 134 Reviews","Annual Power Usage: 1181.02 kWhRoom Size: 151 - 200 sqft5 year warranty on whole product, 10 years warranty on compressor , Warranty can be availed after registering on Brand website within 7 days of purchase.",4
"Samsung Bespoke AI 2026 Model 2 Ton 3 Star Split Inverter with Wi-fi Energy Saving, Voice Control, Pow...",4,"₹50,358","₹95,990",47% off,426 Ratings & 25 Reviews,"Annual Power Usage: 1084.6 kWhRoom Size: 151 - 200 sqftManufacturer warranty: 5 year comprehensive, 10 years on compressor (T&C Apply)",4
Voltas 2026 Model 1.5 Ton 3 Star Split Inverter AC,4.2,"₹33,990","₹60,990",44% off,"83,437 Ratings & 7,067 Reviews","Annual Power Usage: 900.94 kWhRoom Size: 111 - 150 sqft1 Year Warranty On Product,10 Years Warranty On Compressor",5
"LG 2025 Model 1.5 Ton 5 Star Split Dual Inverter with Faster Cooling and Energy Saving, AI Convertible...",4.2,"₹42,990","₹78,990",45% off,"46,175 Ratings & 4,255 Reviews",Annual Power Usage: 744.75 kWhRoom Size: 111 - 150 sqft1 Year Manufacturing Warranty on Product,5
Voltas 2026 Model 1 Ton 5 Star Split Inverter AC,4.1,"₹36,990","₹62,990",41% off,"2,331 Ratings & 256 Reviews",Annual Power Usage: 470.35 kWhRoom Size: 90 sqft or Below1 Year Warranty on Product + 10 Years on Inverter RAC Compressor,5
Daikin 2025 Model 1.5 Ton 5 Star Split Inverter AC,4.3,"₹43,990","₹61,940",28% off,"17,218 Ratings & 1,537 Reviews",Annual Power Usage: 785.99 kWhRoom Size: 111 - 150 sqft1 Year Warranty on Product and  5 Years Warranty on PCB and 10 Years Warranty on Compressor,5
Godrej 2025 Model 1 Ton 3 Star Split Inverter 5-In-1-Convertible Cooling with Heavy Duty Cooling At Ex...,4,"₹26,490","₹38,600",31% off,"8,298 Ratings & 716 Reviews","Annual Power Usage: 1034 UnitsRoom Size: 90 sqft or Below5 Years Warranty on Whole Product (Valid on sales post 1 Sep 2024, warranty can be availed after registering on Brand website within 7 days of purchase) and 10 Years Warranty on Compressor",5
"CARRIER 2026 Model 1.5 Ton 3 Star Split AI Inverter Convertible 6-in-1 with Smart Energy Display, Inst...",4.2,"₹32,490","₹65,500",50% off,"38,222 Ratings & 4,626 Reviews","Annual Power Usage: 854.39 kWhRoom Size: 111 - 150 sqft1 Year Warranty on Product, 5 Years on PCB and 10 Years on the Compressor",5
ONIDA 2025 Model 1.5 Ton 3 Star Split Inverter 5-in-1 Convertible Cooling with Deep Cleaning AC,4.1,"₹26,990","₹42,290",36% off,"15,623 Ratings & 1,827 Reviews",Annual Power Usage: 952.59 UnitsRoom Size: 111 - 150 sqft1 Year Warranty on Product and 5 Years Warranty on Compressor,5
Godrej 2025 Model 2 Ton 5 Star Split Inverter with 4-way Air Swing AC AC,3.8,"₹59,990",,,279 Ratings & 26 Reviews,"Annual Power Usage: 916.68 UnitsRoom Size: 151 - 200 sqft5 Years Warranty on Whole Product (Valid on sales post 1 Sep 2024, warranty can be availed after registering on Brand website within 7 days of purchase) and 10 Years Warranty on Compressor",5
"LG 2026 Model 0.8 ton 2 Star Split Smart Inverter Faster Cooling and Energy Saving, AI Convertible 6-i...",3,"₹26,490","₹48,990",45% off,46 Ratings & 6 Reviews,"Annual Power Usage: 577.95 kWhRoom Size: 90 sqft or Below1 Year Comprehensive warranty on Product, 5 Year warranty on PCB & Motor and 10 Year warranty on Compressor",5
realme TechLife 2023 Model 1 Ton 4 Star Split Inverter 4-in-1 Convertible with Flexi-Control Technolog...,4.2,"₹28,999","₹48,999",40% off,"1,256 Ratings & 168 Reviews",Annual Power Usage: 965 UnitsRoom Size: 90 sqft or Below1 Year Warranty on Product and 10 Years Warranty on Compressor,5
Whirlpool 2026 Model 1.5 Ton 3 Star Split Inverter AC,4.1,"₹32,240","₹57,150",43% off,"30,027 Ratings & 3,540 Reviews","Annual Power Usage: 858.22 kWhRoom Size: 111 - 150 sqft1 year warranty on product, 5 years  warranty on compressor",5
"Samsung Bespoke AI 2026 Model 1.5 ton 4 Star Split Inverter with Wi-fi Energy Saving, Voice Control, P...",4.1,"₹38,990","₹82,990",53% off,"6,233 Ratings & 578 Reviews",Annual Power Usage: 713.57 kWhRoom Size: 111 - 150 sqft5 year comprehensive warranty on product and 10 years warranty on compressor,5
"Daikin 2026 Model 1.5 Ton 3 Star Hot and Cold Split Inverter PM1.0 Filter, Hot & Cold, Inverter, ISEER...",4.2,"₹41,490","₹61,600",32% off,"24,785 Ratings & 1,912 Reviews","Annual Power Usage: 880.1 kWhRoom Size: 111 - 150 sqft1 Year warranty on product, compressor warranty 10 Years and PCB warranty 5 years",5
Samsung 2025 Model 1 Ton 3 Star Split Inverter 5 Step Convertible with Powerful cooling & Energy savin...,4.2,"₹26,990","₹53,490",49% off,"8,987 Ratings & 942 Reviews",Annual Power Usage: 626.62 UnitsRoom Size: 90 sqft or Below5 years comprehensive warranty on product and 10 years on compressor,5
CARRIER 2026 Model 1.5 Ton 3 Star Split AI Inverter with Wi-fi Convertible 6-in-1 with Geo-Fencing & V...,4.2,"₹33,490","₹65,900",49% off,"38,222 Ratings & 4,626 Reviews","Annual Power Usage: 854.39 kWhRoom Size: 111 - 150 sqft1 Year Warranty on Product, 5 Years on PCB and 10 Years on the Compressor",5
LG 2025 Model 1.5 Ton 5 Star Split AI Dual Inverter AI Convertible 6-in-1 Split with Faster Cooling an...,4.2,"₹42,990","₹78,990",45% off,"46,175 Ratings & 4,255 Reviews","Annual Power Usage: 744.75 kWhRoom Size: 111 - 150 sqft1 Year Warranty on Product,5 year on Pcb and 10 Years Warranty on Compressor",5
Blue Star 2026 Model 2 Ton 3 Star Split Inverter AC,4,"₹49,490","₹69,000",28% off,"1,251 Ratings & 72 Reviews",Annual Power Usage: 1131.55 kWhRoom Size: 151 - 200 sqft60 months for those customers who purchase Blue Star Split ACs (Inverter or Fixed Speed SACs) of Tonnage up to 2 Tr from 16th February 2026 to 30th June 2026.,5
LG 2025 Model 1 Ton 5 Star Split AI Dual Inverter AI Convertible 6-in-1 with Faster Cooling and Energy...,4.1,"₹36,990","₹69,990",47% off,"7,602 Ratings & 794 Reviews","Annual Power Usage: 515.84 UnitsRoom Size: 90 sqft or Below1 Year Comprehensive Warranty on Product, 5 Year on PCB and Motor & 10 Year on Compressor (Free Gas charging during comprehensive warranty period only)",5
Haier 2026 Model 1 Ton 3 Star Split Twin Inverter AC,3.8,"₹27,990","₹45,000",37% off,"3,318 Ratings & 266 Reviews",Annual Power Usage: 560.41 kWhRoom Size: 90 sqft or Below5 years on the product and 12 years on the compressor (1-year warranty card in the box + 4-year promotional warranty auto activated post-installation).,5
realme TechLife 2026 Model 1.6 Ton 3 Star Split Inverter with Wi-fi 5-in-1 Convertible Smart AC with E...,4.3,"₹29,990","₹53,999",44% off,126 Ratings & 18 Reviews,Annual Power Usage: 977.62 kWhRoom Size: 151 - 200 sqft1 Year Warranty on Product and 10 Year Warranty on Compressor,5
"Godrej 2025 Model 1.5 Ton 5 Star Split Inverter AI Powered, 5-In-1 Convertible, Heavy Duty Cooling At ...",4,"₹33,490","₹50,600",33% off,"12,566 Ratings & 1,206 Reviews","Annual Power Usage: 736.46 kWhRoom Size: 111 - 150 sqft5 year warranty on whole product, 10 years warranty on compressor , Warranty can be availed after registering on Brand website within 7 days of purchase.",5
Midea 2026 Model 1.5 Ton 3 Star Split AI Inverter with Wi-fi Convertible 6-in-1 with Turbo Mode for Fa...,4.3,"₹29,990","₹59,700",49% off,"18,604 Ratings & 2,838 Reviews","Annual Power Usage: 854.39 kWhRoom Size: 111 - 150 sqft5 Year Comprehensive Warranty On Product,10 Year Warranty On Compressor",5
ONIDA 2025 Model 2 Ton 3 Star Split Inverter 5-in-1 Convertible Cooling with Four Way Swing AC,4.1,"₹35,990","₹66,290",45% off,"1,153 Ratings & 117 Reviews","Annual Power Usage: 1231.9 UnitsRoom Size: 151 - 200 sqft1 Years Warranty On Product, 5 Years Warranty on PCB, 10 Years Warranty on Compressor",5
Daikin 2026 Model 1.5 Ton 2 Star Split Fixed Speed AC,3.6,"₹37,990","₹55,900",32% off,33 Ratings & 4 Reviews,"Annual Power Usage: 1002.47 kWhRoom Size: 111 - 150 sqft1 Year Comprehensive Warranty, 5 Years Warranty On Compressor Warranty",5
Voltas 2026 Model 1.5 Ton 3 Star Split Inverter AC,4.2,"₹33,990","₹60,990",44% off,"83,437 Ratings & 7,067 Reviews","Annual Power Usage: 900.94 kWhRoom Size: 111 - 150 sqft1 Year Warranty On Product,10 Years Warranty On Compressor",6
"LG 2025 Model 1.5 Ton 5 Star Split Dual Inverter with Faster Cooling and Energy Saving, AI Convertible...",4.2,"₹42,990","₹78,990",45% off,"46,175 Ratings & 4,255 Reviews",Annual Power Usage: 744.75 kWhRoom Size: 111 - 150 sqft1 Year Manufacturing Warranty on Product,6
Haier 2026 Model 2 Ton 3 Star Split Twin Inverter AC,3.9,"₹46,990","₹65,900",28% off,103 Ratings & 10 Reviews,Annual Power Usage: 1120.86 kWhRoom Size: 151 - 200 sqft5 years on the product and 12 years on the compressor (1-year warranty card in the box + 4-year promotional warranty auto activated post-installation).,6
"CARRIER 2026 Model 1 Ton 3 Star Split AI Inverter Convertible 6-in-1 with Smart Energy Display, Insta ...",4.2,"₹30,990","₹55,100",43% off,"13,833 Ratings & 1,614 Reviews","Annual Power Usage: 604.99 kWhRoom Size: 90 sqft or Below1 Year Warranty on Product, 5 Years on PCB and 10 Years on the Compressor",6
Blue Star 2023 Model 1 Ton 5 Star Split Inverter AC,4,"₹58,000",,,"2,676 Ratings & 255 Reviews",Annual Power Usage: 517.83 UnitsRoom Size: 90 sqft or Below1 Year Warranty on Product and 10 Years Warranty on Compressor,6
"Panasonic 2026 Model 2 Ton 3 Star Split Inverter with Wi-fi Smart, DustBuster Tech, Matter Enabled, AI...",4.2,"₹51,990","₹66,500",21% off,942 Ratings & 81 Reviews,"Annual Power Usage: 1153.74 kWhRoom Size: 151 - 200 sqft1 Year Comprehensive warranty on Product,
5 Years warranty on PCB & 
10 Years warranty on Compressor",6
Godrej 2025 Model 1 Ton 3 Star Split Inverter 5-In-1-Convertible Cooling with Heavy Duty Cooling At Ex...,4,"₹26,490","₹38,600",31% off,"8,298 Ratings & 716 Reviews","Annual Power Usage: 1034 UnitsRoom Size: 90 sqft or Below5 Years Warranty on Whole Product (Valid on sales post 1 Sep 2024, warranty can be availed after registering on Brand website within 7 days of purchase) and 10 Years Warranty on Compressor",6
"CARRIER 2026 Model 1.5 Ton 3 Star Split AI Inverter Convertible 6-in-1 with Smart Energy Display, Inst...",4.2,"₹32,490","₹65,500",50% off,"38,222 Ratings & 4,626 Reviews","Annual Power Usage: 854.39 kWhRoom Size: 111 - 150 sqft1 Year Warranty on Product, 5 Years on PCB and 10 Years on the Compressor",6
Whirlpool 2026 Model 2 Ton 3 Star Split Inverter AC,4,"₹38,899","₹70,940",45% off,761 Ratings & 82 Reviews,"Annual Power Usage: 1079.61 kWhRoom Size: 151 - 200 sqft1 year warranty on product, 5 years  warranty on compressor",6
"CARRIER 2025 Model 1.5 Ton 5 Star Split Inverter with Wi-fi Smart Flexicool 6 in 1 Convertible, Smart ...",4.2,"₹39,490","₹70,100",43% off,"26,219 Ratings & 3,537 Reviews","Annual Power Usage: 754.05 UnitsRoom Size: 111 - 150 sqft1 Year Comprehensive Warranty  on Product, 5 Years Warranty on PCB, 10 Years Warranty on Compressor",6
Whirlpool 2026 Model 1.5 Ton 3 Star Split Inverter AC,4.1,"₹32,240","₹57,150",43% off,"30,027 Ratings & 3,540 Reviews","Annual Power Usage: 858.22 kWhRoom Size: 111 - 150 sqft1 year warranty on product, 5 years  warranty on compressor",6
"Samsung Bespoke AI 2026 Model 1.5 ton 4 Star Split Inverter with Wi-fi Energy Saving, Voice Control, P...",4.1,"₹38,990","₹82,990",53% off,"6,233 Ratings & 578 Reviews",Annual Power Usage: 713.57 kWhRoom Size: 111 - 150 sqft5 year comprehensive warranty on product and 10 years warranty on compressor,6
Lloyd 2025 Model 1.5 Ton 5 Star Window Fixed Speed AC,4,"₹30,990","₹50,490",38% off,"1,256 Ratings & 156 Reviews","Annual Power Usage: 1044.27 UnitsRoom Size: 111 - 150 sqft1 Year Warranty on Product, 5 Year Warranty on Component & 10 Year Warranty on Compressor.",6
ONIDA 2025 Model 1.5 Ton 3 Star Split Inverter 5-in-1 Convertible Cooling with AI Deep Cleaning AC,4.1,"₹25,490","₹51,490",50% off,"15,623 Ratings & 1,827 Reviews","Annual Power Usage: 1012.16 kWhRoom Size: 111 - 150 sqft1 Years Warranty On Product, 5 Years Warranty on PCB, 10 Years Warranty on Compressor",6
Voltas 2022 Model 1 Ton 3 Star Split Inverter AC,4.1,"₹32,998","₹56,990",42% off,"8,721 Ratings & 907 Reviews",Annual Power Usage: 672.93 UnitsRoom Size: 90 sqft or Below1 Year Warranty on Product and 10 Years Warranty on Compressor,6
CARRIER 2026 Model 1 Ton 3 Star Split AI Inverter with Wi-fi Convertible 6-in-1 with Wi-Fi with Geo-Fe...,4.2,"₹31,490","₹55,500",43% off,"13,833 Ratings & 1,614 Reviews","Annual Power Usage: 604.99 kWhRoom Size: 90 sqft or Below1 Year Warranty on Product, 5 Years on PCB and 10 Years on the Compressor",6
CARRIER 2026 Model 1.5 Ton 3 Star Split AI Inverter with Wi-fi Convertible 6-in-1 with Geo-Fencing & V...,4.2,"₹33,490","₹65,900",49% off,"38,222 Ratings & 4,626 Reviews","Annual Power Usage: 854.39 kWhRoom Size: 111 - 150 sqft1 Year Warranty on Product, 5 Years on PCB and 10 Years on the Compressor",6
LG 2025 Model 1.5 Ton 5 Star Split AI Dual Inverter AI Convertible 6-in-1 Split with Faster Cooling an...,4.2,"₹42,990","₹78,990",45% off,"46,175 Ratings & 4,255 Reviews","Annual Power Usage: 744.75 kWhRoom Size: 111 - 150 sqft1 Year Warranty on Product,5 year on Pcb and 10 Years Warranty on Compressor",6
Voltas 2026 Model 1.5 Ton 3 Star Window Fixed Speed AC,4.2,"₹31,990","₹45,990",30% off,"12,494 Ratings & 1,225 Reviews","Annual Power Usage: 1124.78 kWhRoom Size: 111 - 150 sqft1 Year Warranty On Product, 10 Years Warranty On Compressor",6
Lloyd 2026 Model 1.5 Ton 5 Star Split Inverter with Wi-fi AC,4.1,"₹41,990","₹67,990",38% off,"11,881 Ratings & 1,355 Reviews","Annual Power Usage: 646.32 kWhRoom Size: 111 - 150 sqft1 Year Comprehensive Warranty on Product, 5 Year Warranty on Component and 10 Years Warranty on Compressor",6
"Godrej 2025 Model 1.5 Ton 5 Star Split Inverter AI Powered, 5-In-1 Convertible, Heavy Duty Cooling At ...",4,"₹33,490","₹50,600",33% off,"12,566 Ratings & 1,206 Reviews","Annual Power Usage: 736.46 kWhRoom Size: 111 - 150 sqft5 year warranty on whole product, 10 years warranty on compressor , Warranty can be availed after registering on Brand website within 7 days of purchase.",6
Midea 2026 Model 1.5 Ton 3 Star Split AI Inverter with Wi-fi Convertible 6-in-1 with Turbo Mode for Fa...,4.3,"₹29,990","₹59,700",49% off,"18,604 Ratings & 2,838 Reviews","Annual Power Usage: 854.39 kWhRoom Size: 111 - 150 sqft5 Year Comprehensive Warranty On Product,10 Year Warranty On Compressor",6
Blue Star 2023 Model 2 Ton 5 Star Split Inverter AC,3.8,"₹52,900","₹85,000",37% off,430 Ratings & 28 Reviews,Annual Power Usage: 935.89 UnitsRoom Size: 151 - 200 sqft1 Year Warranty on Product and 5 Years Warranty on Compressor,6
"TCL 2026 Model 2 Ton 3 Star Split Inverter 7 Step Convertible with Powerful and Fast cooling, 4 Ways S...",3.7,"₹34,990","₹62,991",44% off,225 Ratings & 38 Reviews,"Annual Power Usage: 1070.16 kWhRoom Size: 151 - 200 sqft1 year warranty on product,5 Years on PCB and 10 Years on the Compressor",6
Panasonic 2025 Model 1 Ton 5 Star Split Inverter with Wi-fi AC,4.2,"₹31,990","₹50,700",36% off,"4,169 Ratings & 452 Reviews","Annual Power Usage: 524.08 UnitsRoom Size: 90 sqft or Below1 Year Comprehensive warranty on Product,
5 Years warranty on PCB & 
10 Years warranty on Compressor",7
Voltas 2026 Model 1 Ton 2 Star Window Fixed Speed AC,3.7,"₹27,990","₹32,990",15% off,79 Ratings & 11 Reviews,"Annual Power Usage: 744.11 kWhRoom Size: 90 sqft or Below1 Year Warranty On Product, 10 Years Warranty On Compressor",7
Voltas 2026 Model 1.5 Ton 3 Star Split Inverter AC,4.2,"₹33,990","₹60,990",44% off,"83,437 Ratings & 7,067 Reviews","Annual Power Usage: 900.94 kWhRoom Size: 111 - 150 sqft1 Year Warranty On Product,10 Years Warranty On Compressor",7
"LG 2025 Model 1.5 Ton 5 Star Split Dual Inverter with Faster Cooling and Energy Saving, AI Convertible...",4.2,"₹42,990","₹78,990",45% off,"46,175 Ratings & 4,255 Reviews",Annual Power Usage: 744.75 kWhRoom Size: 111 - 150 sqft1 Year Manufacturing Warranty on Product,7
CARRIER 2025 Model 1 Ton 3 Star Split Inverter with Wi-fi Smart Flexicool 6 in 1 ConvertibleSmart Ener...,4.2,"₹24,990","₹52,900",52% off,"13,833 Ratings & 1,614 Reviews","Annual Power Usage: 685.62 UnitsRoom Size: 90 sqft or Below1 Year Comprehensive Warranty  on Product, 5 Years Warranty on PCB, 10 Years Warranty on Compressor",7
"Samsung Bespoke AI 2026 Model 1.5 ton 3 Star Split WindFree Inverter with Wi-fi Energy Saving, Voice C...",4.1,"₹38,990","₹82,990",53% off,"37,322 Ratings & 3,395 Reviews",Annual Power Usage: 829.57 kWhRoom Size: 111 - 150 sqft5 year comprehensive warranty on product and 10 years warranty on compressor,7
Godrej 2025 Model 1 Ton 3 Star Split Inverter 5-In-1-Convertible Cooling with Heavy Duty Cooling At Ex...,4,"₹26,490","₹38,600",31% off,"8,298 Ratings & 716 Reviews","Annual Power Usage: 1034 UnitsRoom Size: 90 sqft or Below5 Years Warranty on Whole Product (Valid on sales post 1 Sep 2024, warranty can be availed after registering on Brand website within 7 days of purchase) and 10 Years Warranty on Compressor",7
"CARRIER 2026 Model 1.5 Ton 3 Star Split AI Inverter Convertible 6-in-1 with Smart Energy Display, Inst...",4.2,"₹32,490","₹65,500",50% off,"38,222 Ratings & 4,626 Reviews","Annual Power Usage: 854.39 kWhRoom Size: 111 - 150 sqft1 Year Warranty on Product, 5 Years on PCB and 10 Years on the Compressor",7
Samsung 2025 Model 1.5 Ton 3 Star Split Inverter with Wi-fi AC,4.1,"₹31,990","₹78,290",59% off,"37,322 Ratings & 3,395 Reviews",Annual Power Usage: 1047.62 WRoom Size: 111 - 150 sqft5 Years Comprehensive Warranty on AC and 10 Years Warranty on Compressor,7
realme TechLife 2025 Model 1 Ton 5 Star Split Inverter with Wi-fi 5-in-1 Convertible with Rapid Cool S...,4.2,"₹28,490","₹50,699",43% off,993 Ratings & 137 Reviews,Annual Power Usage: 526.8 UnitsRoom Size: 90 sqft or Below1 Year Warranty on Product and 10 Years Warranty on Compressor,7
Voltas 2026 Model 1.5 Ton 2 Star Window Fixed Speed AC,3.9,"₹31,900","₹42,990",25% off,117 Ratings & 15 Reviews,Annual Power Usage: 1185.93 kWhRoom Size: 111 - 150 sqft1 Year on Product + 5 Years on Fixed Speed WAC Compressor,7
"CARRIER 2025 Model 2 Ton 5 Star Split Inverter with Wi-fi Smart Flexicool 6 in 1 Convertible, Smart En...",4.2,"₹49,990","₹84,400",40% off,"2,305 Ratings & 254 Reviews","Annual Power Usage: 920.55 UnitsRoom Size: 151 - 200 sqft1 Year Comprehensive Warranty  on Product, 5 Years Warranty on PCB, 10 Years Warranty on Compressor",7
Whirlpool 2026 Model 1.5 Ton 3 Star Split Inverter AC,4.1,"₹32,240","₹57,150",43% off,"30,027 Ratings & 3,540 Reviews","Annual Power Usage: 858.22 kWhRoom Size: 111 - 150 sqft1 year warranty on product, 5 years  warranty on compressor",7
"Samsung Bespoke AI 2026 Model 1.5 ton 4 Star Split Inverter with Wi-fi Energy Saving, Voice Control, P...",4.1,"₹38,990","₹82,990",53% off,"6,233 Ratings & 578 Reviews",Annual Power Usage: 713.57 kWhRoom Size: 111 - 150 sqft5 year comprehensive warranty on product and 10 years warranty on compressor,7
CARRIER 2025 Model 1 Ton 5 Star Split Inverter with Wi-fi Smart Flexicool 6 in 1 ConvertibleSmart Ener...,4.1,"₹32,990","₹61,300",46% off,"4,786 Ratings & 735 Reviews","Annual Power Usage: 536.2 UnitsRoom Size: 90 sqft or Below1 Year Comprehensive Warranty  on Product, 5 Years Warranty on PCB, 10 Years Warranty on Compressor",7
Midea 2026 Model 2 Ton 3 Star Split AI Inverter with Wi-fi Convertible 6-in-1 with Turbo Mode for Fast...,4.2,"₹39,990","₹68,800",41% off,448 Ratings & 42 Reviews,"Annual Power Usage: 1068.29 kWhRoom Size: 151 - 200 sqft5 Year Comprehensive Warranty On Product,10 Year Warranty On Compressor",7
CARRIER 2026 Model 1.5 Ton 3 Star Split AI Inverter with Wi-fi Convertible 6-in-1 with Geo-Fencing & V...,4.2,"₹33,490","₹65,900",49% off,"38,222 Ratings & 4,626 Reviews","Annual Power Usage: 854.39 kWhRoom Size: 111 - 150 sqft1 Year Warranty on Product, 5 Years on PCB and 10 Years on the Compressor",7
LG 2025 Model 1.5 Ton 5 Star Split AI Dual Inverter AI Convertible 6-in-1 Split with Faster Cooling an...,4.2,"₹42,990","₹78,990",45% off,"46,175 Ratings & 4,255 Reviews","Annual Power Usage: 744.75 kWhRoom Size: 111 - 150 sqft1 Year Warranty on Product,5 year on Pcb and 10 Years Warranty on Compressor",7
Voltas 2022 Model 1 Ton 3 Star Split Fixed Speed AC,4.1,"₹30,549","₹55,990",45% off,"8,721 Ratings & 907 Reviews",Annual Power Usage: 700.57 UnitsRoom Size: 90 sqft or Below1 Year Warranty on Product and 5 Years Warranty on Compressor,7
"Sharp 2025 Model 1.5 Ton 3 Star Split Inverter 5 in 1 Convertible,7 Stage Health Filters, Turbo Cool T...",4,"₹24,490","₹54,990",55% off,38 Ratings & 4 Reviews,"Annual Power Usage: 946.17 kWhRoom Size: 111 - 150 sqft1 Year Comprehensive Warranty, 5 years on PCB, 10 Years on Compressor",7
Daikin 2026 Model 0.9 Ton 2 Star Split Fixed Speed AC,,"₹25,990","₹36,600",28% off,,"Annual Power Usage: 582.13 kWhRoom Size: 90 sqft or Below1 Year Comprehensive Warranty, 5 Years Warranty On PCB",7
"CARRIER 2025 Model 2 Ton 3 Star Split Inverter with Wi-fi Smart Energy Display, Dual Filtration with H...",4.2,"₹46,990","₹75,000",37% off,"4,267 Ratings & 497 Reviews","Annual Power Usage: 1249.82 UnitsRoom Size: 151 - 200 sqft1 Year Comprehensive Warranty  on Product, 5 Years Warranty on PCB, 10 Years Warranty on Compressor",7
"Godrej 2025 Model 1.5 Ton 5 Star Split Inverter AI Powered, 5-In-1 Convertible, Heavy Duty Cooling At ...",4,"₹33,490","₹50,600",33% off,"12,566 Ratings & 1,206 Reviews","Annual Power Usage: 736.46 kWhRoom Size: 111 - 150 sqft5 year warranty on whole product, 10 years warranty on compressor , Warranty can be availed after registering on Brand website within 7 days of purchase.",7
Midea 2026 Model 1.5 Ton 3 Star Split AI Inverter with Wi-fi Convertible 6-in-1 with Turbo Mode for Fa...,4.3,"₹29,990","₹59,700",49% off,"18,604 Ratings & 2,838 Reviews","Annual Power Usage: 854.39 kWhRoom Size: 111 - 150 sqft5 Year Comprehensive Warranty On Product,10 Year Warranty On Compressor",7
Hitachi 2025 Model 1 Ton 3 Star Split Inverter AC,3.9,"₹29,490","₹48,900",39% off,"2,394 Ratings & 305 Reviews","Annual Power Usage: 698.63 kWhRoom Size: 90 sqft or Below1 Year on the product, 5 Years on Component (including PCB) and 10 Years on the Compressor",8
Sharp 2025 Model 1.5 Ton 5 Star Split Inverter 7 in 1 Convertible7 Stage Health Filters AC,3.8,"₹29,490","₹64,990",54% off,29 Ratings & 4 Reviews,Annual Power Usage: 782.92 kWhRoom Size: 111 - 150 sqft1 Year Basic Warranty,8
Voltas 2026 Model 1.5 Ton 3 Star Split Inverter AC,4.2,"₹33,990","₹60,990",44% off,"83,437 Ratings & 7,067 Reviews","Annual Power Usage: 900.94 kWhRoom Size: 111 - 150 sqft1 Year Warranty On Product,10 Years Warranty On Compressor",8
"LG 2025 Model 1.5 Ton 5 Star Split Dual Inverter with Faster Cooling and Energy Saving, AI Convertible...",4.2,"₹42,990","₹78,990",45% off,"46,175 Ratings & 4,255 Reviews",Annual Power Usage: 744.75 kWhRoom Size: 111 - 150 sqft1 Year Manufacturing Warranty on Product,8
Godrej 2025 Model 1.5 Ton 5 Star Split Inverter Heavy Duty Cooling At Extreme Temperature AC,4,"₹38,500","₹60,500",36% off,"12,566 Ratings & 1,206 Reviews","Annual Power Usage: 728.31 UnitsRoom Size: 111 - 150 sqft5 Years Warranty on Whole Product (Valid on sales post 1 Sep 2024, warranty can be availed after registering on Brand website within 7 days of purchase) and 10 Years Warranty on Compressor",8
Blue Star 2025 Model 1.5 Ton 3 Star Window Fixed Speed AC,4.2,"₹26,990","₹36,400",25% off,"1,912 Ratings & 181 Reviews",Annual Power Usage: 1192.12 kWhRoom Size: 111 - 150 sqftWarranty of the Product is Limited to Manufacturing Defects Only,8
"Panasonic 2026 Model 1.5 Ton 3 Star Hot and Cold Split Inverter Crystal Clean, Higher Airflow, 2-Way S...",4.1,"₹41,480","₹59,500",30% off,"24,445 Ratings & 2,408 Reviews","Annual Power Usage: 859.27 kWhRoom Size: 111 - 150 sqft1 Year Comprehensive warranty on Product,
5 Years warranty on PCB & 
10 Years warranty on Compressor",8
Lloyd 2025 Model 1 Ton 5 Star Split Inverter AC,4,"₹32,990","₹52,990",37% off,"1,286 Ratings & 110 Reviews","Annual Power Usage: 533.89 UnitsRoom Size: 90 sqft or Below1 Year Warranty on Product, 5 Year Warranty on Component & 10 Year Warranty on Compressor.",8
Godrej 2025 Model 1 Ton 3 Star Split Inverter 5-In-1-Convertible Cooling with Heavy Duty Cooling At Ex...,4,"₹26,490","₹38,600",31% off,"8,298 Ratings & 716 Reviews","Annual Power Usage: 1034 UnitsRoom Size: 90 sqft or Below5 Years Warranty on Whole Product (Valid on sales post 1 Sep 2024, warranty can be availed after registering on Brand website within 7 days of purchase) and 10 Years Warranty on Compressor",8
"CARRIER 2026 Model 1.5 Ton 3 Star Split AI Inverter Convertible 6-in-1 with Smart Energy Display, Inst...",4.2,"₹32,490","₹65,500",50% off,"38,222 Ratings & 4,626 Reviews","Annual Power Usage: 854.39 kWhRoom Size: 111 - 150 sqft1 Year Warranty on Product, 5 Years on PCB and 10 Years on the Compressor",8
Blue Star 2021 Model 1.5 Ton 3 Star Split Inverter AC,4.1,"₹58,999","₹61,972",4% off,"26,862 Ratings & 2,253 Reviews",Annual Power Usage: 1456 UnitsRoom Size: 111 - 150 sqft1 Year Comprehensive Warranty on AC and 10 Years on Compressor,8
Hisense 2026 Model 1.5 Ton 3 Star Split Inverter AC,4,"₹25,990","₹43,000",39% off,"1,521 Ratings & 282 Reviews","Annual Power Usage: 782.29 kWhRoom Size: 111 - 150 sqft1 Year Comprehensive warranty on Product, 5 Year on PCB & 10 Year on Compressor",8
Whirlpool 2026 Model 1.5 Ton 3 Star Split Inverter AC,4.1,"₹32,240","₹57,150",43% off,"30,027 Ratings & 3,540 Reviews","Annual Power Usage: 858.22 kWhRoom Size: 111 - 150 sqft1 year warranty on product, 5 years  warranty on compressor",8
Samsung 2025 Model 1.5 Ton 5 Star Split Inverter with Wi-fi AC,4.2,"₹36,490","₹72,990",50% off,"26,515 Ratings & 2,683 Reviews",Annual Power Usage: 751.24 WRoom Size: 111 - 150 sqft5 Years Comprehensive Warranty on AC and 10 Years Warranty on Compressor,8
LG 2025 Model 1.5 Ton 3 Star Split AI Dual Inverter AI Convertible 6-in-1 with Faster Cooling and Ener...,4,"₹33,990","₹72,990",53% off,"43,160 Ratings & 4,010 Reviews","Annual Power Usage: 852.44 UnitsRoom Size: 111 - 150 sqft1 Year Comprehensive Warranty on Product, 5 Year on PCB and Motor & 10 Year on Compressor (Free Gas charging during comprehensive warranty period only)",8
Lloyd 2026 Model 1.5 Ton 3 Star Window Fixed Speed AC,4.1,"₹30,990","₹50,990",39% off,"3,328 Ratings & 350 Reviews",Annual Power Usage: 1093.04 kWhRoom Size: 111 - 150 sqft1 Year Comprehensive Warranty,8
LG 2026 Model 1.5 Ton 5 Star Window Dual Inverter Convertible 4-in-1 Cooling with Faster Cooling and E...,4.2,"₹42,790","₹73,990",42% off,"2,790 Ratings & 289 Reviews","Annual Power Usage: 1017.08 kWhRoom Size: 111 - 150 sqftManufacturer Warranty: 1 Year Comprehensive on Product, 5 Year on PCB and Motor & 10 Year on Compressor (*Free Gas charging during comprehensive period only, T&C Apply)",8
Voltas 2025 Model 1.5 Ton 3 Star Split Inverter AC,4.2,"₹31,490","₹64,990",51% off,"83,437 Ratings & 7,067 Reviews","Annual Power Usage: 975.26 kWhRoom Size: 111 - 150 sqft1 Year Warranty on Product, 10 Year Warranty on Compressor",8
"Samsung Bespoke AI 2026 Model 1.5 ton 4 Star Split Inverter with Wi-fi Energy Saving, Voice Control, P...",4.1,"₹38,990","₹82,990",53% off,"6,233 Ratings & 578 Reviews",Annual Power Usage: 713.57 kWhRoom Size: 111 - 150 sqft5 year comprehensive warranty on product and 10 years warranty on compressor,8
CARRIER 2026 Model 1.5 Ton 3 Star Split AI Inverter with Wi-fi Convertible 6-in-1 with Geo-Fencing & V...,4.2,"₹33,490","₹65,900",49% off,"38,222 Ratings & 4,626 Reviews","Annual Power Usage: 854.39 kWhRoom Size: 111 - 150 sqft1 Year Warranty on Product, 5 Years on PCB and 10 Years on the Compressor",8
"Sharp 2025 Model 1.5 Ton 3 Star Split Inverter 5 in 1 Convertible,7 Stage Health Filters, Turbo Cool T...",4,"₹24,490","₹54,990",55% off,38 Ratings & 4 Reviews,"Annual Power Usage: 946.17 kWhRoom Size: 111 - 150 sqft1 Year Comprehensive Warranty, 5 years on PCB, 10 Years on Compressor",8
CARRIER 2024 Model 2 Ton 5 Star Split Inverter Dual Filtration with HD & Auto Cleanser AC,4.2,"₹52,990","₹91,690",42% off,"2,305 Ratings & 254 Reviews","Annual Power Usage: 920.55 UnitsRoom Size: 151 - 200 sqft1 Year Warranty on Product, 5 Years Extended Warranty on PCB and 10 Years Warranty on Compressor",8
LG 2025 Model 1.5 Ton 5 Star Split AI Dual Inverter AI Convertible 6-in-1 Split with Faster Cooling an...,4.2,"₹42,990","₹78,990",45% off,"46,175 Ratings & 4,255 Reviews","Annual Power Usage: 744.75 kWhRoom Size: 111 - 150 sqft1 Year Warranty on Product,5 year on Pcb and 10 Years Warranty on Compressor",8
Midea 2026 Model 1.5 Ton 3 Star Split AI Inverter with Wi-fi Convertible 6-in-1 with Turbo Mode for Fa...,4.3,"₹29,990","₹59,700",49% off,"18,604 Ratings & 2,838 Reviews","Annual Power Usage: 854.39 kWhRoom Size: 111 - 150 sqft5 Year Comprehensive Warranty On Product,10 Year Warranty On Compressor",8
Lloyd 2022 Model 1 Ton 2 Star Window Fixed Speed AC,3.9,"₹25,890","₹39,990",35% off,830 Ratings & 83 Reviews,Annual Power Usage: 808.94 UnitsRoom Size: 90 sqft or Below1 Year Comprehensive Warranty on Product and 5 Years Warranty on Compressor,9
Whirlpool 2026 Model 1 Ton 3 Star Split Inverter AC,4.1,"₹29,440","₹53,190",44% off,"10,799 Ratings & 1,227 Reviews","Annual Power Usage: 594.03 kWhRoom Size: 90 sqft or Below1 year warranty on product, 5 years  warranty on compressor",9
Blue Star 2023 Model 1.5 Ton 3 Star Split Inverter AC,4.1,"₹37,858","₹61,250",38% off,"26,862 Ratings & 2,253 Reviews","Annual Power Usage: 1026.46 UnitsRoom Size: 111 - 150 sqft1 Year Warranty on Product, 10 Years Warranty on Inverter Compressor and 5 Years Warranty on PCB",9
"LG 2026 Model 1 tons 3 Star Split Smart Inverter Faster Cooling and Energy Saving, AI Convertible 6-in...",4.2,"₹36,990","₹64,890",42% off,"5,759 Ratings & 684 Reviews","Annual Power Usage: 584.24 kWhRoom Size: 90 sqft or Below1 Year Comprehensive warranty on Product, 5 Year warranty on PCB & Motor and 10 Year warranty on Compressor",9
Voltas 2026 Model 1.5 Ton 3 Star Split Inverter AC,4.2,"₹33,990","₹60,990",44% off,"83,437 Ratings & 7,067 Reviews","Annual Power Usage: 900.94 kWhRoom Size: 111 - 150 sqft1 Year Warranty On Product,10 Years Warranty On Compressor",9
"LG 2025 Model 1.5 Ton 5 Star Split Dual Inverter with Faster Cooling and Energy Saving, AI Convertible...",4.2,"₹42,990","₹78,990",45% off,"46,175 Ratings & 4,255 Reviews",Annual Power Usage: 744.75 kWhRoom Size: 111 - 150 sqft1 Year Manufacturing Warranty on Product,9
CARRIER 2024 Model 1.5 Ton 3 Star Window Fixed Speed AC,4.3,"₹31,766","₹45,090",29% off,"2,583 Ratings & 291 Reviews","Annual Power Usage: 1210 UnitsRoom Size: 111 - 150 sqft1 Year on Product, 5 Years on PCB and 10 Years on Compressor",9
Lloyd 2025 Model 1.5 Ton 3 Star Hot and Cold Split Inverter AC,4.1,"₹35,990","₹58,490",38% off,"20,599 Ratings & 2,180 Reviews","Annual Power Usage: 989.8 UnitsRoom Size: 111 - 150 sqft1 Year Warranty on Product, 5 Year Warranty on Component & 10 Year Warranty on Compressor.",9
Godrej 2025 Model 1 Ton 3 Star Split Inverter 5-In-1-Convertible Cooling with Heavy Duty Cooling At Ex...,4,"₹26,490","₹38,600",31% off,"8,298 Ratings & 716 Reviews","Annual Power Usage: 1034 UnitsRoom Size: 90 sqft or Below5 Years Warranty on Whole Product (Valid on sales post 1 Sep 2024, warranty can be availed after registering on Brand website within 7 days of purchase) and 10 Years Warranty on Compressor",9
"CARRIER 2026 Model 1.5 Ton 3 Star Split AI Inverter Convertible 6-in-1 with Smart Energy Display, Inst...",4.2,"₹32,490","₹65,500",50% off,"38,222 Ratings & 4,626 Reviews","Annual Power Usage: 854.39 kWhRoom Size: 111 - 150 sqft1 Year Warranty on Product, 5 Years on PCB and 10 Years on the Compressor",9
Godrej 2025 Model 1.5 Ton 3 Star Window Fixed Speed with Anti Corrosive Blue Fin AC,4,"₹34,191","₹46,990",27% off,"2,193 Ratings & 161 Reviews","Annual Power Usage: 1216.12 UnitsRoom Size: 111 - 150 sqft1 year standard warranty on product, 5 years warranty on fixed speed compressor and 5 year warranty on PCB.",9
Haier Kinouchi Limited Edition 2025 Model 1.5 Ton 5 Star Split Inverter with Wi-fi AC,4,"₹43,990","₹78,200",43% off,"3,274 Ratings & 351 Reviews",Annual Power Usage: 836.95 kWhRoom Size: 111 - 150 sqft5 years on the product and 12 years on the compressor (1-year warranty card in the box + 4-year promotional warranty auto activated post-installation).,9
Hitachi 2025 Model 1.5 Ton 5 Star Split Inverter AC,4,"₹40,490","₹67,600",40% off,"5,094 Ratings & 705 Reviews","Annual Power Usage: 774.58 kWhRoom Size: 111 - 150 sqft1 Year on the product, 5 Years on Component (including PCB) and 10 Years on the Compressor",9
"Panasonic 2026 Model 1.5 Ton 4 Star Split Inverter with Wi-fi Smart, DustBuster Tech, Matter Enabled, ...",4.1,"₹41,990","₹59,500",29% off,"2,166 Ratings & 250 Reviews","Annual Power Usage: 759.55 kWhRoom Size: 111 - 150 sqft1 Year Comprehensive warranty on Product,
5 Years warranty on PCB & 
10 Years warranty on Compressor",9
Whirlpool 2026 Model 1.5 Ton 3 Star Split Inverter AC,4.1,"₹32,240","₹57,150",43% off,"30,027 Ratings & 3,540 Reviews","Annual Power Usage: 858.22 kWhRoom Size: 111 - 150 sqft1 year warranty on product, 5 years  warranty on compressor",9
"Samsung Bespoke AI 2026 Model 1.5 ton 4 Star Split Inverter with Wi-fi Energy Saving, Voice Control, P...",4.1,"₹38,990","₹82,990",53% off,"6,233 Ratings & 578 Reviews",Annual Power Usage: 713.57 kWhRoom Size: 111 - 150 sqft5 year comprehensive warranty on product and 10 years warranty on compressor,9
Panasonic 2023 Model 1 Ton 5 Star Split Inverter with Wi-fi Convertible 7-in-1 with Additional AI Mode...,4.2,"₹32,490","₹64,400",49% off,"4,169 Ratings & 452 Reviews","Annual Power Usage: 531.41 UnitsRoom Size: 90 sqft or Below1 Year Comprehensive Warranty on Product, 5 Years Warranty on PCB and 10 Years Warranty on Compressor",9
Daikin 2025 Model 1 Ton 5 Star Split Inverter AC,4.2,"₹34,548","₹55,364",37% off,"2,122 Ratings & 203 Reviews",Annual Power Usage: 523.54 UnitsRoom Size: 90 sqft or Below1 Year Warranty on Product and  5 Years Warranty on PCB and 10 Years Warranty on Compressor,9
CARRIER 2026 Model 1.5 Ton 3 Star Split AI Inverter with Wi-fi Convertible 6-in-1 with Geo-Fencing & V...,4.2,"₹33,490","₹65,900",49% off,"38,222 Ratings & 4,626 Reviews","Annual Power Usage: 854.39 kWhRoom Size: 111 - 150 sqft1 Year Warranty on Product, 5 Years on PCB and 10 Years on the Compressor",9
LG 2025 Model 1.5 Ton 5 Star Split AI Dual Inverter AI Convertible 6-in-1 Split with Faster Cooling an...,4.2,"₹42,990","₹78,990",45% off,"46,175 Ratings & 4,255 Reviews","Annual Power Usage: 744.75 kWhRoom Size: 111 - 150 sqft1 Year Warranty on Product,5 year on Pcb and 10 Years Warranty on Compressor",9
Blue Star 2026 Model 1 Ton 3 Star Split Inverter AC,4,"₹32,490","₹49,000",33% off,"4,839 Ratings & 434 Reviews",Annual Power Usage: 621.1 kWhRoom Size: 90 sqft or Below60 months for those customers who purchase Blue Star Split ACs (Inverter or Fixed Speed SACs) of Tonnage up to 2 Tr from 16th February 2026 to 30th June 2026.,9
Godrej 2024 Model 1.5 Ton 3 Star Split Inverter Heavy Duty Cooling at Extreme Temperature AC,4,"₹29,599","₹45,900",35% off,"22,727 Ratings & 1,770 Reviews","Annual Power Usage: 966.34 UnitsRoom Size: 111 - 150 sqft5 Years Warranty on Whole Product (Valid on sales post 1 Sep 2024, warranty can be availed after registering on Brand website within 7 days of purchase) and 10 Years Warranty on Compressor",9
Daikin 2024 Model 1.5 Ton 3 Star Hot and Cold Split Inverter AC,4.2,"₹29,990","₹56,500",46% off,"24,785 Ratings & 1,912 Reviews",Annual Power Usage: 881.05 UnitsRoom Size: 111 - 150 sqft1 Year Warranty on Product and  5 Years Warranty on PCB and 10 Years Warranty on Compressor,9
realme TechLife 2026 Model 1.2 Ton 3 Star Split Inverter with Wi-fi (1 Ton + 0.2Ton Extra Cooling) wit...,4.4,"₹26,990","₹51,999",48% off,106 Ratings & 10 Reviews,Annual Power Usage: 728.86 kWhRoom Size: 91 - 110 sqft1 Year Warranty on Product and 10 Year Warranty on Compressor,9
Voltas 2026 Model 1.5 Ton 3 Star Split Inverter AC,4.2,"₹33,990","₹60,990",44% off,"83,437 Ratings & 7,067 Reviews","Annual Power Usage: 900.94 kWhRoom Size: 111 - 150 sqft1 Year Warranty On Product,10 Years Warranty On Compressor",10
"LG 2025 Model 1.5 Ton 5 Star Split Dual Inverter with Faster Cooling and Energy Saving, AI Convertible...",4.2,"₹42,990","₹78,990",45% off,"46,175 Ratings & 4,255 Reviews",Annual Power Usage: 744.75 kWhRoom Size: 111 - 150 sqft1 Year Manufacturing Warranty on Product,10
Lloyd 2023 Model 1 Ton 2 Star Window Fixed Speed AC,3.9,"₹25,890","₹39,990",35% off,830 Ratings & 83 Reviews,Annual Power Usage: 808.94 UnitsRoom Size: 90 sqft or Below1 Year Comprehensive Warranty on Product and 5 Years Warranty on Compressor,10
Daikin 2025 Model 1.5 Ton 3 Star Split Inverter AC,4.2,"₹41,850","₹58,400",28% off,"24,785 Ratings & 1,912 Reviews",Annual Power Usage: 966.47 UnitsRoom Size: 111 - 150 sqft1 Year Warranty on Product and  5 Years Warranty on PCB and 10 Years Warranty on Compressor,10
Godrej 2025 Model 1 Ton 3 Star Split Inverter 5-In-1-Convertible Cooling with Heavy Duty Cooling At Ex...,4,"₹26,490","₹38,600",31% off,"8,298 Ratings & 716 Reviews","Annual Power Usage: 1034 UnitsRoom Size: 90 sqft or Below5 Years Warranty on Whole Product (Valid on sales post 1 Sep 2024, warranty can be availed after registering on Brand website within 7 days of purchase) and 10 Years Warranty on Compressor",10
"CARRIER 2026 Model 1.5 Ton 3 Star Split AI Inverter Convertible 6-in-1 with Smart Energy Display, Inst...",4.2,"₹32,490","₹65,500",50% off,"38,222 Ratings & 4,626 Reviews","Annual Power Usage: 854.39 kWhRoom Size: 111 - 150 sqft1 Year Warranty on Product, 5 Years on PCB and 10 Years on the Compressor",10
Panasonic 2025 Model 1.5 Ton 5 Star Split Inverter with Wi-fi AC,4.2,"₹38,490","₹59,300",35% off,"22,111 Ratings & 2,346 Reviews","Annual Power Usage: 759.55 UnitsRoom Size: 111 - 150 sqft1 Year Comprehensive warranty on Product,
5 Years warranty on PCB & 
10 Years warranty on Compressor",10
Godrej 2025 Model 1.5 Ton 5 Star Window Inverter Turbo Mode Anti-Dust Filter with Anti-Freeze Thermost...,4,"₹29,860","₹46,990",36% off,719 Ratings & 67 Reviews,"Annual Power Usage: 1111.14 UnitsRoom Size: 111 - 150 sqft5 Years Warranty on Whole Product, aplicable on purchase after Oct'25 (Warranty can be availed after registering on Brand website within 7 days of purchase) and 10 Years Warranty on Compressor",10
Lloyd 2025 Model 1.5 Ton 5 Star Split Inverter AC,4.1,"₹38,490","₹61,990",37% off,"11,881 Ratings & 1,355 Reviews","Annual Power Usage: 715.07 WRoom Size: 111 - 150 sqft1 Year Warranty on Product, 5 Year Warranty on Component & 10 Year Warranty on Compressor.",10
Panasonic 2025 Model 2 Ton 3 Star Split Inverter with Wi-fi AC,4.2,"₹42,990","₹64,800",33% off,942 Ratings & 81 Reviews,"Annual Power Usage: 1200.23 UnitsRoom Size: 151 - 200 sqft1 Year Comprehensive warranty on Product,
5 Years warranty on PCB & 
10 Years warranty on Compressor",10
Whirlpool 2026 Model 1.5 Ton 3 Star Split Inverter AC,4.1,"₹32,240","₹57,150",43% off,"30,027 Ratings & 3,540 Reviews","Annual Power Usage: 858.22 kWhRoom Size: 111 - 150 sqft1 year warranty on product, 5 years  warranty on compressor",10
Samsung 2025 Model 1.5 Ton 5 Star Split Inverter with Wi-fi AC,4.2,"₹36,490","₹72,990",50% off,"26,515 Ratings & 2,683 Reviews",Annual Power Usage: 751.24 WRoom Size: 111 - 150 sqft5 Years Comprehensive Warranty on AC and 10 Years Warranty on Compressor,10
Voltas 2026 Model 1.5 Ton 3 Star Split Inverter with Wi-fi AC,4.2,"₹36,999","₹66,990",44% off,"83,437 Ratings & 7,067 Reviews","Annual Power Usage: 918.84 kWhRoom Size: 111 - 150 sqft1 Year Warranty On Product,10 Years Warranty On Compressor",10
LG 2025 Model 2 Ton 3 Star Split AI Dual Inverter AI Convertible 6-in-1 Faster Cooling and Energy Savi...,4.1,"₹55,990","₹72,190",22% off,"1,559 Ratings & 116 Reviews","Annual Power Usage: 1218.49 UnitsRoom Size: 151 - 200 sqft1 Year Comprehensive Warranty on Product, 5 Year on PCB and Motor & 10 Year on Compressor (Free Gas charging during comprehensive warranty period only)",10
"Samsung Bespoke AI 2026 Model 1.5 ton 4 Star Split Inverter with Wi-fi Energy Saving, Voice Control, P...",4.1,"₹38,990","₹82,990",53% off,"6,233 Ratings & 578 Reviews",Annual Power Usage: 713.57 kWhRoom Size: 111 - 150 sqft5 year comprehensive warranty on product and 10 years warranty on compressor,10
CARRIER 2026 Model 1.5 Ton 3 Star Split AI Inverter with Wi-fi Convertible 6-in-1 with Geo-Fencing & V...,4.2,"₹33,490","₹65,900",49% off,"38,222 Ratings & 4,626 Reviews","Annual Power Usage: 854.39 kWhRoom Size: 111 - 150 sqft1 Year Warranty on Product, 5 Years on PCB and 10 Years on the Compressor",10
"CARRIER 2024 Model 1.5 Ton 3 Star Split Inverter AI Flexicool Convertible 6-in-1 Cooling, Dual Filtrat...",4.2,"₹24,990","₹67,790",63% off,"38,222 Ratings & 4,626 Reviews","Annual Power Usage: 964.1 UnitsRoom Size: 111 - 150 sqft1 Year Warranty on Product, 5 Years Extended Warranty on PCB and 10 Years Warranty on Compressor",10
Whirlpool 2026 Model 1.5 Ton 3 Star Split Inverter AC,4.1,"₹30,490","₹60,800",49% off,"30,027 Ratings & 3,540 Reviews",Annual Power Usage: 893.62 kWhRoom Size: 111 - 150 sqftCompressor Warranty: 1+9 Years PCB Warranty: 1 +4 Years,10
Samsung 2025 Model 1.5 Ton 5 Star Split Inverter with Wi-fi AC,4.2,"₹51,850","₹84,790",38% off,"26,515 Ratings & 2,683 Reviews",Annual Power Usage: 751.24 WRoom Size: 111 - 150 sqft5 Years Comprehensive Warranty on AC and 10 Years Warranty on Compressor,10
"Haier 2025 Model 1 Ton 3 Star Split Dual Inverter Intelli-Convertible 7 in 1 ConvertibleHD Filter, Fro...",3.8,"₹25,990","₹50,000",48% off,"3,318 Ratings & 266 Reviews",Annual Power Usage: 688.52 UnitsRoom Size: 90 sqft or Below5 years on the product and 12 years on the compressor (1-year warranty card in the box + 4-year promotional warranty auto activated post-installation).,10
LG 2025 Model 1.5 Ton 5 Star Split AI Dual Inverter AI Convertible 6-in-1 Split with Faster Cooling an...,4.2,"₹42,990","₹78,990",45% off,"46,175 Ratings & 4,255 Reviews","Annual Power Usage: 744.75 kWhRoom Size: 111 - 150 sqft1 Year Warranty on Product,5 year on Pcb and 10 Years Warranty on Compressor",10
Midea 2026 Model 1.5 Ton 3 Star Split AI Inverter with Wi-fi Convertible 6-in-1 with Turbo Mode for Fa...,4.3,"₹29,990","₹59,700",49% off,"18,604 Ratings & 2,838 Reviews","Annual Power Usage: 854.39 kWhRoom Size: 111 - 150 sqft5 Year Comprehensive Warranty On Product,10 Year Warranty On Compressor",10
Haier Gravity Series 2025 Model 1.5 Ton 5 Star Split Inverter with Wi-fi AC,4,"₹43,950","₹51,000",13% off,"3,274 Ratings & 351 Reviews",Annual Power Usage: 836.95 kWhRoom Size: 111 - 150 sqft5 years on the product and 12 years on the compressor (1-year warranty card in the box + 4-year promotional warranty auto activated post-installation).,10
Lloyd 2025 Model 1.5 Ton 3 Star Split Inverter AC,4.1,"₹34,536","₹61,990",44% off,"20,599 Ratings & 2,180 Reviews","Annual Power Usage: 990.77 WRoom Size: 111 - 150 sqft1 Year Warranty on Product, 5 Year Warranty on Component & 10 Year Warranty on Compressor.",10
Voltas 2026 Model 1.5 Ton 3 Star Split Inverter AC,4.2,"₹33,990","₹60,990",44% off,"83,437 Ratings & 7,067 Reviews","Annual Power Usage: 900.94 kWhRoom Size: 111 - 150 sqft1 Year Warranty On Product,10 Years Warranty On Compressor",11
"LG 2025 Model 1.5 Ton 5 Star Split Dual Inverter with Faster Cooling and Energy Saving, AI Convertible...",4.2,"₹42,990","₹78,990",45% off,"46,175 Ratings & 4,255 Reviews",Annual Power Usage: 744.75 kWhRoom Size: 111 - 150 sqft1 Year Manufacturing Warranty on Product,11
Panasonic 2023 Model 1.5 Ton 5 Star Split Inverter AC,4.2,"₹39,490","₹66,900",40% off,"22,111 Ratings & 2,346 Reviews","Annual Power Usage: 774.8 UnitsRoom Size: 111 - 150 sqft1 Year Warranty on Product, 5 Years Warranty on PCB and 10 Years Warranty on Compressor",11
Daikin 2025 Model 1.5 Ton 3 Star Split Inverter AC,4.2,"₹34,490","₹53,830",35% off,"24,785 Ratings & 1,912 Reviews",Annual Power Usage: 966.47 kWhRoom Size: 111 - 150 sqft1 Year Warranty on Product and  5 Years Warranty on PCB and 10 Years Warranty on Compressor,11
"IFB 2025 Model 1.5 Ton 5 Star Split Inverter Silver Plus Smart Series with HD Compressor, AI, Dual Gol...",4.2,"₹38,500","₹74,990",48% off,"15,363 Ratings & 1,538 Reviews","Annual Power Usage: 721.04 kWhRoom Size: 111 - 150 sqft1 Year warranty on Product , 5 Years warranty on PCB and 10 Years Warranty on Compressor",11
CARRIER 2026 Model 1 Ton 5 Star Split AI Inverter with Wi-fi Convertible 6-in-1 with Geo-Fencing & Voi...,4.1,"₹39,990","₹67,300",40% off,"4,786 Ratings & 735 Reviews","Annual Power Usage: 536.2 kWhRoom Size: 90 sqft or Below1 Year Warranty on Product, 5 Years on PCB and 10 Years on the Compressor",11
Godrej 2025 Model 1 Ton 3 Star Split Inverter 5-In-1-Convertible Cooling with Heavy Duty Cooling At Ex...,4,"₹26,490","₹38,600",31% off,"8,298 Ratings & 716 Reviews","Annual Power Usage: 1034 UnitsRoom Size: 90 sqft or Below5 Years Warranty on Whole Product (Valid on sales post 1 Sep 2024, warranty can be availed after registering on Brand website within 7 days of purchase) and 10 Years Warranty on Compressor",11
"CARRIER 2026 Model 1.5 Ton 3 Star Split AI Inverter Convertible 6-in-1 with Smart Energy Display, Inst...",4.2,"₹32,490","₹65,500",50% off,"38,222 Ratings & 4,626 Reviews","Annual Power Usage: 854.39 kWhRoom Size: 111 - 150 sqft1 Year Warranty on Product, 5 Years on PCB and 10 Years on the Compressor",11
Voltas 2025 Model 1 Ton 3 Star Split Inverter 4-IN-1 Adjustable Mode | Energy Efficient | High Ambient...,4.1,"₹31,990","₹52,390",38% off,"8,721 Ratings & 907 Reviews","Annual Power Usage: 672.93 UnitsRoom Size: 90 sqft or Below5 years warranty from the date of installation, (Inverter or Fixed Speed SACs) of Tonnage up to 2.2 Tr (Offer valid till 31st May 2026). It is applicable only for residential usage and does not apply to commercial or National Accounts customers, 5 Years warranty on PCB, 10 Years on Inverter Compressor",11
Voltas 2023 Model 1 Ton 3 Star Window Fixed Speed AC,4.2,"₹25,509","₹35,990",29% off,"3,849 Ratings & 319 Reviews",Annual Power Usage: 749.34 UnitsRoom Size: 90 sqft or Below1 Year Comprehensive Warranty on Product and 5 Years Warranty on Compressor,11
Whirlpool 2026 Model 1.5 Ton 3 Star Split Inverter AC,4.1,"₹32,240","₹57,150",43% off,"30,027 Ratings & 3,540 Reviews","Annual Power Usage: 858.22 kWhRoom Size: 111 - 150 sqft1 year warranty on product, 5 years  warranty on compressor",11
Samsung 2025 Model 1.5 Ton 5 Star Split Inverter with Wi-fi AC,4.2,"₹36,490","₹72,990",50% off,"26,515 Ratings & 2,683 Reviews",Annual Power Usage: 751.24 WRoom Size: 111 - 150 sqft5 Years Comprehensive Warranty on AC and 10 Years Warranty on Compressor,11
Voltas 2025 Model 1.5 Ton 3 Star Window Fixed Speed Turbo Cooling | Energy Efficient | High ambient Co...,4.2,"₹26,890","₹39,590",32% off,"12,494 Ratings & 1,225 Reviews","Annual Power Usage: 1185.93 UnitsRoom Size: 111 - 150 sqft5 years warranty from the date of installation, (Inverter or Fixed Speed SACs) of Tonnage up to 2.2 Tr (Offer valid till 31st May 2026). It is applicable only for residential usage and does not apply to commercial or National Accounts customers, 5 Years warranty on PCB, 10 Years on Inverter Compressor",11
Godrej 2025 Model 1.2 Ton 3 Star Split Digital Inverter AC,,"₹27,990","₹41,000",31% off,,Room Size: 91 - 110 sqft,11
IFB 2026 Model 1.5 Ton 5 Star Split Inverter AC,4.2,"₹42,990","₹78,990",45% off,"15,363 Ratings & 1,538 Reviews",Annual Power Usage: 714.38 UnitsRoom Size: 111 - 150 sqft,11
Godrej 2024 Model 1.5 Ton 3 Star Hot and Cold Split Inverter AC,4,"₹34,499","₹55,900",38% off,"22,727 Ratings & 1,770 Reviews","Annual Power Usage: 905.41 UnitsRoom Size: 111 - 150 sqft5 Years Warranty on Whole Product (Valid on sales post 1 Sep 2024, warranty can be availed after registering on Brand website within 7 days of purchase) and 10 Years Warranty on Compressor",11
"Samsung Bespoke AI 2026 Model 1.5 ton 4 Star Split Inverter with Wi-fi Energy Saving, Voice Control, P...",4.1,"₹38,990","₹82,990",53% off,"6,233 Ratings & 578 Reviews",Annual Power Usage: 713.57 kWhRoom Size: 111 - 150 sqft5 year comprehensive warranty on product and 10 years warranty on compressor,11
CARRIER 2026 Model 1.5 Ton 3 Star Split AI Inverter with Wi-fi Convertible 6-in-1 with Geo-Fencing & V...,4.2,"₹33,490","₹65,900",49% off,"38,222 Ratings & 4,626 Reviews","Annual Power Usage: 854.39 kWhRoom Size: 111 - 150 sqft1 Year Warranty on Product, 5 Years on PCB and 10 Years on the Compressor",11
IFB 2026 Model 1 Tons 3 Star Split Inverter AC,4.1,"₹30,990","₹50,990",39% off,"2,519 Ratings & 217 Reviews","Annual Power Usage: 596.65 kWhRoom Size: 90 sqft or Below1 Year Warranty on Product, 5 Year Warranty on PCB, 10 Year Warranty on Inverter Compressor",11
Voltas 2023 Model 2 Ton 2 Star Window Fixed Speed AC,4,"₹33,279","₹47,990",30% off,166 Ratings & 10 Reviews,Annual Power Usage: 1542.79 UnitsRoom Size: 151 - 200 sqft1 Year Warranty on Product and 5 Years Warranty on Compressor,11
LG 2025 Model 1.5 Ton 5 Star Split AI Dual Inverter AI Convertible 6-in-1 Split with Faster Cooling an...,4.2,"₹42,990","₹78,990",45% off,"46,175 Ratings & 4,255 Reviews","Annual Power Usage: 744.75 kWhRoom Size: 111 - 150 sqft1 Year Warranty on Product,5 year on Pcb and 10 Years Warranty on Compressor",11
Midea 2026 Model 1.5 Ton 3 Star Split AI Inverter with Wi-fi Convertible 6-in-1 with Turbo Mode for Fa...,4.3,"₹29,990","₹59,700",49% off,"18,604 Ratings & 2,838 Reviews","Annual Power Usage: 854.39 kWhRoom Size: 111 - 150 sqft5 Year Comprehensive Warranty On Product,10 Year Warranty On Compressor",11
Whirlpool 2025 Model 1.5 Ton 5 Star Split Inverter AC,4.2,"₹36,900","₹76,990",52% off,"21,787 Ratings & 2,439 Reviews",Room Size: 111 - 150 sqft,11
Daikin 2025 Model 1.5 Ton 3 Star Split Fixed Speed Fixed Speed AC,4.2,"₹35,490","₹51,250",30% off,"24,785 Ratings & 1,912 Reviews",Annual Power Usage: 989.31 UnitsRoom Size: 111 - 150 sqft1 Year Warranty on Product and  5 Years Warranty on PCB and 10 Years Warranty on Compressor,11
Godrej 2025 Model 1.5 Ton 5 Star Window Inverter AC,4,"₹36,090","₹60,990",40% off,719 Ratings & 67 Reviews,Annual Power Usage: 1111.64 kWhRoom Size: 111 - 150 sqft1 Year Warranty on Product and 10 Years Warranty on Compressor,12
Midea 2026 Model 1.5 Ton 5 Star Split AI Inverter with Wi-fi Convertible 6-in-1 with Turbo Mode for Fa...,4.3,"₹37,490","₹69,300",45% off,"3,226 Ratings & 502 Reviews","Annual Power Usage: 663.31 kWhRoom Size: 111 - 150 sqft5 Year Comprehensive Warranty On Product,10 Year Warranty On Compressor",12
Voltas 2026 Model 1.5 Ton 3 Star Split Inverter AC,4.2,"₹33,990","₹60,990",44% off,"83,437 Ratings & 7,067 Reviews","Annual Power Usage: 900.94 kWhRoom Size: 111 - 150 sqft1 Year Warranty On Product,10 Years Warranty On Compressor",12
"LG 2025 Model 1.5 Ton 5 Star Split Dual Inverter with Faster Cooling and Energy Saving, AI Convertible...",4.2,"₹42,990","₹78,990",45% off,"46,175 Ratings & 4,255 Reviews",Annual Power Usage: 744.75 kWhRoom Size: 111 - 150 sqft1 Year Manufacturing Warranty on Product,12
Panasonic 2024 Model 1 Ton 3 Star Split Inverter with Wi-fi 7 in 1 Convertible with True AI Mode AC,4.2,"₹33,290","₹48,100",30% off,"5,369 Ratings & 613 Reviews","Annual Power Usage: 676.64 UnitsRoom Size: 90 sqft or Below5 years on Product and 10 years on Compressor. 5 years warranty covers PCB, Coils and Motors. Gas Charging: Covered for part replacement (Coils & Compressor) till 5 years.",12
Blue Star 2025 Model 1.5 Ton 3 Star Split Inverter with Wi-fi AC,4.1,"₹34,490","₹59,200",41% off,"26,862 Ratings & 2,253 Reviews",Annual Power Usage: 1026.46 UnitsRoom Size: 111 - 150 sqft60 months for those customers who purchase Blue Star Split ACs (Inverter or Fixed Speed SACs) of Tonnage up to 2 Tr from 16th February 2026 to 30th June 2026.,12
Godrej 2025 Model 1 Ton 3 Star Split Inverter 5-In-1-Convertible Cooling with Heavy Duty Cooling At Ex...,4,"₹26,490","₹38,600",31% off,"8,298 Ratings & 716 Reviews","Annual Power Usage: 1034 UnitsRoom Size: 90 sqft or Below5 Years Warranty on Whole Product (Valid on sales post 1 Sep 2024, warranty can be availed after registering on Brand website within 7 days of purchase) and 10 Years Warranty on Compressor",12
"CARRIER 2026 Model 1.5 Ton 3 Star Split AI Inverter Convertible 6-in-1 with Smart Energy Display, Inst...",4.2,"₹32,490","₹65,500",50% off,"38,222 Ratings & 4,626 Reviews","Annual Power Usage: 854.39 kWhRoom Size: 111 - 150 sqft1 Year Warranty on Product, 5 Years on PCB and 10 Years on the Compressor",12
Acer 2025 Model 1.5 Ton 3 Star Split Inverter AC,3.7,"₹28,835","₹45,999",37% off,69 Ratings & 8 Reviews,Annual Power Usage: 964.77 UnitsRoom Size: 111 - 150 sqft1 year comprehensive warranty and 10 years warranty on compressor with gas charging,12
Lloyd 2025 Model 1.5 Ton 5 Star Window Inverter AC,4,"₹34,290","₹57,990",40% off,"1,256 Ratings & 156 Reviews",Annual Power Usage: 1103.22 kWhRoom Size: 111 - 150 sqft1 Year warranty on Product,12
Panasonic 2024 Model 1 Ton 5 Star Split Inverter with Wi-fi AC,4.2,"₹39,000","₹54,100",27% off,"4,169 Ratings & 452 Reviews","Annual Power Usage: 524.08 UnitsRoom Size: 90 sqft or Below1 Year Comprehensive warranty on Product,
5 Years warranty on PCB & 
10 Years warranty on Compressor",12
Panasonic 2024 Model 1.5 Ton 3 Star Split Inverter with Wi-fi 7 in 1 Convertible with True AI Mode AC,4.1,"₹36,990","₹55,400",33% off,"24,445 Ratings & 2,408 Reviews","Annual Power Usage: 1002.31 UnitsRoom Size: 111 - 150 sqft5 years on Product and 10 years on Compressor. 5 years warranty covers PCB, Coils and Motors. Gas Charging: Covered for part replacement (Coils & Compressor) till 5 years.",12
Whirlpool 2026 Model 1.5 Ton 3 Star Split Inverter AC,4.1,"₹32,240","₹57,150",43% off,"30,027 Ratings & 3,540 Reviews","Annual Power Usage: 858.22 kWhRoom Size: 111 - 150 sqft1 year warranty on product, 5 years  warranty on compressor",12
Samsung 2025 Model 1.5 Ton 5 Star Split Inverter with Wi-fi AC,4.2,"₹36,490","₹72,990",50% off,"26,515 Ratings & 2,683 Reviews",Annual Power Usage: 751.24 WRoom Size: 111 - 150 sqft5 Years Comprehensive Warranty on AC and 10 Years Warranty on Compressor,12
Voltas 2026 Model 1.5 Ton 3 Star Window Inverter AC,4.2,"₹32,999","₹43,990",24% off,"12,494 Ratings & 1,225 Reviews",Annual Power Usage: 1172.26 kWhRoom Size: 111 - 150 sqft1 year warranty on product,12
Daikin 2026 Model 1.5 Ton 5 Star Split Inverter AC,4.3,"₹52,990","₹68,200",22% off,"17,218 Ratings & 1,537 Reviews",Annual Power Usage: 678.92 kWhRoom Size: 111 - 150 sqft1 Year Warranty on Product and 10 Years Warranty on Compressor and 5 Years Warranty on PCB,12
"Samsung Bespoke AI 2026 Model 1.5 ton 4 Star Split Inverter with Wi-fi Energy Saving, Voice Control, P...",4.1,"₹38,990","₹82,990",53% off,"6,233 Ratings & 578 Reviews",Annual Power Usage: 713.57 kWhRoom Size: 111 - 150 sqft5 year comprehensive warranty on product and 10 years warranty on compressor,12
CARRIER 2026 Model 1.5 Ton 3 Star Split AI Inverter with Wi-fi Convertible 6-in-1 with Geo-Fencing & V...,4.2,"₹33,490","₹65,900",49% off,"38,222 Ratings & 4,626 Reviews","Annual Power Usage: 854.39 kWhRoom Size: 111 - 150 sqft1 Year Warranty on Product, 5 Years on PCB and 10 Years on the Compressor",12
"Sharp 2025 Model 1 Ton 3 Star Split Inverter 5 in 1 Convertible7 Stage Health Filters, Turbo Cool Tech...",4.1,"₹22,490","₹49,990",55% off,19 Ratings & 1 Reviews,"Annual Power Usage: 657.31 kWhRoom Size: 90 sqft or Below1 Year Comprehensive Warranty, 5 years on PCB, 10 Years on Compressor",12
Godrej 2025 Model 1.5 Ton 3 Star Split Inverter AC,4,"₹32,300","₹45,050",28% off,"22,727 Ratings & 1,770 Reviews","Annual Power Usage: 1003.51 kWhRoom Size: 111 - 150 sqft1 year warranty on product, some variants: 5 year PCB, 10 year compressor",12
Lloyd 2025 Model 1.5 Ton 5 Star Window Inverter with Wi-fi AC,4,"₹37,590","₹59,490",36% off,"1,256 Ratings & 156 Reviews","Annual Power Usage: 1071.29 WRoom Size: 111 - 150 sqft1 Year Warranty on Product, 5 Year Warranty on Component & 10 Year Warranty on Compressor.",12
Acer 2025 Model 1.5 Ton 5 Star Split Inverter AC,5,"₹31,652","₹54,499",41% off,1 Ratings & 1 Reviews,Annual Power Usage: 769.64 UnitsRoom Size: 111 - 150 sqft1 year comprehensive warranty and 10 years warranty on compressor with gas charging,12
LG 2025 Model 1.5 Ton 5 Star Split AI Dual Inverter AI Convertible 6-in-1 Split with Faster Cooling an...,4.2,"₹42,990","₹78,990",45% off,"46,175 Ratings & 4,255 Reviews","Annual Power Usage: 744.75 kWhRoom Size: 111 - 150 sqft1 Year Warranty on Product,5 year on Pcb and 10 Years Warranty on Compressor",12
Midea 2026 Model 1.5 Ton 3 Star Split AI Inverter with Wi-fi Convertible 6-in-1 with Turbo Mode for Fa...,4.3,"₹29,990","₹59,700",49% off,"18,604 Ratings & 2,838 Reviews","Annual Power Usage: 854.39 kWhRoom Size: 111 - 150 sqft5 Year Comprehensive Warranty On Product,10 Year Warranty On Compressor",12
"Panasonic 2026 Model 1 Ton 3 Star Split Inverter with Wi-fi Smart, DustBuster Tech, Matter Enabled, AI...",4.2,"₹32,990","₹47,500",30% off,"5,369 Ratings & 613 Reviews","Annual Power Usage: 593.89 kWhRoom Size: 90 sqft or Below1 Year Comprehensive warranty on Product,
5 Years warranty on PCB & 
10 Years warranty on Compressor",13
Voltas 2022 Model 1.5 Ton 3 Star Window Fixed Speed AC,4.2,"₹31,999","₹41,900",23% off,"12,494 Ratings & 1,225 Reviews",Annual Power Usage: 1185.93 UnitsRoom Size: 111 - 150 sqft1 Year Comprehensive Warranty on Product and Additional 4 Years Warranty on Compressor,13
Voltas 2026 Model 1.5 Ton 3 Star Split Inverter AC,4.2,"₹33,990","₹60,990",44% off,"83,437 Ratings & 7,067 Reviews","Annual Power Usage: 900.94 kWhRoom Size: 111 - 150 sqft1 Year Warranty On Product,10 Years Warranty On Compressor",13
"LG 2025 Model 1.5 Ton 5 Star Split Dual Inverter with Faster Cooling and Energy Saving, AI Convertible...",4.2,"₹42,990","₹78,990",45% off,"46,175 Ratings & 4,255 Reviews",Annual Power Usage: 744.75 kWhRoom Size: 111 - 150 sqft1 Year Manufacturing Warranty on Product,13
Whirlpool 2024 Model 1.5 Ton 3 Star Split Inverter AC,4.1,"₹29,290","₹37,200",21% off,"30,027 Ratings & 3,540 Reviews",Annual Power Usage: 941.42 UnitsRoom Size: 111 - 150 sqft,13
Lloyd 2025 Model 1.5 Ton 3 Star Split Inverter AC,4.1,"₹35,258","₹55,900",36% off,"20,599 Ratings & 2,180 Reviews","Annual Power Usage: 990.77 kWhRoom Size: 111 - 150 sqft1 Year Comprehensive Warranty on Product, 5 Year Warranty on Component and 10 Years Warranty on Compressor",13
Hitachi 2026 Model 1 Ton 3 Star Split Inverter AC,3.9,"₹31,990","₹54,990",41% off,"2,394 Ratings & 305 Reviews","Annual Power Usage: 632.61 kWhRoom Size: 90 sqft or Below1 Year Warranty On Product, 5 Year Warranty on PCB & 10 Year Warranty on Compressor.",13
Haier 2026 Model 2 Ton 3 Star Tower HEXA Inverter with Wi-fi AC,,"₹99,990","₹1,81,900",45% off,,Annual Power Usage: 1139.2 kWhRoom Size: 151 - 200 sqft5 years comprehensive warranty on the product and 12 years on the compressor (1-year warranty card in the box + 4-year promotional warranty activated post-installation). Installation by authorized centers & 2 maintenance services (paid) yearly is mandatory. T&C apply; excludes gas/plastic parts/Labour Charges,13
Godrej 2025 Model 1 Ton 3 Star Split Inverter 5-In-1-Convertible Cooling with Heavy Duty Cooling At Ex...,4,"₹26,490","₹38,600",31% off,"8,298 Ratings & 716 Reviews","Annual Power Usage: 1034 UnitsRoom Size: 90 sqft or Below5 Years Warranty on Whole Product (Valid on sales post 1 Sep 2024, warranty can be availed after registering on Brand website within 7 days of purchase) and 10 Years Warranty on Compressor",13
"CARRIER 2026 Model 1.5 Ton 3 Star Split AI Inverter Convertible 6-in-1 with Smart Energy Display, Inst...",4.2,"₹32,490","₹65,500",50% off,"38,222 Ratings & 4,626 Reviews","Annual Power Usage: 854.39 kWhRoom Size: 111 - 150 sqft1 Year Warranty on Product, 5 Years on PCB and 10 Years on the Compressor",13
Haier 2026 Model 2.2 Ton 3 Star Split HEXA Inverter with Wi-fi AC,,"₹51,000","₹91,300",44% off,,,13
Lloyd 2025 Model 1.5 Ton 5 Star Split Inverter AC,4.1,"₹30,490","₹60,990",50% off,"11,881 Ratings & 1,355 Reviews","Annual Power Usage: 715.07 UnitsRoom Size: 111 - 150 sqft1 Year Warranty on Product, 5 Year Warranty on Component & 10 Year Warranty on Compressor.",13
Whirlpool 2026 Model 1.5 Ton 3 Star Split Inverter AC,4.1,"₹32,240","₹57,150",43% off,"30,027 Ratings & 3,540 Reviews","Annual Power Usage: 858.22 kWhRoom Size: 111 - 150 sqft1 year warranty on product, 5 years  warranty on compressor",13
Samsung 2025 Model 1.5 Ton 5 Star Split Inverter with Wi-fi AC,4.2,"₹36,490","₹72,990",50% off,"26,515 Ratings & 2,683 Reviews",Annual Power Usage: 751.24 WRoom Size: 111 - 150 sqft5 Years Comprehensive Warranty on AC and 10 Years Warranty on Compressor,13
"TCL 2026 Model 1 Ton 5 Star Split Inverter 7 Step Convertible with Powerful and Fast cooling, 4 Ways S...",,"₹34,990","₹65,991",46% off,,"Annual Power Usage: 459.03 kWhRoom Size: 90 sqft or Below1 year warranty on product,5 Years on PCB and 10 Years on the Compressor",13
Sharp 2025 Model 1.5 Ton 3 Star Split Inverter 7 in 1 Convertible7 Stage Health Filters AC,4,"₹26,490","₹54,990",51% off,38 Ratings & 4 Reviews,Annual Power Usage: 993.57 kWhRoom Size: 111 - 150 sqft1 Year Basic Warranty,13
IFB 2026 Model 1.5 Ton 5 Star Split Inverter AC,4.2,"₹47,990","₹78,990",39% off,"15,363 Ratings & 1,538 Reviews",Annual Power Usage: 714.3 UnitsRoom Size: 111 - 150 sqft5 Year Machine Warranty,13
Voltas 2026 Model 1.5 Ton 3 Star Split Inverter AC,4.2,"₹36,999","₹54,990",32% off,"83,437 Ratings & 7,067 Reviews",Annual Power Usage: 918.84 kWhRoom Size: 111 - 150 sqft,13
"Samsung Bespoke AI 2026 Model 1.5 ton 4 Star Split Inverter with Wi-fi Energy Saving, Voice Control, P...",4.1,"₹38,990","₹82,990",53% off,"6,233 Ratings & 578 Reviews",Annual Power Usage: 713.57 kWhRoom Size: 111 - 150 sqft5 year comprehensive warranty on product and 10 years warranty on compressor,13
CARRIER 2026 Model 1.5 Ton 3 Star Split AI Inverter with Wi-fi Convertible 6-in-1 with Geo-Fencing & V...,4.2,"₹33,490","₹65,900",49% off,"38,222 Ratings & 4,626 Reviews","Annual Power Usage: 854.39 kWhRoom Size: 111 - 150 sqft1 Year Warranty on Product, 5 Years on PCB and 10 Years on the Compressor",13
"TCL 2025 Model 1.5 Ton 3 Star Split Inverter 5 Step Convetible with Powerful Turbo cooling, Energy sav...",4,"₹24,490","₹52,991",53% off,"1,461 Ratings & 168 Reviews","Annual Power Usage: 993.57 UnitsRoom Size: 111 - 150 sqft1Year Comprehensive, PCB 5 Year and Compressor 10Year",13
Voltas 2026 Model 1 Ton 2 Star Window Inverter AC,3.7,"₹28,499","₹32,999",13% off,79 Ratings & 11 Reviews,Annual Power Usage: 774.11 UnitsRoom Size: 90 sqft or Below1 Year Comprehensive Warranty,13
LG 2025 Model 1.5 Ton 5 Star Split AI Dual Inverter AI Convertible 6-in-1 Split with Faster Cooling an...,4.2,"₹42,990","₹78,990",45% off,"46,175 Ratings & 4,255 Reviews","Annual Power Usage: 744.75 kWhRoom Size: 111 - 150 sqft1 Year Warranty on Product,5 year on Pcb and 10 Years Warranty on Compressor",13
Midea 2026 Model 1.5 Ton 3 Star Split AI Inverter with Wi-fi Convertible 6-in-1 with Turbo Mode for Fa...,4.3,"₹29,990","₹59,700",49% off,"18,604 Ratings & 2,838 Reviews","Annual Power Usage: 854.39 kWhRoom Size: 111 - 150 sqft5 Year Comprehensive Warranty On Product,10 Year Warranty On Compressor",13
Lloyd 2025 Model 1.5 Ton 3 Star Split Inverter AC,4.1,"₹35,258","₹55,900",36% off,"20,599 Ratings & 2,180 Reviews","Annual Power Usage: 990.77 kWhRoom Size: 111 - 150 sqft1 Year Comprehensive Warranty on Product, 5 Year Warranty on Component and 10 Years Warranty on Compressor",14
Whirlpool 2024 Model 1.5 Ton 3 Star Split Inverter AC,4.1,"₹29,290","₹37,200",21% off,"30,027 Ratings & 3,540 Reviews",Annual Power Usage: 941.42 UnitsRoom Size: 111 - 150 sqft,14
LG 2021 Model 1.5 Ton 5 Star Split Inverter AC,4.2,"₹34,419","₹66,990",48% off,"46,175 Ratings & 4,255 Reviews","Annual Power Usage: 520 UnitsRoom Size: 111 - 150 sqft1 Year on Product, 1 Year on Condenser and 10 Years on Compressor from LG",14
Daikin 2024 Model 1.5 Ton 3 Star Split Inverter AC,4.2,"₹42,282","₹56,100",24% off,"24,785 Ratings & 1,912 Reviews","Annual Power Usage: 966.47 kWhRoom Size: 111 - 150 sqft1 Year Comprehensive Warranty on AC ,5 Years Warranty on PCB, 10 Years Warranty on Compressor",14
MarQ by Flipkart 2023 Model 0.7 Ton 3 Star Split Inverter with Turbo Cool Technology AC,4.2,"₹25,999","₹44,449",41% off,"1,440 Ratings & 174 Reviews",Annual Power Usage: 530.44 UnitsRoom Size: 90 sqft or Below1 Year Warranty on Product and 10 Years Warranty on Compressor,14
Hitachi 2026 Model 1.5 Ton 3 Star Split Inverter AC,4,"₹37,990","₹62,990",39% off,"10,460 Ratings & 1,257 Reviews","Annual Power Usage: 864.39 kWhRoom Size: 111 - 150 sqft1 Year Warranty On Product, 5 Year Warranty on PCB & 10 Year Warranty on Compressor.",14
Godrej 2023 Model 2 Ton 3 Star Split Inverter With Heavy Duty Cooling at Extreme Temperature AC,3.9,"₹39,999","₹60,772",34% off,"2,151 Ratings & 134 Reviews","Annual Power Usage: 1183.2 UnitsRoom Size: 151 - 200 sqft5 Years Warranty on Whole Product (Valid on sales post 1 Sep 2024, warranty can be availed after registering on Brand website within 7 days of purchase) and 10 Years Warranty on Compressor",14
"TCL 2026 Model 1.5 Ton 5 Star Split Inverter 7 Step Convertible with Powerful and Fast cooling, 4 Ways...",3.6,"₹33,990","₹71,991",52% off,247 Ratings & 44 Reviews,"Annual Power Usage: 688.04 kWhRoom Size: 111 - 150 sqft1 year warranty on product,5 Years on PCB and 10 Years on the Compressor",14
Godrej 2024 Model 1.5 Ton 5 Star Split Inverter 5-In-1 Convertible with Heavy Duty Cooling at Extreme ...,4,"₹36,000","₹56,500",36% off,"12,566 Ratings & 1,206 Reviews","Annual Power Usage: 728.37 UnitsRoom Size: 111 - 150 sqft5 Years Warranty on Whole Product (Valid on sales post 1 Sep 2024, warranty can be availed after registering on Brand website within 30 days of purchase) and 10 Years Warranty on Compressor",14
Lloyd 2024 Model 1 Ton 3 Star Split Inverter AC,4,"₹29,448","₹50,329",41% off,"5,114 Ratings & 551 Reviews","Annual Power Usage: 700.06 UnitsRoom Size: 90 sqft or Below1 Year Warranty on Product, 5 Year Warranty on Component & 10 Year Warranty on Compressor.",14
Whirlpool 2025 Model 1.5 Ton 3 Star Split Inverter AC,4.1,"₹29,990","₹57,155",47% off,"30,027 Ratings & 3,540 Reviews","Annual Power Usage: 941.42 kWhRoom Size: 111 - 150 sqft1 Year Warranty On Product, 5 Year Warranty On Compressor",14
Blue Star 2025 Model 1.5 Ton 5 Star Split Inverter with Wi-fi AC,4.1,"₹40,990","₹69,100",40% off,"15,220 Ratings & 1,237 Reviews",Annual Power Usage: 783.33 kWhRoom Size: 111 - 150 sqft60 months for those customers who purchase Blue Star Split ACs (Inverter or Fixed Speed SACs) of Tonnage up to 2 Tr from 16th February 2026 to 30th June 2026.,14
Voltas 2026 Model 1.5 Ton 5 Star Window Inverter AC,4.3,"₹36,990","₹49,000",24% off,"8,589 Ratings & 892 Reviews",Room Size: 111 - 150 sqft,14
"LG 2025 Model 2 Ton 3 Star Split AI Dual Inverter AI Convertible 6-in-1, with Faster Cooling and Energ...",4.1,"₹47,990","₹95,990",50% off,"1,559 Ratings & 116 Reviews","Annual Power Usage: 1218.49 WRoom Size: 151 - 200 sqft1 Year Comprehensive Warranty on Product, 5 Year on PCB and Motor & 10 Year on Compressor (Free Gas charging during comprehensive warranty period only)",14
LG 2025 Model 1 Ton 5 Star Split AI Dual Inverter AI Convertible 6-in-1 Split with Faster Cooling and ...,4.1,"₹36,990","₹69,990",47% off,"7,602 Ratings & 794 Reviews","Annual Power Usage: 515.84 kWhRoom Size: 90 sqft or Below1 Year Warranty on Product,5 year on Pcb and 10 Years Warranty on Compressor",14
Lloyd 2022 Model 1 Ton 5 Star Split Inverter AC,4,"₹31,490","₹58,990",46% off,"1,286 Ratings & 110 Reviews",Annual Power Usage: 533.89 UnitsRoom Size: 90 sqft or Below1 Year Comprehensive Warranty on Product and 10 Years Warranty on Compressor,14
Voltas 2022 Model 1.5 Ton 3 Star Window Inverter AC,4.2,"₹28,599","₹45,999",37% off,"12,494 Ratings & 1,225 Reviews",Annual Power Usage: 1204.98 UnitsRoom Size: 111 - 150 sqft1 Year Warranty on Product and 10 Years Warranty on Compressor,14
Voltas 2022 Model 1.5 Ton 2 Star Split Fixed Speed AC,4.2,"₹35,899","₹42,990",16% off,823 Ratings & 107 Reviews,Annual Power Usage: 1122.45 UnitsRoom Size: 111 - 150 sqft1 Year Comprehensive Warranty On Product,14
Godrej 2023 Model 1.5 Ton 5 Star Split Inverter AC,4,"₹34,009","₹60,500",43% off,"12,566 Ratings & 1,206 Reviews",Annual Power Usage: 765.86 UnitsRoom Size: 111 - 150 sqft1 Year Warranty on Product and 10 Years Warranty on Compressor,14
"Godrej 2025 Model 1.5 Ton 3 Star Split Inverter AI Powered, 5-In-1 Convertible, Heavy Duty Cooling At ...",4,"₹29,490","₹45,900",35% off,"22,727 Ratings & 1,770 Reviews","Annual Power Usage: 983.99 kWhRoom Size: 111 - 150 sqft5 Years Warranty on Whole Product (Valid on sales post 1 Sep 2024, warranty can be availed after registering on Brand website within 7 days of purchase) and 10 Years Warranty on Compressor",14
Haier 2024 Model 1 Ton 3 Star Split Triple Inverter AC,3.8,"₹32,500","₹58,500",44% off,"3,318 Ratings & 266 Reviews",Annual Power Usage: 697.66 UnitsRoom Size: 90 sqft or Below1 Year Warranty on Product and 10 Years Warranty on Compressor,14
"LG 2026 Model 1 tons 4 Star Split Dual Inverter Faster Cooling and Energy Saving, AI Convertible 6-in-...",3.8,"₹37,690","₹68,990",45% off,206 Ratings & 30 Reviews,"Annual Power Usage: 515.84 kWhRoom Size: 90 sqft or BelowManufacturer Warranty: 1 Year Comprehensive on Product, 5 Year on PCB and Motor & 10 Year on Compressor (*Free Gas charging during comprehensive period only .",14
Godrej 2024 Model 1.5 Ton 3 Star Split Inverter AC,4,"₹28,855","₹47,900",39% off,"22,727 Ratings & 1,770 Reviews","Annual Power Usage: 1003.51 UnitsRoom Size: 111 - 150 sqft1 Year Warranty on the Product, 5 Years Warranty on PCB and 10 Years Warranty on Compressor",14
Whirlpool 2019 Model 1 Ton 5 Star Split Inverter AC,4.1,"₹31,990","₹51,750",38% off,"6,185 Ratings & 748 Reviews","Annual Power Usage: 560.34 UnitsRoom Size: 90 sqft or Below1 Year on Product, 1 Year on Condenser and 10 Years on Compressor",14
Voltas 2026 Model 1.5 Ton 3 Star Split Inverter AC,4.2,"₹33,990","₹60,990",44% off,"83,437 Ratings & 7,067 Reviews","Annual Power Usage: 900.94 kWhRoom Size: 111 - 150 sqft1 Year Warranty On Product,10 Years Warranty On Compressor",15
"LG 2025 Model 1.5 Ton 5 Star Split Dual Inverter with Faster Cooling and Energy Saving, AI Convertible...",4.2,"₹42,990","₹78,990",45% off,"46,175 Ratings & 4,255 Reviews",Annual Power Usage: 744.75 kWhRoom Size: 111 - 150 sqft1 Year Manufacturing Warranty on Product,15
Blue Star 2025 Model 1.5 Ton 5 Star Split Inverter with Wi-fi AC,4.1,"₹40,990","₹69,100",40% off,"15,220 Ratings & 1,237 Reviews",Annual Power Usage: 783.33 kWhRoom Size: 111 - 150 sqft60 months for those customers who purchase Blue Star Split ACs (Inverter or Fixed Speed SACs) of Tonnage up to 2 Tr from 16th February 2026 to 30th June 2026.,15
Haier Kinouchi Pro 2025 Model 1.5 Ton 5 Star Split Inverter with Wi-fi AC,4,"₹40,990","₹78,200",47% off,"3,274 Ratings & 351 Reviews",Annual Power Usage: 836.95 kWhRoom Size: 111 - 150 sqft5 years on the product and 12 years on the compressor (1-year warranty card in the box + 4-year promotional warranty auto activated post-installation).,15
Godrej 2025 Model 1 Ton 3 Star Split Inverter 5-In-1-Convertible Cooling with Heavy Duty Cooling At Ex...,4,"₹26,490","₹38,600",31% off,"8,298 Ratings & 716 Reviews","Annual Power Usage: 1034 UnitsRoom Size: 90 sqft or Below5 Years Warranty on Whole Product (Valid on sales post 1 Sep 2024, warranty can be availed after registering on Brand website within 7 days of purchase) and 10 Years Warranty on Compressor",15
"CARRIER 2026 Model 1.5 Ton 3 Star Split AI Inverter Convertible 6-in-1 with Smart Energy Display, Inst...",4.2,"₹32,490","₹65,500",50% off,"38,222 Ratings & 4,626 Reviews","Annual Power Usage: 854.39 kWhRoom Size: 111 - 150 sqft1 Year Warranty on Product, 5 Years on PCB and 10 Years on the Compressor",15
MITSUBISHI HEAVY INDUSTRIES 2025 Model 2.1 Ton 4 Star Split Hyper Inverter with Wi-fi Hyper Inverter A...,,"₹85,990","₹97,900",12% off,,"Annual Power Usage: 1235.4 kWh1 Year Warranty on Product ,1 year warranty on PCB and 5 Years Warranty on Compressor",15
"Godrej 2026 Model 1.5 Ton 4 Star Split Inverter 5-In-1 Convertible Cooling, 2 Way Air Swing and Heavy ...",3.9,"₹34,990","₹50,600",30% off,"11,102 Ratings & 811 Reviews",Annual Power Usage: 728.31 kWhRoom Size: 111 - 150 sqft5 year warranty on whole product and 10 years warranty on compressor (Applicable on purchase after Sept 2024 and warranty can be availed after registering on brand website within 30 days of purchase),15
MarQ by Flipkart 2023 Model 0.7 Ton 3 Star Split Inverter with Turbo Cool Technology AC,4.2,"₹25,999","₹44,449",41% off,"1,440 Ratings & 174 Reviews",Annual Power Usage: 530.44 UnitsRoom Size: 90 sqft or Below1 Year Warranty on Product and 10 Years Warranty on Compressor,15
Godrej 2026 Model 1.5 Ton 5 Star Split Inverter AC,4,"₹37,549","₹54,690",31% off,"12,566 Ratings & 1,206 Reviews",Annual Power Usage: 657.81 UnitsRoom Size: 111 - 150 sqft,15
Whirlpool 2026 Model 1.5 Ton 3 Star Split Inverter AC,4.1,"₹32,240","₹57,150",43% off,"30,027 Ratings & 3,540 Reviews","Annual Power Usage: 858.22 kWhRoom Size: 111 - 150 sqft1 year warranty on product, 5 years  warranty on compressor",15
Samsung 2025 Model 1.5 Ton 5 Star Split Inverter with Wi-fi AC,4.2,"₹36,490","₹72,990",50% off,"26,515 Ratings & 2,683 Reviews",Annual Power Usage: 751.24 WRoom Size: 111 - 150 sqft5 Years Comprehensive Warranty on AC and 10 Years Warranty on Compressor,15
Voltas 2025 Model 2 Ton 3 Star Split Inverter 4-IN-1 Adjustable Mode | Energy Efficient | High Ambient...,4.1,"₹49,490","₹79,990",38% off,"1,788 Ratings & 157 Reviews","Annual Power Usage: 1207.93 UnitsRoom Size: 151 - 200 sqft5 years warranty from the date of installation, (Inverter or Fixed Speed SACs) of Tonnage up to 2.2 Tr (Offer valid till 31st May 2026). It is applicable only for residential usage and does not apply to commercial or National Accounts customers, 5 Years warranty on PCB, 10 Years on Inverter Compressor",15
Whirlpool 2026 Model 1.5 Ton 3 Star Split Inverter AC,4.1,"₹29,199","₹57,660",49% off,"30,027 Ratings & 3,540 Reviews","Annual Power Usage: 858.22 kWhRoom Size: 111 - 150 sqft1 Year Comprehensive Warranty, 10 Years Compressor Warranty, 5 Years PCB Warranty",15
"Samsung Bespoke AI 2026 Model 1.5 ton 4 Star Split Inverter with Wi-fi Energy Saving, Voice Control, P...",4.1,"₹38,990","₹82,990",53% off,"6,233 Ratings & 578 Reviews",Annual Power Usage: 713.57 kWhRoom Size: 111 - 150 sqft5 year comprehensive warranty on product and 10 years warranty on compressor,15
CARRIER 2026 Model 1.5 Ton 3 Star Split AI Inverter with Wi-fi Convertible 6-in-1 with Geo-Fencing & V...,4.2,"₹33,490","₹65,900",49% off,"38,222 Ratings & 4,626 Reviews","Annual Power Usage: 854.39 kWhRoom Size: 111 - 150 sqft1 Year Warranty on Product, 5 Years on PCB and 10 Years on the Compressor",15
"LG 2025 Model 1.5 Ton 5 Star Split Dual Inverter with Wi-fi with Energy Manger Plus, Voice Control, Hi...",4.2,"₹43,990","₹84,990",48% off,"46,175 Ratings & 4,255 Reviews",Annual Power Usage: 744.75 kWhRoom Size: 111 - 150 sqft1 Year Manufacturing Warranty on Product,15
Godrej 2024 Model 1.5 Ton 5 Star Split Inverter AC,4,"₹34,990","₹50,600",30% off,"12,566 Ratings & 1,206 Reviews","Annual Power Usage: 736.11 UnitsRoom Size: 111 - 150 sqft1 Year Warranty on Product, 5 Years Warranty on PCB and 10 Years Warranty on Compressor",15
Hisense 2025 Model 1 Ton 3 Star Split Inverter AC,4.1,"₹25,990","₹39,630",34% off,483 Ratings & 89 Reviews,"Annual Power Usage: 675.7 kWhRoom Size: 90 sqft or Below5 Year* Comprehensive warranty on product, 5 year on PCB, 10 Year on Compressor",15
Daikin 2024 Model 1.5 Ton 3 Star Split Inverter AC,4.2,"₹36,900","₹53,640",31% off,"24,785 Ratings & 1,912 Reviews","Annual Power Usage: 966.47 UnitsRoom Size: 111 - 150 sqft1 Year Comprehensive Warranty on Product, 5 Years Warranty on PCB, and 10 Years Warranty on Compressor",15
LG 2025 Model 1.5 Ton 5 Star Split AI Dual Inverter AI Convertible 6-in-1 Split with Faster Cooling an...,4.2,"₹42,990","₹78,990",45% off,"46,175 Ratings & 4,255 Reviews","Annual Power Usage: 744.75 kWhRoom Size: 111 - 150 sqft1 Year Warranty on Product,5 year on Pcb and 10 Years Warranty on Compressor",15
Midea 2026 Model 1.5 Ton 3 Star Split AI Inverter with Wi-fi Convertible 6-in-1 with Turbo Mode for Fa...,4.3,"₹29,990","₹59,700",49% off,"18,604 Ratings & 2,838 Reviews","Annual Power Usage: 854.39 kWhRoom Size: 111 - 150 sqft5 Year Comprehensive Warranty On Product,10 Year Warranty On Compressor",15
MITSUBISHI HEAVY INDUSTRIES 2026 Model 1 Ton 3 Star Split Hyper Inverter AC,,"₹46,490","₹47,000",1% off,,"Annual Power Usage: 593.66 kWhRoom Size: 90 sqft or Below1 Year Warranty on Product ,1 year warranty on PCB and 5 Years Warranty on Compressor",15
Blue Star 2024 Model 1.5 Ton 5 Star Split Inverter AC,4.1,"₹45,763","₹74,250",38% off,"15,220 Ratings & 1,237 Reviews","Annual Power Usage: 774.88 UnitsRoom Size: 111 - 150 sqft1 Year Warranty on Product, 10 Years Warranty on Inverter Compressor and 5 Years Warranty on PCB",15
Voltas 2026 Model 1.5 Ton 3 Star Split Inverter AC,4.2,"₹33,990","₹60,990",44% off,"83,437 Ratings & 7,067 Reviews","Annual Power Usage: 900.94 kWhRoom Size: 111 - 150 sqft1 Year Warranty On Product,10 Years Warranty On Compressor",16
"LG 2025 Model 1.5 Ton 5 Star Split Dual Inverter with Faster Cooling and Energy Saving, AI Convertible...",4.2,"₹42,990","₹78,990",45% off,"46,175 Ratings & 4,255 Reviews",Annual Power Usage: 744.75 kWhRoom Size: 111 - 150 sqft1 Year Manufacturing Warranty on Product,16
Kenstar 2026 Model 1.5 Ton 5 Star Split Inverter 5-in-1 Convertible with Rapid Cool Technology AC,3.4,"₹32,999","₹59,999",45% off,5 Ratings & 0 Reviews,"Annual Power Usage: 656.35 kWhRoom Size: 111 - 150 sqft1 Year warranty  on Product,5 years on PCB and 10 Years Warranty on Compressor",16
Whirlpool 2019 Model 1 Ton 5 Star Split Inverter AC,4.1,"₹31,990","₹51,750",38% off,"6,185 Ratings & 748 Reviews","Annual Power Usage: 560.34 UnitsRoom Size: 90 sqft or Below1 Year on Product, 1 Year on Condenser and 10 Years on Compressor",16
Godrej 2025 Model 1.5 Ton 3 Star Window Fixed Speed AC,4,"₹28,639","₹43,534",34% off,"2,193 Ratings & 161 Reviews",Annual Power Usage: 1203.74 UnitsRoom Size: 111 - 150 sqft1 Year Comprehensive Warranty on Product and 5 Years Warranty on Compressor,16
Sansui 2023 Model 1.5 Ton Split Inverter AC,2.3,"₹32,450","₹57,500",43% off,3 Ratings & 0 Reviews,Room Size: 111 - 150 sqft,16
Godrej 2025 Model 1 Ton 3 Star Split Inverter 5-In-1-Convertible Cooling with Heavy Duty Cooling At Ex...,4,"₹26,490","₹38,600",31% off,"8,298 Ratings & 716 Reviews","Annual Power Usage: 1034 UnitsRoom Size: 90 sqft or Below5 Years Warranty on Whole Product (Valid on sales post 1 Sep 2024, warranty can be availed after registering on Brand website within 7 days of purchase) and 10 Years Warranty on Compressor",16
"CARRIER 2026 Model 1.5 Ton 3 Star Split AI Inverter Convertible 6-in-1 with Smart Energy Display, Inst...",4.2,"₹32,490","₹65,500",50% off,"38,222 Ratings & 4,626 Reviews","Annual Power Usage: 854.39 kWhRoom Size: 111 - 150 sqft1 Year Warranty on Product, 5 Years on PCB and 10 Years on the Compressor",16
Godrej 2025 Model 1.5 Ton 5 Star Split Inverter AC,4,"₹35,988","₹54,900",34% off,"12,566 Ratings & 1,206 Reviews","Annual Power Usage: 736.46 kWhRoom Size: 111 - 150 sqft1 year warranty on product, 5 year PCB, 10 year compressor",16
Voltas 2023 Model 1.5 Ton 5 Star Split Inverter AC,4.2,"₹38,890","₹75,990",48% off,"41,002 Ratings & 3,819 Reviews",Annual Power Usage: 759.07 UnitsRoom Size: 111 - 150 sqft1 Year Warranty on Product and 10 Years Warranty on Compressor,16
Whirlpool 2026 Model 1.5 Ton 3 Star Split Inverter AC,4.1,"₹32,240","₹57,150",43% off,"30,027 Ratings & 3,540 Reviews","Annual Power Usage: 858.22 kWhRoom Size: 111 - 150 sqft1 year warranty on product, 5 years  warranty on compressor",16
Samsung 2025 Model 1.5 Ton 5 Star Split Inverter with Wi-fi AC,4.2,"₹36,490","₹72,990",50% off,"26,515 Ratings & 2,683 Reviews",Annual Power Usage: 751.24 WRoom Size: 111 - 150 sqft5 Years Comprehensive Warranty on AC and 10 Years Warranty on Compressor,16
"LG 2023 Model 1.5 Ton 4 Star Split Inverter 4 Way Swing, HD Filter with Anti-Virus Protection AC",4.1,"₹78,799","₹81,999",3% off,"2,038 Ratings & 222 Reviews","Annual Power Usage: 837.55 UnitsRoom Size: 111 - 150 sqft1 Year Warranty on Product, 5 Years Warranty on PCB and 10 Years Warranty on Compressor with Gas Charging (T&C)",16
Blue Star 2022 Model 1.5 Ton 3 Star Split Inverter AC,4.1,"₹37,500","₹61,500",39% off,"26,862 Ratings & 2,253 Reviews",Annual Power Usage: 998.07 UnitsRoom Size: 111 - 150 sqft1 Year on Product and 10 Years on Compressor,16
"Blue Star 2023 Model 1.5 Ton 3 Star Split Inverter with Wi-fi WiFi Inverter AC Multi Sensors, Stabaliz...",4.1,"₹38,500","₹60,500",36% off,"26,862 Ratings & 2,253 Reviews",Annual Power Usage: 998.07 UnitsRoom Size: 111 - 150 sqft1 Year on Product and 10 Years Warranty on Compressor,16
Midea 2026 Model 1 Ton 5 Star Split AI Inverter with Wi-fi Convertible 6-in-1 with Turbo Mode for Fast...,4.2,"₹32,990","₹59,700",44% off,248 Ratings & 41 Reviews,"Annual Power Usage: 470.04 kWhRoom Size: 90 sqft or Below5 Year Comprehensive Warranty On Product,10 Year Warranty On Compressor",16
"Samsung Bespoke AI 2026 Model 1.5 ton 4 Star Split Inverter with Wi-fi Energy Saving, Voice Control, P...",4.1,"₹38,990","₹82,990",53% off,"6,233 Ratings & 578 Reviews",Annual Power Usage: 713.57 kWhRoom Size: 111 - 150 sqft5 year comprehensive warranty on product and 10 years warranty on compressor,16
CARRIER 2026 Model 1.5 Ton 3 Star Split AI Inverter with Wi-fi Convertible 6-in-1 with Geo-Fencing & V...,4.2,"₹33,490","₹65,900",49% off,"38,222 Ratings & 4,626 Reviews","Annual Power Usage: 854.39 kWhRoom Size: 111 - 150 sqft1 Year Warranty on Product, 5 Years on PCB and 10 Years on the Compressor",16
Voltas 2022 Model 1 Ton 5 Star Split Inverter AC,4.1,"₹50,818","₹63,990",20% off,"2,331 Ratings & 256 Reviews",Annual Power Usage: 542.35 UnitsRoom Size: 90 sqft or Below1 Year Warranty on Product and 10 Years Warranty on Compressor,16
Daikin 2022 Model 1.8 Ton 1 Star Split Fixed Speed AC,4.2,"₹56,340","₹61,600",8% off,38 Ratings & 1 Reviews,Annual Power Usage: 1435.97 UnitsRoom Size: 151 - 200 sqft1 Year Warranty on Product and 5 Years on Compressor,16
LG 2025 Model 1.5 Ton 5 Star Split AI Dual Inverter AI Convertible 6-in-1 Split with Faster Cooling an...,4.2,"₹42,990","₹78,990",45% off,"46,175 Ratings & 4,255 Reviews","Annual Power Usage: 744.75 kWhRoom Size: 111 - 150 sqft1 Year Warranty on Product,5 year on Pcb and 10 Years Warranty on Compressor",16
Midea 2026 Model 1.5 Ton 3 Star Split AI Inverter with Wi-fi Convertible 6-in-1 with Turbo Mode for Fa...,4.3,"₹29,990","₹59,700",49% off,"18,604 Ratings & 2,838 Reviews","Annual Power Usage: 854.39 kWhRoom Size: 111 - 150 sqft5 Year Comprehensive Warranty On Product,10 Year Warranty On Compressor",16
CANDY 2023 Model 1.5 Ton 5 Star Window Inverter AC,4.7,"₹33,990","₹48,000",29% off,35 Ratings & 3 Reviews,Annual Power Usage: 1095.38 UnitsRoom Size: 111 - 150 sqft1 year on Product and 10 Year on compressor,16
MITSUBISHI HEAVY INDUSTRIES 2025 Model 1.5 Ton 3 Star Split Hyper Inverter Hyper Inverter AC AC,3.5,"₹47,990","₹61,500",21% off,17 Ratings & 0 Reviews,"Annual Power Usage: 989.94 kWhRoom Size: 111 - 150 sqft1 Year Warranty on Product ,1 year warranty on PCB and 5 Years Warranty on Compressor",16
Godrej 2024 Model 1 Ton 3 Star Split Inverter i-sense Technology with Blue Fin Anti Corrosive Coating ...,4,"₹27,890","₹42,300",34% off,"8,298 Ratings & 716 Reviews","Annual Power Usage: 694.03 UnitsRoom Size: 90 sqft or Below5 Years Warranty on Whole Product (Valid on sales post 1 Sep 2024, warranty can be availed after registering on Brand website within 30 days of purchase) and 10 Years Warranty on Compressor",17
Godrej 2025 Model 2.5 Ton 3 Star Split Inverter 5-In-1-Convertible Cooling with 4 Way Air Swing and He...,3.9,"₹44,490","₹62,650",28% off,309 Ratings & 29 Reviews,"Annual Power Usage: 1330.81 Units5 Years Warranty on Whole Product (Valid on sales post 1 Sep 2024, warranty can be availed after registering on Brand website within 7 days of purchase) and 10 Years Warranty on Compressor",17
Voltas 2026 Model 1.5 Ton 3 Star Split Inverter AC,4.2,"₹33,990","₹60,990",44% off,"83,437 Ratings & 7,067 Reviews","Annual Power Usage: 900.94 kWhRoom Size: 111 - 150 sqft1 Year Warranty On Product,10 Years Warranty On Compressor",17
"LG 2025 Model 1.5 Ton 5 Star Split Dual Inverter with Faster Cooling and Energy Saving, AI Convertible...",4.2,"₹42,990","₹78,990",45% off,"46,175 Ratings & 4,255 Reviews",Annual Power Usage: 744.75 kWhRoom Size: 111 - 150 sqft1 Year Manufacturing Warranty on Product,17
Voltas 2026 Model 1.5 Ton 3 Star Split Inverter AC,4.2,"₹36,990","₹54,990",32% off,"83,437 Ratings & 7,067 Reviews",Room Size: 111 - 150 sqft,17
Samsung 2026 Model 1.5 Ton 5 Star Split Inverter with Wi-fi AC,4.2,"₹50,490","₹91,990",45% off,"26,515 Ratings & 2,683 Reviews","Annual Power Usage: 636.71 kWhRoom Size: 111 - 150 sqftManufacturer warranty: 5 year comprehensive, 10 years on compressor (T&C Apply)",17
Godrej 2025 Model 1 Ton 3 Star Split Inverter 5-In-1-Convertible Cooling with Heavy Duty Cooling At Ex...,4,"₹26,490","₹38,600",31% off,"8,298 Ratings & 716 Reviews","Annual Power Usage: 1034 UnitsRoom Size: 90 sqft or Below5 Years Warranty on Whole Product (Valid on sales post 1 Sep 2024, warranty can be availed after registering on Brand website within 7 days of purchase) and 10 Years Warranty on Compressor",17
"CARRIER 2026 Model 1.5 Ton 3 Star Split AI Inverter Convertible 6-in-1 with Smart Energy Display, Inst...",4.2,"₹32,490","₹65,500",50% off,"38,222 Ratings & 4,626 Reviews","Annual Power Usage: 854.39 kWhRoom Size: 111 - 150 sqft1 Year Warranty on Product, 5 Years on PCB and 10 Years on the Compressor",17
"Panasonic 2024 Model 1.5 Ton 5 Star Split Inverter with Wi-fi 7 in 1 Convertible with True AI Mode, Ma...",4.2,"₹35,490","₹67,100",47% off,"22,111 Ratings & 2,346 Reviews","Annual Power Usage: 774.19 UnitsRoom Size: 111 - 150 sqft1 Year Warranty on Product, 5 Years Warranty on PCB and 5 Years Warranty on ODU Casing and 10 Years Warranty on Compressor",17
Voltas 2025 Model 1.5 Ton 3 Star Window Inverter AC,4.2,"₹29,816","₹43,999",32% off,"12,494 Ratings & 1,225 Reviews",Annual Power Usage: 1204.98 kWhRoom Size: 111 - 150 sqft1 Year Warranty on Product and 10 Years Warranty on Compressor,17
Whirlpool 2019 Model 1.5 Ton 5 Star Split Inverter AC,4.2,"₹36,450","₹64,400",43% off,"21,787 Ratings & 2,439 Reviews","Annual Power Usage: 859.31 UnitsRoom Size: 111 - 150 sqft1 Year on Product, 1 Year on Condenser and 10 Years on Compressor",17
Hitachi 2024 Model 1.5 Ton 5 Star Window Inverter AC,4.1,"₹39,590","₹49,000",19% off,"2,897 Ratings & 327 Reviews",Annual Power Usage: 1069.33 WRoom Size: 111 - 150 sqft1 Year Warranty on Product and 10 Years Warranty on Compressor,17
Whirlpool 2026 Model 1.5 Ton 3 Star Split Inverter AC,4.1,"₹32,240","₹57,150",43% off,"30,027 Ratings & 3,540 Reviews","Annual Power Usage: 858.22 kWhRoom Size: 111 - 150 sqft1 year warranty on product, 5 years  warranty on compressor",17
"Samsung Bespoke AI 2026 Model 1.5 ton 4 Star Split Inverter with Wi-fi Energy Saving, Voice Control, P...",4.1,"₹38,990","₹82,990",53% off,"6,233 Ratings & 578 Reviews",Annual Power Usage: 713.57 kWhRoom Size: 111 - 150 sqft5 year comprehensive warranty on product and 10 years warranty on compressor,17
Daikin 2022 Model 1.5 Ton 4 Star Split Inverter AC,4.1,"₹35,886","₹58,400",38% off,953 Ratings & 106 Reviews,Annual Power Usage: 966.47 UnitsRoom Size: 111 - 150 sqft1 Year Comprehensive Warranty on Product and 10 Years on Compressor,17
Godrej 2024 Model 1.5 Ton 3 Star Split Inverter 5-in-1 Convertible Cooling i-sense Technology with Blu...,4,"₹32,999","₹46,900",29% off,"22,727 Ratings & 1,770 Reviews","Annual Power Usage: 980.37 UnitsRoom Size: 111 - 150 sqft5 Years Warranty on Whole Product (Valid on sales post 1 Sep 2024, warranty can be availed after registering on Brand website within 30 days of purchase) and 10 Years Warranty on Compressor",17
CARRIER 2026 Model 1.5 Ton 3 Star Split AI Inverter with Wi-fi Convertible 6-in-1 with Geo-Fencing & V...,4.2,"₹33,490","₹65,900",49% off,"38,222 Ratings & 4,626 Reviews","Annual Power Usage: 854.39 kWhRoom Size: 111 - 150 sqft1 Year Warranty on Product, 5 Years on PCB and 10 Years on the Compressor",17
LG 2025 Model 1.5 Ton 5 Star Split AI Dual Inverter AI Convertible 6-in-1 Split with Faster Cooling an...,4.2,"₹42,990","₹78,990",45% off,"46,175 Ratings & 4,255 Reviews","Annual Power Usage: 744.75 kWhRoom Size: 111 - 150 sqft1 Year Warranty on Product,5 year on Pcb and 10 Years Warranty on Compressor",17
Midea 2023 Model 1.5 Ton 5 Star Split Inverter with Wi-fi HD Filter with 2 Way Air Directional Control...,4.3,"₹28,490","₹68,990",58% off,"3,226 Ratings & 502 Reviews",Annual Power Usage: 754.05 UnitsRoom Size: 111 - 150 sqft1 Year Warranty on Product and 10 Years Warranty on Compressor,17
Blue Star 2026 Model 1.5 Ton 2 Star Split Fixed Speed AC,4.3,"₹41,490","₹50,700",18% off,93 Ratings & 11 Reviews,Annual Power Usage: 1072.14 kWhRoom Size: 111 - 150 sqft1 Year Warranty on the Product is Limited to Manufacturing Defects Only and 5 Years warranty on compressor.,17
Panasonic 2022 Model 1.5 Ton 5 Star Split Inverter with Wi-fi AC,4.2,"₹29,990","₹59,400",49% off,"22,111 Ratings & 2,346 Reviews","Annual Power Usage: 840.75 UnitsRoom Size: 111 - 150 sqft1 Year Comprehensive Warranty, 5 Years on PCB and 10 Years on Compressor",17
Hitachi 2026 Model 1.5 Ton 5 Star Split Inverter AC,4,"₹44,990","₹77,990",42% off,"5,094 Ratings & 705 Reviews","Annual Power Usage: 690.72 kWhRoom Size: 111 - 150 sqft1 Year Warranty On Product, 5 Year Warranty on PCB & 10 Year Warranty on Compressor.",17
"Godrej 2025 Model 1.5 Ton 5 Star Split Inverter AI Powered, 5-In-1 Convertible, Heavy Duty Cooling At ...",4,"₹33,490","₹50,600",33% off,"12,566 Ratings & 1,206 Reviews","Annual Power Usage: 736.46 kWhRoom Size: 111 - 150 sqft5 year warranty on whole product, 10 years warranty on compressor , Warranty can be availed after registering on Brand website within 7 days of purchase.",17
Midea 2026 Model 1.5 Ton 3 Star Split AI Inverter with Wi-fi Convertible 6-in-1 with Turbo Mode for Fa...,4.3,"₹29,990","₹59,700",49% off,"18,604 Ratings & 2,838 Reviews","Annual Power Usage: 854.39 kWhRoom Size: 111 - 150 sqft5 Year Comprehensive Warranty On Product,10 Year Warranty On Compressor",17
Lloyd Stellar 2025 Model 1.5 Ton 5 Star Split Inverter with Wi-fi Stellar 6 in 1 Convertible Mood Ligh...,4.1,"₹56,990","₹82,490",30% off,"11,881 Ratings & 1,355 Reviews","Annual Power Usage: 752.72 UnitsRoom Size: 111 - 150 sqft1 Year Warranty on Product, 5 Year Warranty on Component & 10 Year Warranty on Compressor.",18
Lloyd 2024 Model 1.5 Ton 5 Star Split Inverter AC,4.1,"₹35,790","₹67,990",47% off,"11,881 Ratings & 1,355 Reviews","Annual Power Usage: 715.07 UnitsRoom Size: 111 - 150 sqft1 Year Warranty on Product, 5 Year Warranty on Component & 10 Year Warranty on Compressor.",18
Voltas 2026 Model 1.5 Ton 3 Star Split Inverter AC,4.2,"₹33,990","₹60,990",44% off,"83,437 Ratings & 7,067 Reviews","Annual Power Usage: 900.94 kWhRoom Size: 111 - 150 sqft1 Year Warranty On Product,10 Years Warranty On Compressor",18
"LG 2025 Model 1.5 Ton 5 Star Split Dual Inverter with Faster Cooling and Energy Saving, AI Convertible...",4.2,"₹42,990","₹78,990",45% off,"46,175 Ratings & 4,255 Reviews",Annual Power Usage: 744.75 kWhRoom Size: 111 - 150 sqft1 Year Manufacturing Warranty on Product,18
IFB 2024 Model 2 Ton 3 Star Split Inverter with Wi-fi 7 Stage Air Treatment AC,4.2,"₹48,500","₹70,500",31% off,"1,194 Ratings & 115 Reviews","Annual Power Usage: 1248.28 UnitsRoom Size: 151 - 200 sqft1 Year Warranty on Product, 5 Years Warranty on PCB and 10 Years Warranty on Compressor",18
Blue Star 2023 Model 1 Ton 3 Star Split Inverter AC,4,"₹28,272","₹51,750",45% off,"4,839 Ratings & 434 Reviews",Annual Power Usage: 705.78 UnitsRoom Size: 90 sqft or Below1 Year Warranty on Product and 10 Years Warranty on Compressor,18
Whirlpool 2023 Model 1 Ton 3 Star Split Fixed Speed AC,4.1,"₹28,990","₹38,000",23% off,"10,799 Ratings & 1,227 Reviews",Annual Power Usage: 980 UnitsRoom Size: 90 sqft or Below1 year comprehensive+5year on compressor,18
Haier 2025 Model 1 Ton 5 Star Split HEXA Inverter with Wi-fi AC,3.9,"₹36,990","₹62,900",41% off,618 Ratings & 82 Reviews,Annual Power Usage: 465.89 kWhRoom Size: 90 sqft or Below5 years on the product and 12 years on the compressor (1-year warranty card in the box + 4-year promotional warranty auto activated post-installation).,18
Godrej 2025 Model 1 Ton 3 Star Split Inverter 5-In-1-Convertible Cooling with Heavy Duty Cooling At Ex...,4,"₹26,490","₹38,600",31% off,"8,298 Ratings & 716 Reviews","Annual Power Usage: 1034 UnitsRoom Size: 90 sqft or Below5 Years Warranty on Whole Product (Valid on sales post 1 Sep 2024, warranty can be availed after registering on Brand website within 7 days of purchase) and 10 Years Warranty on Compressor",18
"CARRIER 2026 Model 1.5 Ton 3 Star Split AI Inverter Convertible 6-in-1 with Smart Energy Display, Inst...",4.2,"₹32,490","₹65,500",50% off,"38,222 Ratings & 4,626 Reviews","Annual Power Usage: 854.39 kWhRoom Size: 111 - 150 sqft1 Year Warranty on Product, 5 Years on PCB and 10 Years on the Compressor",18
Hitachi 2023 Model 1.5 Ton 3 Star Split Fixed Speed Soft dry Silent Air Ambience Light R 32 AC,4,"₹33,044","₹56,300",41% off,"10,460 Ratings & 1,257 Reviews",Annual Power Usage: 1039.62 UnitsRoom Size: 111 - 150 sqft1 Year Warranty on Product and  5 Years Warranty on Compressor,18
Daikin 2022 Model 1.5 Ton 3 Star Hot and Cold Split Inverter AC,4.2,"₹28,990","₹61,300",52% off,"24,785 Ratings & 1,912 Reviews",Annual Power Usage: 881.05 UnitsRoom Size: 111 - 150 sqft1 Year Warranty on Product and  5 Years Warranty on PCB and 10 Years Warranty on Compressor,18
Whirlpool 2026 Model 1.5 Ton 3 Star Split Inverter AC,4.1,"₹32,240","₹57,150",43% off,"30,027 Ratings & 3,540 Reviews","Annual Power Usage: 858.22 kWhRoom Size: 111 - 150 sqft1 year warranty on product, 5 years  warranty on compressor",18
Samsung 2025 Model 1.5 Ton 5 Star Split Inverter with Wi-fi AC,4.2,"₹36,490","₹72,990",50% off,"26,515 Ratings & 2,683 Reviews",Annual Power Usage: 751.24 WRoom Size: 111 - 150 sqft5 Years Comprehensive Warranty on AC and 10 Years Warranty on Compressor,18
Daikin 2022 Model 1 Ton 3 Star Split Inverter AC,4.1,"₹31,990","₹48,200",33% off,"4,844 Ratings & 409 Reviews",Annual Power Usage: 68.4 UnitsRoom Size: 90 sqft or Below1 Year Comprehensive Warranty on AC and 10 Years Warranty on Compressor,18
Daikin 2025 Model 1.5 Ton 3 Star Split Inverter AC,4.2,"₹34,490","₹53,830",35% off,"24,785 Ratings & 1,912 Reviews",Annual Power Usage: 966.47 UnitsRoom Size: 111 - 150 sqft1 Year Warranty on Product and  5 Years Warranty on PCB and 10 Years Warranty on Compressor,18
"Panasonic 2024 Model 1.5 Ton 5 Star Split Inverter with Wi-fi 7 in 1 Convertible with True AI Mode, Ma...",4.2,"₹35,490","₹67,100",47% off,"22,111 Ratings & 2,346 Reviews","Annual Power Usage: 774.19 UnitsRoom Size: 111 - 150 sqft1 Year Warranty on Product, 5 Years Warranty on PCB and 5 Years Warranty on ODU Casing and 10 Years Warranty on Compressor",18
MITSUBISHI HEAVY INDUSTRIES 2026 Model 2.15 Ton 2 Star Split Fixed Speed AC,1.8,"₹77,009","₹77,500",,4 Ratings & 0 Reviews,"Annual Power Usage: 1437.52 kWh1 Year Warranty on Product ,1 year warranty on PCB and 5 Years Warranty on Compressor",18
"Samsung Bespoke AI 2026 Model 1.5 ton 4 Star Split Inverter with Wi-fi Energy Saving, Voice Control, P...",4.1,"₹38,990","₹82,990",53% off,"6,233 Ratings & 578 Reviews",Annual Power Usage: 713.57 kWhRoom Size: 111 - 150 sqft5 year comprehensive warranty on product and 10 years warranty on compressor,18
CARRIER 2026 Model 1.5 Ton 3 Star Split AI Inverter with Wi-fi Convertible 6-in-1 with Geo-Fencing & V...,4.2,"₹33,490","₹65,900",49% off,"38,222 Ratings & 4,626 Reviews","Annual Power Usage: 854.39 kWhRoom Size: 111 - 150 sqft1 Year Warranty on Product, 5 Years on PCB and 10 Years on the Compressor",18
Blue Star 23 Model 1.5 Ton 3 Star Split Turbo AC,4.1,"₹36,845","₹63,625",42% off,"26,862 Ratings & 2,253 Reviews",Room Size: 111 - 150 sqft,18
Whirlpool 2026 Model 1 Ton 3 Star Split Inverter AC,4.1,"₹28,990","₹57,950",49% off,"10,799 Ratings & 1,227 Reviews",Room Size: 90 sqft or Below,18
LG 2025 Model 1.5 Ton 5 Star Split AI Dual Inverter AI Convertible 6-in-1 Split with Faster Cooling an...,4.2,"₹42,990","₹78,990",45% off,"46,175 Ratings & 4,255 Reviews","Annual Power Usage: 744.75 kWhRoom Size: 111 - 150 sqft1 Year Warranty on Product,5 year on Pcb and 10 Years Warranty on Compressor",18
Midea 2026 Model 1.5 Ton 3 Star Split AI Inverter with Wi-fi Convertible 6-in-1 with Turbo Mode for Fa...,4.3,"₹29,990","₹59,700",49% off,"18,604 Ratings & 2,838 Reviews","Annual Power Usage: 854.39 kWhRoom Size: 111 - 150 sqft5 Year Comprehensive Warranty On Product,10 Year Warranty On Compressor",18
Hitachi 2023 Model 1.5 Ton 3 Star Split Fixed Speed Soft dry Silent Air Ambience Light R 32 AC,4,"₹33,044","₹56,300",41% off,"10,460 Ratings & 1,257 Reviews",Annual Power Usage: 1039.62 UnitsRoom Size: 111 - 150 sqft1 Year Warranty on Product and  5 Years Warranty on Compressor,19
Haier 2025 Model 1.6 Ton 5 Star Split Inverter AC,4.2,"₹42,990","₹79,000",45% off,171 Ratings & 15 Reviews,Annual Power Usage: 836.95 WRoom Size: 151 - 200 sqft5 Year Comprehensive Warranty,19
Haier 2024 Model 1.5 Ton 5 Star Split Inverter AC,4,"₹50,990",,,"3,274 Ratings & 351 Reviews",Annual Power Usage: 743.05 UnitsRoom Size: 111 - 150 sqft1 Year Warranty on Product and 10 Years Warranty on Compressor,19
Blue Star 2025 Model 2 Ton 3 Star Window Inverter AC,3.8,"₹39,590","₹50,700",21% off,168 Ratings & 13 Reviews,Annual Power Usage: 1464.72 kWhRoom Size: 151 - 200 sqftWarranty of the Product is Limited to Manufacturing Defects Only,19
Voltas 2026 Model 1.5 Ton 3 Star Split Inverter AC,4.2,"₹33,990","₹60,990",44% off,"83,437 Ratings & 7,067 Reviews","Annual Power Usage: 900.94 kWhRoom Size: 111 - 150 sqft1 Year Warranty On Product,10 Years Warranty On Compressor",19
"LG 2025 Model 1.5 Ton 5 Star Split Dual Inverter with Faster Cooling and Energy Saving, AI Convertible...",4.2,"₹42,990","₹78,990",45% off,"46,175 Ratings & 4,255 Reviews",Annual Power Usage: 744.75 kWhRoom Size: 111 - 150 sqft1 Year Manufacturing Warranty on Product,19
Haier 2023 Model 1.5 Ton 4 Star Split Triple Inverter AC,3.8,"₹47,990",,,"1,319 Ratings & 132 Reviews",Annual Power Usage: 913 UnitsRoom Size: 111 - 150 sqft1 Year Warranty on Product and 10 Years Warranty on Compressor,19
Daikin 2025 Model 1.5 Ton 3 Star Split Inverter AC,4.2,"₹34,490","₹53,830",35% off,"24,785 Ratings & 1,912 Reviews",Annual Power Usage: 966.47 UnitsRoom Size: 111 - 150 sqft1 Year Warranty on Product and  5 Years Warranty on PCB and 10 Years Warranty on Compressor,19
Godrej 2025 Model 1 Ton 3 Star Split Inverter 5-In-1-Convertible Cooling with Heavy Duty Cooling At Ex...,4,"₹26,490","₹38,600",31% off,"8,298 Ratings & 716 Reviews","Annual Power Usage: 1034 UnitsRoom Size: 90 sqft or Below5 Years Warranty on Whole Product (Valid on sales post 1 Sep 2024, warranty can be availed after registering on Brand website within 7 days of purchase) and 10 Years Warranty on Compressor",19
"CARRIER 2026 Model 1.5 Ton 3 Star Split AI Inverter Convertible 6-in-1 with Smart Energy Display, Inst...",4.2,"₹32,490","₹65,500",50% off,"38,222 Ratings & 4,626 Reviews","Annual Power Usage: 854.39 kWhRoom Size: 111 - 150 sqft1 Year Warranty on Product, 5 Years on PCB and 10 Years on the Compressor",19
MITSUBISHI HEAVY INDUSTRIES 2026 Model 2.15 Ton 2 Star Split Fixed Speed AC,1.8,"₹77,009","₹77,500",,4 Ratings & 0 Reviews,"Annual Power Usage: 1437.52 kWh1 Year Warranty on Product ,1 year warranty on PCB and 5 Years Warranty on Compressor",19
Blue Star 23 Model 1.5 Ton 3 Star Split Turbo AC,4.1,"₹36,845","₹63,625",42% off,"26,862 Ratings & 2,253 Reviews",Room Size: 111 - 150 sqft,19
Whirlpool 2026 Model 1 Ton 3 Star Split Inverter AC,4.1,"₹28,990","₹57,950",49% off,"10,799 Ratings & 1,227 Reviews",Room Size: 90 sqft or Below,19
"IFB 2025 Model 2 Ton 3 Star Split Inverter with Hybrid Technology, Works upto 55 DegreeC, 4-Way Swing,...",4.2,"₹43,500","₹82,490",47% off,"1,194 Ratings & 115 Reviews","Annual Power Usage: 1252.53 WRoom Size: 151 - 200 sqft1 Year Warranty on Product,  5 Years Warranty on PCB and 10 Years Warranty on Compressor",19
Whirlpool 2026 Model 1.5 Ton 3 Star Split Inverter AC,4.1,"₹32,240","₹57,150",43% off,"30,027 Ratings & 3,540 Reviews","Annual Power Usage: 858.22 kWhRoom Size: 111 - 150 sqft1 year warranty on product, 5 years  warranty on compressor",19
"Samsung Bespoke AI 2026 Model 1.5 ton 4 Star Split Inverter with Wi-fi Energy Saving, Voice Control, P...",4.1,"₹38,990","₹82,990",53% off,"6,233 Ratings & 578 Reviews",Annual Power Usage: 713.57 kWhRoom Size: 111 - 150 sqft5 year comprehensive warranty on product and 10 years warranty on compressor,19
"Haier 2023 Model 1.5 Ton 5 Star Split Dual Inverter with Micro Bacterial Filter, 54 High Ambient Perfo...",4,"₹40,490","₹71,000",42% off,"3,274 Ratings & 351 Reviews",Annual Power Usage: 925.24 UnitsRoom Size: 111 - 150 sqft5 Years Warranty on Product and 12 Years Warranty on Compressor,19
Hitachi 2024 Model 1.5 Ton 3 Star Split Fixed Speed AC,4,"₹36,850","₹63,850",42% off,"10,460 Ratings & 1,257 Reviews","Annual Power Usage: 1039.62 UnitsRoom Size: 111 - 150 sqft1 Year Product Warrenty, 5 Years comprehensive warranty and 10 Years Warranty on Compressor",19
CARRIER 2026 Model 1.5 Ton 3 Star Split AI Inverter with Wi-fi Convertible 6-in-1 with Geo-Fencing & V...,4.2,"₹33,490","₹65,900",49% off,"38,222 Ratings & 4,626 Reviews","Annual Power Usage: 854.39 kWhRoom Size: 111 - 150 sqft1 Year Warranty on Product, 5 Years on PCB and 10 Years on the Compressor",19
LG 2025 Model 1.5 Ton 5 Star Split AI Dual Inverter AI Convertible 6-in-1 Split with Faster Cooling an...,4.2,"₹42,990","₹78,990",45% off,"46,175 Ratings & 4,255 Reviews","Annual Power Usage: 744.75 kWhRoom Size: 111 - 150 sqft1 Year Warranty on Product,5 year on Pcb and 10 Years Warranty on Compressor",19
Blue Star 2026 Model 1 Ton 3 Star Split Inverter AC,4,"₹32,990","₹49,500",33% off,"4,839 Ratings & 434 Reviews",Annual Power Usage: 676.06 kWhRoom Size: 90 sqft or Below60 months for those customers who purchase Blue Star Split ACs (Inverter or Fixed Speed SACs) of Tonnage up to 2.2 Tr from 16th February 2026 to 31st March 2026.,19
CARRIER 2023 Model 1 Ton 3 Star Window Fixed Speed 2 Way Air Directional control with Dust Filter(2023...,4.2,"₹28,031","₹39,090",28% off,562 Ratings & 73 Reviews,Annual Power Usage: 870.87 UnitsRoom Size: 90 sqft or Below1 Year Warranty on Product and 5 Years Warranty on Compressor,19
Blue Star 2026 Model 1.5 Ton 5 Star Window Inverter AC,4.2,"₹39,890","₹48,500",17% off,"1,500 Ratings & 143 Reviews","Annual Power Usage: 1053.51 kWhRoom Size: 111 - 150 sqft1 Year Warranty on the Product is Limited to Manufacturing Defects Only,5 Years warranty on PCB and 10 Years warranty on Compressor",19
Hitachi 2023 Model 1 Ton 3 Star Split Fixed Speed Soft dry Silent Air Ambience Light R 32 AC,3.9,"₹34,377","₹46,600",26% off,"2,394 Ratings & 305 Reviews",Annual Power Usage: 706.76 UnitsRoom Size: 90 sqft or Below1 Year Warranty on Product and  5 Years Warranty on Compressor,19
Voltas 2026 Model 1.5 Ton 3 Star Split Inverter AC,4.2,"₹33,990","₹60,990",44% off,"83,437 Ratings & 7,067 Reviews","Annual Power Usage: 900.94 kWhRoom Size: 111 - 150 sqft1 Year Warranty On Product,10 Years Warranty On Compressor",20
"LG 2025 Model 1.5 Ton 5 Star Split Dual Inverter with Faster Cooling and Energy Saving, AI Convertible...",4.2,"₹42,990","₹78,990",45% off,"46,175 Ratings & 4,255 Reviews",Annual Power Usage: 744.75 kWhRoom Size: 111 - 150 sqft1 Year Manufacturing Warranty on Product,20
Hitachi 2024 Model 1.5 Ton 5 Star Split Inverter AC,4,"₹40,129","₹75,850",47% off,"5,094 Ratings & 705 Reviews","Annual Power Usage: 774.58 WRoom Size: 111 - 150 sqft1 Year Warranty on Product,  5 Years on PCB and Motor, 10 Years Warranty on Compressor",20
Blue Star 2025 Model 0.8 Ton 3 Star Window Fixed Speed AC,4,"₹23,290","₹27,600",15% off,601 Ratings & 41 Reviews,Annual Power Usage: 611.54 kWhRoom Size: 90 sqft or BelowWarranty of the Product is Limited to Manufacturing Defects Only,20
Godrej 2025 Model 1 Ton 3 Star Split Inverter 5-In-1-Convertible Cooling with Heavy Duty Cooling At Ex...,4,"₹26,490","₹38,600",31% off,"8,298 Ratings & 716 Reviews","Annual Power Usage: 1034 UnitsRoom Size: 90 sqft or Below5 Years Warranty on Whole Product (Valid on sales post 1 Sep 2024, warranty can be availed after registering on Brand website within 7 days of purchase) and 10 Years Warranty on Compressor",20
"CARRIER 2026 Model 1.5 Ton 3 Star Split AI Inverter Convertible 6-in-1 with Smart Energy Display, Inst...",4.2,"₹32,490","₹65,500",50% off,"38,222 Ratings & 4,626 Reviews","Annual Power Usage: 854.39 kWhRoom Size: 111 - 150 sqft1 Year Warranty on Product, 5 Years on PCB and 10 Years on the Compressor",20
Blue Star 2025 Model 1.5 Ton 3 Star Split Inverter AC,4.1,"₹32,990","₹56,400",41% off,"26,862 Ratings & 2,253 Reviews",Annual Power Usage: 1006.84 UnitsRoom Size: 111 - 150 sqft60 months for those customers who purchase Blue Star Split ACs (Inverter or Fixed Speed SACs) of Tonnage up to 2 Tr from 16th February 2026 to 30th June 2026.,20
Godrej 2024 Model 1 Ton 3 Star Split Inverter AC,4,"₹29,490","₹41,990",29% off,"8,298 Ratings & 716 Reviews","Annual Power Usage: 654.68 UnitsRoom Size: 90 sqft or Below1 Year Warranty on the Product, 5 Years Warranty on PCB and 10 Years Warranty on Compressor",20
Blue Star 2026 Model 1.5 Tons 3 Star Split Inverter AC,4.1,"₹35,549","₹60,000",40% off,"26,862 Ratings & 2,253 Reviews",Room Size: 111 - 150 sqft,20
Daikin 2023 Model 1.5 Ton 5 Star Split Inverter AC,4.3,"₹39,138","₹66,443",41% off,"17,218 Ratings & 1,537 Reviews",Annual Power Usage: 785.67 UnitsRoom Size: 111 - 150 sqft1 Year Comprehensive Warranty on AC and 10 Years on Compressor,20
Whirlpool 2026 Model 1.5 Ton 3 Star Split Inverter AC,4.1,"₹32,240","₹57,150",43% off,"30,027 Ratings & 3,540 Reviews","Annual Power Usage: 858.22 kWhRoom Size: 111 - 150 sqft1 year warranty on product, 5 years  warranty on compressor",20
Samsung 2025 Model 1.5 Ton 5 Star Split Inverter with Wi-fi AC,4.2,"₹36,490","₹72,990",50% off,"26,515 Ratings & 2,683 Reviews",Annual Power Usage: 751.24 WRoom Size: 111 - 150 sqft5 Years Comprehensive Warranty on AC and 10 Years Warranty on Compressor,20
Hitachi 2026 Model 1.5 Ton 5 Star Split Inverter AC,4,"₹44,990","₹77,990",42% off,"5,094 Ratings & 705 Reviews","Annual Power Usage: 690.72 kWhRoom Size: 111 - 150 sqft1 Year Warranty On Product, 5 Year Warranty on PCB & 10 Year Warranty on Compressor.",20
CARRIER 2023 Model 1 Ton 3 Star Window Fixed Speed 2 Way Air Directional control with Dust Filter(2023...,4.2,"₹28,031","₹39,090",28% off,562 Ratings & 73 Reviews,Annual Power Usage: 870.87 UnitsRoom Size: 90 sqft or Below1 Year Warranty on Product and 5 Years Warranty on Compressor,20
"Samsung Bespoke AI 2026 Model 1.5 ton 4 Star Split Inverter with Wi-fi Energy Saving, Voice Control, P...",4.1,"₹38,990","₹82,990",53% off,"6,233 Ratings & 578 Reviews",Annual Power Usage: 713.57 kWhRoom Size: 111 - 150 sqft5 year comprehensive warranty on product and 10 years warranty on compressor,20
CARRIER 2026 Model 1.5 Ton 3 Star Split AI Inverter with Wi-fi Convertible 6-in-1 with Geo-Fencing & V...,4.2,"₹33,490","₹65,900",49% off,"38,222 Ratings & 4,626 Reviews","Annual Power Usage: 854.39 kWhRoom Size: 111 - 150 sqft1 Year Warranty on Product, 5 Years on PCB and 10 Years on the Compressor",20
Daikin 2025 Model 1.5 Ton 3 Star Split Inverter AC,4.2,"₹32,883","₹59,081",44% off,"24,785 Ratings & 1,912 Reviews",Annual Power Usage: 966.47 UnitsRoom Size: 111 - 150 sqft1 Year Comprehensive Warranty on Product and 10 Years on Compressor,20
Whirlpool 2026 Model 2 Ton 3 Star Split Inverter AC,4,"₹39,590","₹70,940",44% off,761 Ratings & 82 Reviews,Annual Power Usage: 1079.61 kWhRoom Size: 151 - 200 sqft1+9 Years Warranty on Compressor,20
CARRIER 2022 Model 1 Ton 3 Star Window Fixed Speed AC,4.2,"₹28,094","₹37,590",25% off,562 Ratings & 73 Reviews,Annual Power Usage: 1120 UnitsRoom Size: 90 sqft or Below1 Year Comprehensive Warranty on Product and 5 Years on Compressor,20
Haier 2026 Model 2.2 Ton 3 Star Split HEXA Inverter with Wi-fi AC,,"₹54,990","₹91,300",39% off,,Annual Power Usage: 1266.03 kWh5 years on the product and 12 years on the compressor (1-year warranty card in the box + 4-year promotional warranty auto activated post-installation).,20
LG 2025 Model 1.5 Ton 5 Star Split AI Dual Inverter AI Convertible 6-in-1 Split with Faster Cooling an...,4.2,"₹42,990","₹78,990",45% off,"46,175 Ratings & 4,255 Reviews","Annual Power Usage: 744.75 kWhRoom Size: 111 - 150 sqft1 Year Warranty on Product,5 year on Pcb and 10 Years Warranty on Compressor",20
Midea 2026 Model 1.5 Ton 3 Star Split AI Inverter with Wi-fi Convertible 6-in-1 with Turbo Mode for Fa...,4.3,"₹29,990","₹59,700",49% off,"18,604 Ratings & 2,838 Reviews","Annual Power Usage: 854.39 kWhRoom Size: 111 - 150 sqft5 Year Comprehensive Warranty On Product,10 Year Warranty On Compressor",20
Godrej 2026 Model 1.5 Ton 5 Star Split Inverter AC,4,"₹37,990","₹52,000",26% off,"12,566 Ratings & 1,206 Reviews",Annual Power Usage: 657.81 UnitsRoom Size: 111 - 150 sqft5 Years Manufacturer Warranty,20
Panasonic 2026 Model 1.5 Ton 3 Star Split Inverter AC,4.1,"₹35,790","₹57,000",37% off,"24,445 Ratings & 2,408 Reviews",Annual Power Usage: 878.09 UnitsRoom Size: 111 - 150 sqft1 Year Comprehensive Warranty,20
Voltas 2026 Model 1.5 Ton 3 Star Split Inverter AC,4.2,"₹33,990","₹60,990",44% off,"83,437 Ratings & 7,067 Reviews","Annual Power Usage: 900.94 kWhRoom Size: 111 - 150 sqft1 Year Warranty On Product,10 Years Warranty On Compressor",21
"LG 2025 Model 1.5 Ton 5 Star Split Dual Inverter with Faster Cooling and Energy Saving, AI Convertible...",4.2,"₹42,990","₹78,990",45% off,"46,175 Ratings & 4,255 Reviews",Annual Power Usage: 744.75 kWhRoom Size: 111 - 150 sqft1 Year Manufacturing Warranty on Product,21
Haier 2024 Model 1.6 Ton 5 Star Split Inverter AC,4.2,"₹40,980","₹79,000",48% off,171 Ratings & 15 Reviews,Annual Power Usage: 836.95 UnitsRoom Size: 151 - 200 sqft1 Year Warranty on Product and 10 Years Warranty on Compressor,21
IFB 2026 Model 1.5 Ton 3 Star Split Smart Inverter with Wi-fi AC,4.2,"₹35,590","₹63,990",44% off,"8,648 Ratings & 903 Reviews",Annual Power Usage: 889 UnitsRoom Size: 111 - 150 sqft,21
Whirlpool 2024 Model 1.5 Ton 3 Star Split Inverter AC,4.1,"₹30,490","₹65,400",53% off,"30,027 Ratings & 3,540 Reviews","Annual Power Usage: 1015.5 UnitsRoom Size: 111 - 150 sqft1 Year Warranty on Product, 5 Years Warranty on PCB and 10 Years Warranty on Compressor",21
Blue Star 2025 Model 2 Ton 3 Star Split Inverter AC,4,"₹44,190","₹66,100",33% off,"1,251 Ratings & 72 Reviews",Annual Power Usage: 1261.37 UnitsRoom Size: 151 - 200 sqft60 months for those customers who purchase Blue Star Split ACs (Inverter or Fixed Speed SACs) of Tonnage up to 2 Tr from 16th February 2026 to 30th June 2026.,21
Godrej 2025 Model 1 Ton 3 Star Split Inverter 5-In-1-Convertible Cooling with Heavy Duty Cooling At Ex...,4,"₹26,490","₹38,600",31% off,"8,298 Ratings & 716 Reviews","Annual Power Usage: 1034 UnitsRoom Size: 90 sqft or Below5 Years Warranty on Whole Product (Valid on sales post 1 Sep 2024, warranty can be availed after registering on Brand website within 7 days of purchase) and 10 Years Warranty on Compressor",21
"CARRIER 2026 Model 1.5 Ton 3 Star Split AI Inverter Convertible 6-in-1 with Smart Energy Display, Inst...",4.2,"₹32,490","₹65,500",50% off,"38,222 Ratings & 4,626 Reviews","Annual Power Usage: 854.39 kWhRoom Size: 111 - 150 sqft1 Year Warranty on Product, 5 Years on PCB and 10 Years on the Compressor",21
Haier 2025 Model 1.6 Ton 5 Star Split Inverter AC,4.2,"₹42,990","₹79,000",45% off,171 Ratings & 15 Reviews,Annual Power Usage: 836.95 WRoom Size: 151 - 200 sqft5 Year Comprehensive Warranty,21
Voltas 2025 Model 1.5 Ton 5 Star Window Inverter Turbo Cooling | Energy Efficient | High ambient Cooli...,4.3,"₹32,990","₹45,990",28% off,"8,589 Ratings & 892 Reviews","Annual Power Usage: 1104.04 kWhRoom Size: 111 - 150 sqft5 years warranty from the date of installation, (Inverter or Fixed Speed SACs) of Tonnage up to 2.2 Tr (Offer valid till 31st May 2026). It is applicable only for residential usage and does not apply to commercial or National Accounts customers, 5 Years warranty on PCB, 10 Years on Inverter Compressor",21
Whirlpool 2026 Model 1.5 Ton 3 Star Split Inverter AC,4.1,"₹32,240","₹57,150",43% off,"30,027 Ratings & 3,540 Reviews","Annual Power Usage: 858.22 kWhRoom Size: 111 - 150 sqft1 year warranty on product, 5 years  warranty on compressor",21
Samsung 2025 Model 1.5 Ton 5 Star Split Inverter with Wi-fi AC,4.2,"₹36,490","₹72,990",50% off,"26,515 Ratings & 2,683 Reviews",Annual Power Usage: 751.24 WRoom Size: 111 - 150 sqft5 Years Comprehensive Warranty on AC and 10 Years Warranty on Compressor,21
Haier 2025 Model 1.5 Ton 4 Star Split Triple Inverter AC,3.8,"₹35,490","₹64,900",45% off,"1,319 Ratings & 132 Reviews",Room Size: 111 - 150 sqft,21
Godrej 2025 Model 1.5 Ton 3 Star Split Inverter AC,4,"₹33,288","₹49,990",33% off,"22,727 Ratings & 1,770 Reviews","Annual Power Usage: 1003.51 kWhRoom Size: 111 - 150 sqft1 Year Warranty On The Product, 10 Years Warranty On The Compressor",21
Godrej 2023 Model 1.5 Ton 3 Star Split Fixed Speed with Anti-Dust Filter AC,4,"₹53,813","₹55,999",3% off,"22,727 Ratings & 1,770 Reviews","Annual Power Usage: 1025.69 UnitsRoom Size: 111 - 150 sqft5 Years Warranty on Whole Product (Valid on sales post 1 Sep 2024, warranty can be availed after registering on Brand website within 7 days of purchase) and 5 Years Warranty on Compressor",21
Panasonic 2024 Model 2 Ton 5 Star Split Inverter with Wi-fi AC,4.3,"₹61,890","₹87,900",29% off,920 Ratings & 97 Reviews,"Annual Power Usage: 926.31 UnitsRoom Size: 151 - 200 sqft1 Year Warranty on Product, 5 Years Warranty on PCB, 5 Years Warranty on ODU Casing and 10 Years Warranty on Compressor",21
"Samsung Bespoke AI 2026 Model 1.5 ton 4 Star Split Inverter with Wi-fi Energy Saving, Voice Control, P...",4.1,"₹38,990","₹82,990",53% off,"6,233 Ratings & 578 Reviews",Annual Power Usage: 713.57 kWhRoom Size: 111 - 150 sqft5 year comprehensive warranty on product and 10 years warranty on compressor,21
CARRIER 2026 Model 1.5 Ton 3 Star Split AI Inverter with Wi-fi Convertible 6-in-1 with Geo-Fencing & V...,4.2,"₹33,490","₹65,900",49% off,"38,222 Ratings & 4,626 Reviews","Annual Power Usage: 854.39 kWhRoom Size: 111 - 150 sqft1 Year Warranty on Product, 5 Years on PCB and 10 Years on the Compressor",21
Godrej 2023 Model 1.5 Ton 5 Star Split Inverter i-sense Technology with Blue Fin Anti Corrosive Coatin...,4,"₹35,399","₹54,990",35% off,"12,566 Ratings & 1,206 Reviews","Annual Power Usage: 744.39 UnitsRoom Size: 111 - 150 sqft5 Years Warranty on Whole Product (Valid on sales post 1 Sep 2024, warranty can be availed after registering on Brand website within 30 days of purchase) and 10 Years Warranty on Compressor",21
Godrej 2023 Model 1.5 Ton 5 Star Split Inverter 2023 Model AC,4,"₹36,999","₹54,900",32% off,"12,566 Ratings & 1,206 Reviews","Annual Power Usage: 765.86 UnitsRoom Size: 111 - 150 sqft5 Years Warranty on Whole Product (Valid on sales post 1 Sep 2024, warranty can be availed after registering on Brand website within 30 days of purchase) and 10 Years Warranty on Compressor",21
LG 2025 Model 1.5 Ton 5 Star Split AI Dual Inverter AI Convertible 6-in-1 Split with Faster Cooling an...,4.2,"₹42,990","₹78,990",45% off,"46,175 Ratings & 4,255 Reviews","Annual Power Usage: 744.75 kWhRoom Size: 111 - 150 sqft1 Year Warranty on Product,5 year on Pcb and 10 Years Warranty on Compressor",21
Midea 2026 Model 1.5 Ton 3 Star Split AI Inverter with Wi-fi Convertible 6-in-1 with Turbo Mode for Fa...,4.3,"₹29,990","₹59,700",49% off,"18,604 Ratings & 2,838 Reviews","Annual Power Usage: 854.39 kWhRoom Size: 111 - 150 sqft5 Year Comprehensive Warranty On Product,10 Year Warranty On Compressor",21
Whirlpool 2026 Model 1.5 Ton 3 Star Window Inverter AC,3.8,"₹30,949","₹50,000",38% off,97 Ratings & 17 Reviews,"Annual Power Usage: 1122.36 kWhRoom Size: 111 - 150 sqft1 Year Warranty On The Product,1 Year Warranty On PCB,1 plus 4 Year Warranty On The Compressor",21
Voltas 2026 Model 2 Ton 5 Star Split Inverter AC,4.2,"₹59,990","₹90,990",34% off,327 Ratings & 33 Reviews,Annual Power Usage: 857.53 kWhRoom Size: 151 - 200 sqft1 Year Warranty on Product + 10 Years on Inverter SAC Compressor,21
Panasonic 2024 Model 2 Ton 5 Star Split Inverter with Wi-fi AC,4.3,"₹61,890","₹87,900",29% off,920 Ratings & 97 Reviews,"Annual Power Usage: 926.31 UnitsRoom Size: 151 - 200 sqft1 Year Warranty on Product, 5 Years Warranty on PCB, 5 Years Warranty on ODU Casing and 10 Years Warranty on Compressor",22
Godrej 2023 Model 1.5 Ton 5 Star Split Inverter i-sense Technology with Blue Fin Anti Corrosive Coatin...,4,"₹35,399","₹54,990",35% off,"12,566 Ratings & 1,206 Reviews","Annual Power Usage: 744.39 UnitsRoom Size: 111 - 150 sqft5 Years Warranty on Whole Product (Valid on sales post 1 Sep 2024, warranty can be availed after registering on Brand website within 30 days of purchase) and 10 Years Warranty on Compressor",22
Voltas 2026 Model 1.5 Ton 3 Star Split Inverter AC,4.2,"₹33,990","₹60,990",44% off,"83,437 Ratings & 7,067 Reviews","Annual Power Usage: 900.94 kWhRoom Size: 111 - 150 sqft1 Year Warranty On Product,10 Years Warranty On Compressor",22
"LG 2025 Model 1.5 Ton 5 Star Split Dual Inverter with Faster Cooling and Energy Saving, AI Convertible...",4.2,"₹42,990","₹78,990",45% off,"46,175 Ratings & 4,255 Reviews",Annual Power Usage: 744.75 kWhRoom Size: 111 - 150 sqft1 Year Manufacturing Warranty on Product,22
Godrej 2023 Model 1.5 Ton 5 Star Split Inverter 2023 Model AC,4,"₹36,999","₹54,900",32% off,"12,566 Ratings & 1,206 Reviews","Annual Power Usage: 765.86 UnitsRoom Size: 111 - 150 sqft5 Years Warranty on Whole Product (Valid on sales post 1 Sep 2024, warranty can be availed after registering on Brand website within 30 days of purchase) and 10 Years Warranty on Compressor",22
Voltas 2026 Model 2 Ton 5 Star Split Inverter AC,4.2,"₹59,990","₹90,990",34% off,327 Ratings & 33 Reviews,Annual Power Usage: 857.53 kWhRoom Size: 151 - 200 sqft1 Year Warranty on Product + 10 Years on Inverter SAC Compressor,22
Godrej 2025 Model 1 Ton 3 Star Split Inverter 5-In-1-Convertible Cooling with Heavy Duty Cooling At Ex...,4,"₹26,490","₹38,600",31% off,"8,298 Ratings & 716 Reviews","Annual Power Usage: 1034 UnitsRoom Size: 90 sqft or Below5 Years Warranty on Whole Product (Valid on sales post 1 Sep 2024, warranty can be availed after registering on Brand website within 7 days of purchase) and 10 Years Warranty on Compressor",22
"CARRIER 2026 Model 1.5 Ton 3 Star Split AI Inverter Convertible 6-in-1 with Smart Energy Display, Inst...",4.2,"₹32,490","₹65,500",50% off,"38,222 Ratings & 4,626 Reviews","Annual Power Usage: 854.39 kWhRoom Size: 111 - 150 sqft1 Year Warranty on Product, 5 Years on PCB and 10 Years on the Compressor",22
Blue Star 2025 Model 2 Ton 3 Star Split Inverter AC,4,"₹44,190","₹66,100",33% off,"1,251 Ratings & 72 Reviews",Annual Power Usage: 1261.37 UnitsRoom Size: 151 - 200 sqft60 months for those customers who purchase Blue Star Split ACs (Inverter or Fixed Speed SACs) of Tonnage up to 2 Tr from 16th February 2026 to 30th June 2026.,22
IFB 2026 Model 1.5 Ton 3 Star Split Smart Inverter with Wi-fi AC,4.2,"₹35,590","₹63,990",44% off,"8,648 Ratings & 903 Reviews",Annual Power Usage: 889 UnitsRoom Size: 111 - 150 sqft,22
Acer 2025 Model 1 Ton 3 Star Split Inverter AC,4.1,"₹26,889","₹41,499",35% off,45 Ratings & 4 Reviews,Annual Power Usage: 655.42 UnitsRoom Size: 90 sqft or Below1 year comprehensive warranty and 10 years warranty on compressor with gas charging,22
Godrej 2023 Model 2 Ton 3 Star Split Inverter i-sense Technology with Blue Fin Anti Corrosive Coating ...,3.9,"₹39,999","₹60,990",34% off,"2,151 Ratings & 134 Reviews","Annual Power Usage: 1201.27 UnitsRoom Size: 151 - 200 sqft5 Years Warranty on Whole Product (Valid on sales post 1 Sep 2024, warranty can be availed after registering on Brand website within 30 days of purchase) and 10 Years Warranty on Compressor",22
Whirlpool 2026 Model 1.5 Ton 3 Star Split Inverter AC,4.1,"₹32,240","₹57,150",43% off,"30,027 Ratings & 3,540 Reviews","Annual Power Usage: 858.22 kWhRoom Size: 111 - 150 sqft1 year warranty on product, 5 years  warranty on compressor",22
"Samsung Bespoke AI 2026 Model 1.5 ton 4 Star Split Inverter with Wi-fi Energy Saving, Voice Control, P...",4.1,"₹38,990","₹82,990",53% off,"6,233 Ratings & 578 Reviews",Annual Power Usage: 713.57 kWhRoom Size: 111 - 150 sqft5 year comprehensive warranty on product and 10 years warranty on compressor,22
Whirlpool 2026 Model 1.5 Ton 3 Star Window Inverter AC,3.8,"₹30,949","₹50,000",38% off,97 Ratings & 17 Reviews,"Annual Power Usage: 1122.36 kWhRoom Size: 111 - 150 sqft1 Year Warranty On The Product,1 Year Warranty On PCB,1 plus 4 Year Warranty On The Compressor",22
MITASHI 2018 Model 1 Ton 3 Star Split Inverter AC,4.1,"₹29,500","₹40,500",27% off,"1,420 Ratings & 361 Reviews",Annual Power Usage: 765.59 UnitsRoom Size: 90 sqft or Below5 Years Product and 5 Years on Compressor from Mitashi,22
CARRIER 2026 Model 1.5 Ton 3 Star Split AI Inverter with Wi-fi Convertible 6-in-1 with Geo-Fencing & V...,4.2,"₹33,490","₹65,900",49% off,"38,222 Ratings & 4,626 Reviews","Annual Power Usage: 854.39 kWhRoom Size: 111 - 150 sqft1 Year Warranty on Product, 5 Years on PCB and 10 Years on the Compressor",22
LG 2025 Model 1.5 Ton 5 Star Split AI Dual Inverter AI Convertible 6-in-1 Split with Faster Cooling an...,4.2,"₹42,990","₹78,990",45% off,"46,175 Ratings & 4,255 Reviews","Annual Power Usage: 744.75 kWhRoom Size: 111 - 150 sqft1 Year Warranty on Product,5 year on Pcb and 10 Years Warranty on Compressor",22
Panasonic 2025 Model 1.5 Ton 3 Star Split Inverter AC,4.1,"₹37,107","₹55,400",33% off,"24,445 Ratings & 2,408 Reviews",Annual Power Usage: 905.23 kWhRoom Size: 111 - 150 sqft1 Year Warranty on Product and 10 Years Warranty on Compressor,22
Whirlpool 2024 Model 1.5 Ton 5 Star Split Inverter AC,4.2,"₹37,500","₹70,500",46% off,"21,787 Ratings & 2,439 Reviews","Annual Power Usage: 701.52 UnitsRoom Size: 111 - 150 sqft1 Year on Product, 5 Years on PCB and 10 Years on Compressor",22
Godrej 2022 Model 1.5 Ton 3 Star Split Inverter Anti-Leak AC,4,"₹31,279","₹48,900",36% off,"22,727 Ratings & 1,770 Reviews","Annual Power Usage: 980.37 UnitsRoom Size: 111 - 150 sqft5 Years Warranty on Whole Product (Valid on sales post 1 Sep 2024, warranty can be availed after registering on Brand website within 30 days of purchase) and 10 Years Warranty on Compressor",22
Voltas 2026 Model 1 Ton 2 Star Window Fixed Speed AC,3.7,"₹30,499","₹32,990",7% off,79 Ratings & 11 Reviews,Annual Power Usage: 774.1 kWhRoom Size: 90 sqft or Below12 Months Main Product Warranty,22
"Godrej 2025 Model 1.5 Ton 5 Star Split Inverter AI Powered, 5-In-1 Convertible, Heavy Duty Cooling At ...",4,"₹33,490","₹50,600",33% off,"12,566 Ratings & 1,206 Reviews","Annual Power Usage: 736.46 kWhRoom Size: 111 - 150 sqft5 year warranty on whole product, 10 years warranty on compressor , Warranty can be availed after registering on Brand website within 7 days of purchase.",22
Midea 2026 Model 1.5 Ton 3 Star Split AI Inverter with Wi-fi Convertible 6-in-1 with Turbo Mode for Fa...,4.3,"₹29,990","₹59,700",49% off,"18,604 Ratings & 2,838 Reviews","Annual Power Usage: 854.39 kWhRoom Size: 111 - 150 sqft5 Year Comprehensive Warranty On Product,10 Year Warranty On Compressor",22
Whirlpool 2023 Model 1.5 Ton 5 Star Split Inverter Convertible 4-in-1 Cooling 6th Sense Technology AC,4.2,"₹37,500","₹70,600",46% off,"21,787 Ratings & 2,439 Reviews",Annual Power Usage: 761.33 UnitsRoom Size: 111 - 150 sqft1 Year Comprehensive Warranty on Product and 5 Years Warranty on Compressor,23
Whirlpool 2026 Model 1.5 Ton 3 Star Split Inverter AC,4.1,"₹30,590","₹57,660",46% off,"30,027 Ratings & 3,540 Reviews",Annual Power Usage: 893.62 UnitsRoom Size: 111 - 150 sqft1+9 Years Compressor Warranty,23
Voltas 2026 Model 1.5 Ton 3 Star Split Inverter AC,4.2,"₹33,990","₹60,990",44% off,"83,437 Ratings & 7,067 Reviews","Annual Power Usage: 900.94 kWhRoom Size: 111 - 150 sqft1 Year Warranty On Product,10 Years Warranty On Compressor",23
"LG 2025 Model 1.5 Ton 5 Star Split Dual Inverter with Faster Cooling and Energy Saving, AI Convertible...",4.2,"₹42,990","₹78,990",45% off,"46,175 Ratings & 4,255 Reviews",Annual Power Usage: 744.75 kWhRoom Size: 111 - 150 sqft1 Year Manufacturing Warranty on Product,23
Voltas 2025 Model 2 Ton 5 Star Split Inverter AC,4.2,"₹56,742","₹90,000",36% off,327 Ratings & 33 Reviews,"Annual Power Usage: 959.19 kWhRoom Size: 151 - 200 sqft5 years warranty from the date of installation, (Inverter or Fixed Speed SACs) of Tonnage up to 2.2 Tr (Offer valid till 31st May 2026). It is applicable only for residential usage and does not apply to commercial or National Accounts customers, 5 Years warranty on PCB, 10 Years on Inverter Compressor",23
Blue Star 2025 Model 1.5 Ton 3 Star Split Inverter AC,4.1,"₹35,713","₹63,750",43% off,"26,862 Ratings & 2,253 Reviews",Annual Power Usage: 1012.44 UnitsRoom Size: 111 - 150 sqft1 Year Warranty on Product and 10 Years Warranty on Compressor,23
MITSUBISHI HEAVY INDUSTRIES 2026 Model 1.2 Ton 2 Star Split Fixed Speed AC,,"₹43,990","₹51,000",13% off,,"Annual Power Usage: 803.52 kWhRoom Size: 91 - 110 sqft1 Year Warranty on Product ,1 year warranty on PCB and 5 Years Warranty on Compressor",23
Panasonic 2024 Model 1 Ton 5 Star Split Inverter with Wi-fi AC,4.2,"₹51,178","₹55,400",7% off,"4,169 Ratings & 452 Reviews","Annual Power Usage: 523.98 UnitsRoom Size: 90 sqft or Below1 Year Warranty on Product, 5 Years Warranty on PCB and 10 Years Warranty on Inverter Compressor",23
Godrej 2025 Model 1 Ton 3 Star Split Inverter 5-In-1-Convertible Cooling with Heavy Duty Cooling At Ex...,4,"₹26,490","₹38,600",31% off,"8,298 Ratings & 716 Reviews","Annual Power Usage: 1034 UnitsRoom Size: 90 sqft or Below5 Years Warranty on Whole Product (Valid on sales post 1 Sep 2024, warranty can be availed after registering on Brand website within 7 days of purchase) and 10 Years Warranty on Compressor",23
"CARRIER 2026 Model 1.5 Ton 3 Star Split AI Inverter Convertible 6-in-1 with Smart Energy Display, Inst...",4.2,"₹32,490","₹65,500",50% off,"38,222 Ratings & 4,626 Reviews","Annual Power Usage: 854.39 kWhRoom Size: 111 - 150 sqft1 Year Warranty on Product, 5 Years on PCB and 10 Years on the Compressor",23
Voltas 2025 Model 1.5 Ton 3 Star Split Inverter AC,4.2,"₹33,490","₹64,990",48% off,"83,437 Ratings & 7,067 Reviews",Annual Power Usage: 975.26 UnitsRoom Size: 111 - 150 sqft1 Year Warranty on Product and 10 Years Warranty on Compressor,23
O-General 2023 Model 1.5 Ton 3 Star Split Fixed Speed AC,3.5,"₹53,990","₹65,000",16% off,97 Ratings & 10 Reviews,Annual Power Usage: 1052.79 UnitsRoom Size: 111 - 150 sqft1 Year Warranty on Product and 10 Years Warranty on Compressor,23
Whirlpool 2026 Model 1.5 Ton 3 Star Split Inverter AC,4.1,"₹32,240","₹57,150",43% off,"30,027 Ratings & 3,540 Reviews","Annual Power Usage: 858.22 kWhRoom Size: 111 - 150 sqft1 year warranty on product, 5 years  warranty on compressor",23
"Samsung Bespoke AI 2026 Model 1.5 ton 4 Star Split Inverter with Wi-fi Energy Saving, Voice Control, P...",4.1,"₹38,990","₹82,990",53% off,"6,233 Ratings & 578 Reviews",Annual Power Usage: 713.57 kWhRoom Size: 111 - 150 sqft5 year comprehensive warranty on product and 10 years warranty on compressor,23
Godrej 2024 Model 1.5 Ton 3 Star Split Inverter 4 Way Air Swing AC,4,"₹35,060","₹48,990",28% off,"22,727 Ratings & 1,770 Reviews","Annual Power Usage: 980.37 UnitsRoom Size: 111 - 150 sqft5 Years Warranty on Whole Product (Valid on sales post 1 Sep 2024, warranty can be availed after registering on Brand website within 7 days of purchase) and 10 Years Warranty on Compressor",23
Hitachi 2023 Model 1 Ton 5 Star Split Inverter with Wi-fi Xpandable plus Ambience Light R 32 AC,4.1,"₹38,499","₹63,350",39% off,958 Ratings & 167 Reviews,"Annual Power Usage: 533.61 UnitsRoom Size: 90 sqft or Below1 Year Warranty on Product, 5 Years Warranty on Controller (PCB) and 10 Years Warranty on Compressor",23
Haier 2025 Model 1.5 Ton 3 Star Split Inverter AC,4,"₹35,991","₹57,500",37% off,"6,315 Ratings & 597 Reviews",Annual Power Usage: 953.49 kWhRoom Size: 111 - 150 sqft1 Year Warranty on Product and 10 Years Warranty on Compressor,23
Panasonic 2025 Model 1 Ton 3 Star Split Inverter with Wi-fi AC,4.2,"₹31,980","₹54,900",41% off,"5,369 Ratings & 613 Reviews",Annual Power Usage: 667.91 kWhRoom Size: 90 sqft or Below1 Year Warranty on Product and 10 Years Warranty on Compressor,23
CARRIER 2026 Model 1.5 Ton 3 Star Split AI Inverter with Wi-fi Convertible 6-in-1 with Geo-Fencing & V...,4.2,"₹33,490","₹65,900",49% off,"38,222 Ratings & 4,626 Reviews","Annual Power Usage: 854.39 kWhRoom Size: 111 - 150 sqft1 Year Warranty on Product, 5 Years on PCB and 10 Years on the Compressor",23
LG 2025 Model 1.5 Ton 5 Star Split AI Dual Inverter AI Convertible 6-in-1 Split with Faster Cooling an...,4.2,"₹42,990","₹78,990",45% off,"46,175 Ratings & 4,255 Reviews","Annual Power Usage: 744.75 kWhRoom Size: 111 - 150 sqft1 Year Warranty on Product,5 year on Pcb and 10 Years Warranty on Compressor",23
IFB 2026 Model 1.5 Ton 5 Star Split Inverter with Wi-fi AC,4.2,"₹40,900","₹79,990",48% off,"15,363 Ratings & 1,538 Reviews",Room Size: 111 - 150 sqft,23
Voltas 2024 Model 1 Ton 3 Star Split Inverter AC,4.1,"₹28,769","₹55,990",48% off,"8,721 Ratings & 907 Reviews",Annual Power Usage: 682.59 UnitsRoom Size: 90 sqft or Below1 Year Warranty on Product and 10 Years Warranty on Compressor,23
"Godrej 2025 Model 1.5 Ton 5 Star Split Inverter AI Powered, 5-In-1 Convertible, Heavy Duty Cooling At ...",4,"₹33,490","₹50,600",33% off,"12,566 Ratings & 1,206 Reviews","Annual Power Usage: 736.46 kWhRoom Size: 111 - 150 sqft5 year warranty on whole product, 10 years warranty on compressor , Warranty can be availed after registering on Brand website within 7 days of purchase.",23
Midea 2026 Model 1.5 Ton 3 Star Split AI Inverter with Wi-fi Convertible 6-in-1 with Turbo Mode for Fa...,4.3,"₹29,990","₹59,700",49% off,"18,604 Ratings & 2,838 Reviews","Annual Power Usage: 854.39 kWhRoom Size: 111 - 150 sqft5 Year Comprehensive Warranty On Product,10 Year Warranty On Compressor",23
Blue Star 2023 Model 1.5 Ton 5 Star Split Inverter AC,4.1,"₹50,569","₹74,166",31% off,"15,220 Ratings & 1,237 Reviews",Annual Power Usage: 776.36 UnitsRoom Size: 111 - 150 sqft1 Year Warranty on Product and 5 Years Warranty on Compressor,24
Hisense 2020 Model 1 Ton 5 Star Split Inverter with Wi-fi Smart AC,4.3,"₹35,544","₹37,990",6% off,87 Ratings & 21 Reviews,"Annual Power Usage: 925 UnitsRoom Size: 90 sqft or Below1 Year on Product, 1 Year on Condenser and 10 Years on Compressor",24
Voltas 2025 Model 1.5 Ton 3 Star Split Inverter AC,4.2,"₹33,490","₹64,990",48% off,"83,437 Ratings & 7,067 Reviews",Annual Power Usage: 975.26 UnitsRoom Size: 111 - 150 sqft1 Year Warranty on Product and 10 Years Warranty on Compressor,24
Whirlpool 2018 Model 1.5 Ton 5 Star Split Inverter AC,4.2,"₹32,999","₹52,500",37% off,"21,787 Ratings & 2,439 Reviews","Annual Power Usage: 0 UnitsRoom Size: 111 - 150 sqft1 Year on Comprehensive Unit , 10 years on compressor & 5 years on condensor",24
Voltas 2026 Model 1.5 Ton 3 Star Split Inverter AC,4.2,"₹33,990","₹60,990",44% off,"83,437 Ratings & 7,067 Reviews","Annual Power Usage: 900.94 kWhRoom Size: 111 - 150 sqft1 Year Warranty On Product,10 Years Warranty On Compressor",24
"LG 2025 Model 1.5 Ton 5 Star Split Dual Inverter with Faster Cooling and Energy Saving, AI Convertible...",4.2,"₹42,990","₹78,990",45% off,"46,175 Ratings & 4,255 Reviews",Annual Power Usage: 744.75 kWhRoom Size: 111 - 150 sqft1 Year Manufacturing Warranty on Product,24
Voltas 2026 Model 1.5 Ton 5 Star Split Inverter AC,4.2,"₹52,990","₹80,990",34% off,"41,002 Ratings & 3,819 Reviews","Annual Power Usage: 732.96 kWhRoom Size: 111 - 150 sqft1 Year Warranty On Product,10 Years Warranty On Compressor",24
"IFB 2023 Model 2 Ton 3 Star Split Inverter Smart Ready, 7 Stage Air Treatment AC",4.2,"₹42,490","₹63,490",33% off,"1,194 Ratings & 115 Reviews","Annual Power Usage: 1248.28 UnitsRoom Size: 151 - 200 sqft1 Year Warranty on Product, 4 Years Super Warranty (T&C Apply), 5 Years Warranty on ODU PCB and 10 Years Warranty on Compressor from IFB",24
Godrej 2025 Model 1 Ton 3 Star Split Inverter 5-In-1-Convertible Cooling with Heavy Duty Cooling At Ex...,4,"₹26,490","₹38,600",31% off,"8,298 Ratings & 716 Reviews","Annual Power Usage: 1034 UnitsRoom Size: 90 sqft or Below5 Years Warranty on Whole Product (Valid on sales post 1 Sep 2024, warranty can be availed after registering on Brand website within 7 days of purchase) and 10 Years Warranty on Compressor",24
"CARRIER 2026 Model 1.5 Ton 3 Star Split AI Inverter Convertible 6-in-1 with Smart Energy Display, Inst...",4.2,"₹32,490","₹65,500",50% off,"38,222 Ratings & 4,626 Reviews","Annual Power Usage: 854.39 kWhRoom Size: 111 - 150 sqft1 Year Warranty on Product, 5 Years on PCB and 10 Years on the Compressor",24
Voltas 2022 Model 1.5 Ton 5 Star Split Inverter AC,4.2,"₹38,799","₹77,990",50% off,"41,002 Ratings & 3,819 Reviews",Annual Power Usage: 759.07 UnitsRoom Size: 111 - 150 sqft1 Year Warranty on Product and 10 Years Warranty on Compressor,24
"LG 2024 Model 1 Ton 3 Star Split Inverter 2 Way Swing, HD Filter with Anti-Virus Protection with VIRAA...",4.2,"₹37,026","₹67,993",45% off,"5,759 Ratings & 684 Reviews","Annual Power Usage: 642.26 UnitsRoom Size: 90 sqft or Below1 Year Warranty on Product, 5 Years Warranty on PCB and 10 Years Warranty on Compressor with Gas Charging (T&C)",24
Blue Star 2024 Model 1.5 Ton 3 Star Hot and Cold Split Inverter AC,4.1,"₹43,603","₹69,250",37% off,"26,862 Ratings & 2,253 Reviews","Annual Power Usage: 999.75 UnitsRoom Size: 111 - 150 sqft1 Year Warranty on Product, 10 Years Warranty on Compressor and 5 Years Warranty on PCB (Excluding Remote Handset)",24
Godrej 2024 Model 1.5 Ton 3 Star Split Inverter 4 Way Air Swing AC,4,"₹32,500","₹48,900",33% off,"22,727 Ratings & 1,770 Reviews","Annual Power Usage: 980.37 UnitsRoom Size: 111 - 150 sqft5 Years Warranty on Whole Product (Valid on sales post 1 Sep 2024, warranty can be availed after registering on Brand website within 7 days of purchase) and 10 Years Warranty on Compressor",24
Whirlpool 2026 Model 1.5 Ton 3 Star Split Inverter AC,4.1,"₹32,240","₹57,150",43% off,"30,027 Ratings & 3,540 Reviews","Annual Power Usage: 858.22 kWhRoom Size: 111 - 150 sqft1 year warranty on product, 5 years  warranty on compressor",24
Samsung 2025 Model 1.5 Ton 5 Star Split Inverter with Wi-fi AC,4.2,"₹36,490","₹72,990",50% off,"26,515 Ratings & 2,683 Reviews",Annual Power Usage: 751.24 WRoom Size: 111 - 150 sqft5 Years Comprehensive Warranty on AC and 10 Years Warranty on Compressor,24
Hitachi 2025 Model 1 Ton 3 Star Split Inverter AC,3.9,"₹31,490","₹48,990",35% off,"2,394 Ratings & 305 Reviews",Annual Power Usage: 698.63 kWhRoom Size: 90 sqft or Below,24
Daikin 2023 Model 0.8 Ton 3 Star Split Fixed Speed AC,4.2,"₹29,384","₹37,400",21% off,"4,829 Ratings & 484 Reviews",Annual Power Usage: 548.84 UnitsRoom Size: 90 sqft or Below1 Year Warranty on Product and  5 Years Warranty on PCB and 10 Years Warranty on Compressor,24
"Samsung Bespoke AI 2026 Model 1.5 ton 4 Star Split Inverter with Wi-fi Energy Saving, Voice Control, P...",4.1,"₹38,990","₹82,990",53% off,"6,233 Ratings & 578 Reviews",Annual Power Usage: 713.57 kWhRoom Size: 111 - 150 sqft5 year comprehensive warranty on product and 10 years warranty on compressor,24
CARRIER 2026 Model 1.5 Ton 3 Star Split AI Inverter with Wi-fi Convertible 6-in-1 with Geo-Fencing & V...,4.2,"₹33,490","₹65,900",49% off,"38,222 Ratings & 4,626 Reviews","Annual Power Usage: 854.39 kWhRoom Size: 111 - 150 sqft1 Year Warranty on Product, 5 Years on PCB and 10 Years on the Compressor",24
Blue Star 2023 Model 1.5 Ton 3 Star Window Fixed Speed AC,4.2,"₹34,668","₹39,507",12% off,"1,912 Ratings & 181 Reviews",Annual Power Usage: 1168.9 UnitsRoom Size: 111 - 150 sqft1 Year Comprehensive Warranty on AC and 5 Years Warranty on Compressor,24
Haier 2025 Model 1.6 Ton 5 Star Split Inverter with Wi-fi AC,4.2,"₹43,990","₹80,000",45% off,171 Ratings & 15 Reviews,"Annual Power Usage: 836.95 WRoom Size: 151 - 200 sqft1 Year Product Warranty, 5 Years comprehensive warranty and 12 Years Warranty on Compressor",24
Godrej 2026 Model 1 Ton 5 Star Split Inverter AC,4,"₹33,790","₹46,000",26% off,"2,579 Ratings & 244 Reviews",Annual Power Usage: 468.65 UnitsRoom Size: 90 sqft or Below1 Year Comprehensive Warranty,24
Voltas 2026 Model 1 Ton 2 Star Window Fixed Speed AC,3.7,"₹27,549","₹32,990",16% off,79 Ratings & 11 Reviews,Room Size: 90 sqft or Below,24
Voltas 2026 Model 1.5 Ton 3 Star Split Inverter AC,4.2,"₹33,990","₹60,990",44% off,"83,437 Ratings & 7,067 Reviews","Annual Power Usage: 900.94 kWhRoom Size: 111 - 150 sqft1 Year Warranty On Product,10 Years Warranty On Compressor",25
"LG 2025 Model 1.5 Ton 5 Star Split Dual Inverter with Faster Cooling and Energy Saving, AI Convertible...",4.2,"₹42,990","₹78,990",45% off,"46,175 Ratings & 4,255 Reviews",Annual Power Usage: 744.75 kWhRoom Size: 111 - 150 sqft1 Year Manufacturing Warranty on Product,25
Lloyd 2022 Model 1 Ton 3 Star Window Fixed Speed AC,4.1,"₹26,738","₹44,049",39% off,968 Ratings & 111 Reviews,Annual Power Usage: 774.11 UnitsRoom Size: 90 sqft or Below1 Year Warranty on Product and 10 Years Warranty on Compressor,25
Whirlpool 2021 Model 1.5 Ton 3 Star Split Inverter AC,4.1,"₹32,850","₹62,500",47% off,"30,027 Ratings & 3,540 Reviews","Annual Power Usage: 1029.65 UnitsRoom Size: 111 - 150 sqft1 Year Warranty on Product, 1 Year on Condenser and 10 Years on Compressor from Whirlpool",25
Godrej 2025 Model 1 Ton 3 Star Split Inverter 5-In-1-Convertible Cooling with Heavy Duty Cooling At Ex...,4,"₹26,490","₹38,600",31% off,"8,298 Ratings & 716 Reviews","Annual Power Usage: 1034 UnitsRoom Size: 90 sqft or Below5 Years Warranty on Whole Product (Valid on sales post 1 Sep 2024, warranty can be availed after registering on Brand website within 7 days of purchase) and 10 Years Warranty on Compressor",25
"CARRIER 2026 Model 1.5 Ton 3 Star Split AI Inverter Convertible 6-in-1 with Smart Energy Display, Inst...",4.2,"₹32,490","₹65,500",50% off,"38,222 Ratings & 4,626 Reviews","Annual Power Usage: 854.39 kWhRoom Size: 111 - 150 sqft1 Year Warranty on Product, 5 Years on PCB and 10 Years on the Compressor",25
"Blue Star 2023 Model 0.8 Ton 3 Star Split Inverter Multi Sensors, Self Clean Technology, Self Diagnosi...",4.2,"₹41,500","₹41,833",,"6,565 Ratings & 721 Reviews","Annual Power Usage: 521.6 UnitsRoom Size: 90 sqft or Below1 Year Warranty on Product, 10 Years Warranty on Compressor and 5 Years Warranty on PCB (Excluding Remote Handset)",25
Mitsubishi Electric 2024 Model 1.8 Ton 2 Star Split Fixed Speed AC,4.2,"₹57,000",,,12 Ratings & 0 Reviews,Annual Power Usage: 1360.88 UnitsRoom Size: 151 - 200 sqft1,25
Samsung 2026 Model 1 Ton 5 Star Split Inverter with Wi-fi AC,4.2,"₹36,990","₹50,990",27% off,"1,195 Ratings & 136 Reviews",Annual Power Usage: 448.81 UnitsRoom Size: 90 sqft or Below5 Years Comprehensive Warranty(1 Year Standard + 4 Year Extended),25
CARRIER 2024 Model 2 Ton 3 Star Split Inverter with Wi-fi AC,4.2,"₹49,500","₹82,500",40% off,"4,267 Ratings & 497 Reviews","Annual Power Usage: 1249.82 UnitsRoom Size: 151 - 200 sqft1 Year Comprehensive Warranty on Prodcut, 5 Years Warranty on PCB and 10 Years Warranty on Compressor",25
Whirlpool 2026 Model 1.5 Ton 3 Star Split Inverter AC,4.1,"₹32,240","₹57,150",43% off,"30,027 Ratings & 3,540 Reviews","Annual Power Usage: 858.22 kWhRoom Size: 111 - 150 sqft1 year warranty on product, 5 years  warranty on compressor",25
Samsung 2025 Model 1.5 Ton 5 Star Split Inverter with Wi-fi AC,4.2,"₹36,490","₹72,990",50% off,"26,515 Ratings & 2,683 Reviews",Annual Power Usage: 751.24 WRoom Size: 111 - 150 sqft5 Years Comprehensive Warranty on AC and 10 Years Warranty on Compressor,25
Voltas 2021 Model 1.2 Ton 3 Star Split Inverter AC,4.2,"₹26,366","₹54,990",52% off,"8,770 Ratings & 979 Reviews",Annual Power Usage: 1700 UnitsRoom Size: 91 - 110 sqft1 Year on Product and 5 Years on Compressor from Voltas,25
Panasonic 2025 Model 1.5 Ton 5 Star Window Inverter AC,4.3,"₹38,990","₹48,650",19% off,129 Ratings & 14 Reviews,"Annual Power Usage: 1071.89 kWhRoom Size: 111 - 150 sqft1 Year Comprehensive warranty on Product,
5 Years warranty on PCB & 
10 Years warranty on Compressor",25
"Samsung Bespoke AI 2026 Model 1.5 ton 4 Star Split Inverter with Wi-fi Energy Saving, Voice Control, P...",4.1,"₹38,990","₹82,990",53% off,"6,233 Ratings & 578 Reviews",Annual Power Usage: 713.57 kWhRoom Size: 111 - 150 sqft5 year comprehensive warranty on product and 10 years warranty on compressor,25
CARRIER 2026 Model 1.5 Ton 3 Star Split AI Inverter with Wi-fi Convertible 6-in-1 with Geo-Fencing & V...,4.2,"₹33,490","₹65,900",49% off,"38,222 Ratings & 4,626 Reviews","Annual Power Usage: 854.39 kWhRoom Size: 111 - 150 sqft1 Year Warranty on Product, 5 Years on PCB and 10 Years on the Compressor",25
Hitachi 2026 Model 2 Ton 3 Star Split Inverter AC,4,"₹49,490","₹73,990",33% off,544 Ratings & 69 Reviews,"Annual Power Usage: 1140.91 kWhRoom Size: 151 - 200 sqft1 Year Warranty On Product, 5 Year Warranty on PCB & 10 Year Warranty on Compressor.",25
Lloyd 2022 Model 1.5 Ton 3 Star Window Fixed Speed AC,4.1,"₹45,987","₹45,999",,"3,328 Ratings & 350 Reviews",Annual Power Usage: 1215.35 UnitsRoom Size: 111 - 150 sqft1 Year Comprehensive Warranty on Product and 5 Years on Compressor,25
Godrej 2024 Model 1.7 Ton 3 Star Split Inverter AC,4.4,"₹32,549","₹49,900",34% off,27 Ratings & 3 Reviews,"Annual Power Usage: 1118.35 UnitsRoom Size: 151 - 200 sqft1 Year on Product, 5 Years on PCB and 10 Years on Compressor",25
Whirlpool 2026 Model 1.5 Ton 3 Star Split Inverter AC,4.1,"₹33,790","₹69,900",51% off,"30,027 Ratings & 3,540 Reviews","Annual Power Usage: 893.62 kWhRoom Size: 111 - 150 sqft1 Year Comprehensive Warranty, 10 Years Warranty on Compressor and 5 Years Warranty on PCB",25
LG 2025 Model 1.5 Ton 5 Star Split AI Dual Inverter AI Convertible 6-in-1 Split with Faster Cooling an...,4.2,"₹42,990","₹78,990",45% off,"46,175 Ratings & 4,255 Reviews","Annual Power Usage: 744.75 kWhRoom Size: 111 - 150 sqft1 Year Warranty on Product,5 year on Pcb and 10 Years Warranty on Compressor",25
Midea 2026 Model 1.5 Ton 3 Star Split AI Inverter with Wi-fi Convertible 6-in-1 with Turbo Mode for Fa...,4.3,"₹29,990","₹59,700",49% off,"18,604 Ratings & 2,838 Reviews","Annual Power Usage: 854.39 kWhRoom Size: 111 - 150 sqft5 Year Comprehensive Warranty On Product,10 Year Warranty On Compressor",25
Whirlpool 2025 Model 1 Ton 3 Star Split Inverter AC,4.1,"₹28,500","₹36,500",21% off,"10,799 Ratings & 1,227 Reviews",Annual Power Usage: 652.12 UnitsRoom Size: 90 sqft or Below,25
Haier 2026 Model 1.5 Ton 3 Star Split HEXA Inverter with Wi-fi AC,4,"₹61,900",,,"6,315 Ratings & 597 Reviews",Annual Power Usage: 925.39 kWhRoom Size: 111 - 150 sqft5 years on the product and 12 years on the compressor (1-year warranty card in the box + 4-year promotional warranty auto activated post-installation).,25
Voltas 2026 Model 1.5 Ton 3 Star Split Inverter AC,4.2,"₹33,990","₹60,990",44% off,"83,437 Ratings & 7,067 Reviews","Annual Power Usage: 900.94 kWhRoom Size: 111 - 150 sqft1 Year Warranty On Product,10 Years Warranty On Compressor",26
"LG 2025 Model 1.5 Ton 5 Star Split Dual Inverter with Faster Cooling and Energy Saving, AI Convertible...",4.2,"₹42,990","₹78,990",45% off,"46,175 Ratings & 4,255 Reviews",Annual Power Usage: 744.75 kWhRoom Size: 111 - 150 sqft1 Year Manufacturing Warranty on Product,26
Hisense 2024 Model 1.5 Ton 5 Star Split Inverter 4-in-1 Convertible With Intelligent 4 modes and PM 2....,4.2,"₹38,990","₹60,000",35% off,828 Ratings & 164 Reviews,"Annual Power Usage: 767.34 UnitsRoom Size: 111 - 150 sqft1 Year Comprehensive Warranty on Product, 5 Years Warranty on PCB and 10 Years Warranty on Compressor",26
Blue Star 2022 Model 1 Ton 5 Star Split Inverter AC,4,"₹37,950","₹55,400",31% off,"2,676 Ratings & 255 Reviews",Annual Power Usage: 517.12 UnitsRoom Size: 90 sqft or Below1 Year Comprehensive Warranty on Product and 10 Years Warranty on Compressor,26
Godrej 2024 Model 0.8 Ton 3 Star Split Inverter Heavy Duty Cooling at Extreme Temperature AC,4,"₹37,700",,,391 Ratings & 29 Reviews,"Annual Power Usage: 513.39 UnitsRoom Size: 90 sqft or Below5 Years Warranty on Whole Product (Valid on sales post 1 Sep 2024, warranty can be availed after registering on Brand website within 7 days of purchase) and 10 Years Warranty on Compressor",26
CARRIER 2025 Model 1.5 Ton 3 Star Split Inverter with Wi-fi AC,4.2,"₹34,990","₹68,500",48% off,"38,222 Ratings & 4,626 Reviews",Annual Power Usage: 613.7 UnitsRoom Size: 111 - 150 sqft1-Year Comprehensive Warranty On The Product,26
Godrej 2025 Model 1 Ton 3 Star Split Inverter 5-In-1-Convertible Cooling with Heavy Duty Cooling At Ex...,4,"₹26,490","₹38,600",31% off,"8,298 Ratings & 716 Reviews","Annual Power Usage: 1034 UnitsRoom Size: 90 sqft or Below5 Years Warranty on Whole Product (Valid on sales post 1 Sep 2024, warranty can be availed after registering on Brand website within 7 days of purchase) and 10 Years Warranty on Compressor",26
"CARRIER 2026 Model 1.5 Ton 3 Star Split AI Inverter Convertible 6-in-1 with Smart Energy Display, Inst...",4.2,"₹32,490","₹65,500",50% off,"38,222 Ratings & 4,626 Reviews","Annual Power Usage: 854.39 kWhRoom Size: 111 - 150 sqft1 Year Warranty on Product, 5 Years on PCB and 10 Years on the Compressor",26
"Sharp 2025 Model 1.5 Ton 5 Star Split Inverter 5 in 1 Convertible7 Stage Health Filters, Turbo Cool Te...",3.8,"₹27,990","₹64,990",56% off,29 Ratings & 4 Reviews,"Annual Power Usage: 782.92 kWhRoom Size: 111 - 150 sqft1 Year Comprehensive Warranty, 5 years on PCB, 10 Years on Compressor",26
Voltas 2021 Model 1.5 Ton 3 Star Split Inverter AC,4.2,"₹51,990",,,"83,437 Ratings & 7,067 Reviews",Annual Power Usage: 604.19 UnitsRoom Size: 111 - 150 sqft1 Year on Product and 5 Years on Compressor from Voltas,26
Whirlpool 2026 Model 1.5 Ton 3 Star Split Inverter AC,4.1,"₹32,240","₹57,150",43% off,"30,027 Ratings & 3,540 Reviews","Annual Power Usage: 858.22 kWhRoom Size: 111 - 150 sqft1 year warranty on product, 5 years  warranty on compressor",26
Samsung 2025 Model 1.5 Ton 5 Star Split Inverter with Wi-fi AC,4.2,"₹36,490","₹72,990",50% off,"26,515 Ratings & 2,683 Reviews",Annual Power Usage: 751.24 WRoom Size: 111 - 150 sqft5 Years Comprehensive Warranty on AC and 10 Years Warranty on Compressor,26
CARRIER 2026 Model 1.5 Ton 3 Star Window Fixed Speed AC,4.3,"₹36,499","₹47,090",22% off,"2,583 Ratings & 291 Reviews",Annual Power Usage: 1122.36 UnitsRoom Size: 111 - 150 sqft1 Year Comprehensive Warranty,26
Daikin 2024 Model 0.9 Ton 3 Star Split Fixed Speed AC,4,"₹33,758","₹38,798",12% off,87 Ratings & 7 Reviews,"Annual Power Usage: 574.39 UnitsRoom Size: 90 sqft or Below1 Year on Product, 5 Years on PCB and 10 Years on Compressor",26
Godrej 2025 Model 2 Ton 5 Star Split Inverter AC,3.8,"₹50,490","₹63,600",20% off,279 Ratings & 26 Reviews,Room Size: 151 - 200 sqft,26
MITSUBISHI HEAVY INDUSTRIES 2025 Model 1.65 Ton 5 Star Split Hyper Inverter Hyper Inverter AC AC,2.7,"₹62,490","₹72,000",13% off,6 Ratings & 0 Reviews,"Annual Power Usage: 791.12 kWhRoom Size: 151 - 200 sqft1 Year Warranty on Product ,1 year warranty on PCB and 5 Years Warranty on Compressor",26
"Samsung Bespoke AI 2026 Model 1.5 ton 4 Star Split Inverter with Wi-fi Energy Saving, Voice Control, P...",4.1,"₹38,990","₹82,990",53% off,"6,233 Ratings & 578 Reviews",Annual Power Usage: 713.57 kWhRoom Size: 111 - 150 sqft5 year comprehensive warranty on product and 10 years warranty on compressor,26
CARRIER 2026 Model 1.5 Ton 3 Star Split AI Inverter with Wi-fi Convertible 6-in-1 with Geo-Fencing & V...,4.2,"₹33,490","₹65,900",49% off,"38,222 Ratings & 4,626 Reviews","Annual Power Usage: 854.39 kWhRoom Size: 111 - 150 sqft1 Year Warranty on Product, 5 Years on PCB and 10 Years on the Compressor",26
Hitachi 2023 Model 1 Ton 3 Star Split Inverter Xpandable plus Ambience Light R 32 AC,3.9,"₹29,136","₹54,334",46% off,"2,394 Ratings & 305 Reviews","Annual Power Usage: 669.16 UnitsRoom Size: 90 sqft or Below1 Year Warranty on Product, 5 Years Warranty on Controller (PCB) and 10 Years Warranty on Compressor",26
Godrej 2023 Model 2 Ton 3 Star Split Inverter i-sense Technology with Blue Fin Anti Corrosive Coating ...,3.9,"₹39,999","₹60,990",34% off,"2,151 Ratings & 134 Reviews","Annual Power Usage: 1201.27 UnitsRoom Size: 151 - 200 sqft5 Years Warranty on Whole Product (Valid on sales post 1 Sep 2024, warranty can be availed after registering on Brand website within 30 days of purchase) and 10 Years Warranty on Compressor",26
LG 2025 Model 1.5 Ton 5 Star Split AI Dual Inverter AI Convertible 6-in-1 Split with Faster Cooling an...,4.2,"₹42,990","₹78,990",45% off,"46,175 Ratings & 4,255 Reviews","Annual Power Usage: 744.75 kWhRoom Size: 111 - 150 sqft1 Year Warranty on Product,5 year on Pcb and 10 Years Warranty on Compressor",26
Midea 2026 Model 1.5 Ton 3 Star Split AI Inverter with Wi-fi Convertible 6-in-1 with Turbo Mode for Fa...,4.3,"₹29,990","₹59,700",49% off,"18,604 Ratings & 2,838 Reviews","Annual Power Usage: 854.39 kWhRoom Size: 111 - 150 sqft5 Year Comprehensive Warranty On Product,10 Year Warranty On Compressor",26
Blue Star 2023 Model 1.5 Ton 3 Star Split Inverter AC,4.1,"₹37,500","₹61,500",39% off,"26,862 Ratings & 2,253 Reviews",Annual Power Usage: 1001.2 UnitsRoom Size: 111 - 150 sqft1 Year Warranty on Product and 10 Years Warranty on Compressor,26
CARRIER 2025 Model 1 Ton 3 Star Split Inverter with Wi-fi AC,4.2,"₹33,499","₹58,690",42% off,"13,833 Ratings & 1,614 Reviews",Annual Power Usage: 685.62 kWhRoom Size: 90 sqft or Below1 Year warranty on product,26
Godrej 2024 Model 2.5 Ton 3 Star Split Inverter AC,3.9,"₹48,990","₹68,000",27% off,309 Ratings & 29 Reviews,,27
Godrej 2024 Model 0.8 Ton 3 Star Split Inverter Heavy Duty Cooling at Extreme Temperature AC,4,"₹37,700",,,391 Ratings & 29 Reviews,"Annual Power Usage: 513.39 UnitsRoom Size: 90 sqft or Below5 Years Warranty on Whole Product (Valid on sales post 1 Sep 2024, warranty can be availed after registering on Brand website within 7 days of purchase) and 10 Years Warranty on Compressor",27
Voltas 2026 Model 1.5 Ton 3 Star Split Inverter AC,4.2,"₹33,990","₹60,990",44% off,"83,437 Ratings & 7,067 Reviews","Annual Power Usage: 900.94 kWhRoom Size: 111 - 150 sqft1 Year Warranty On Product,10 Years Warranty On Compressor",27
"LG 2025 Model 1.5 Ton 5 Star Split Dual Inverter with Faster Cooling and Energy Saving, AI Convertible...",4.2,"₹42,990","₹78,990",45% off,"46,175 Ratings & 4,255 Reviews",Annual Power Usage: 744.75 kWhRoom Size: 111 - 150 sqft1 Year Manufacturing Warranty on Product,27
Voltas 2021 Model 1.5 Ton 3 Star Split Inverter AC,4.2,"₹51,990",,,"83,437 Ratings & 7,067 Reviews",Annual Power Usage: 604.19 UnitsRoom Size: 111 - 150 sqft1 Year on Product and 5 Years on Compressor from Voltas,27
CARRIER 2025 Model 1.5 Ton 5 Star Split Inverter AC,4.2,"₹45,850","₹70,500",34% off,"26,219 Ratings & 3,537 Reviews",Annual Power Usage: 789.6 WRoom Size: 111 - 150 sqft1 Year Comprehensive Warranty on Product and 10 Years on Compressor,27
Godrej 2025 Model 1 Ton 3 Star Split Inverter 5-In-1-Convertible Cooling with Heavy Duty Cooling At Ex...,4,"₹26,490","₹38,600",31% off,"8,298 Ratings & 716 Reviews","Annual Power Usage: 1034 UnitsRoom Size: 90 sqft or Below5 Years Warranty on Whole Product (Valid on sales post 1 Sep 2024, warranty can be availed after registering on Brand website within 7 days of purchase) and 10 Years Warranty on Compressor",27
"CARRIER 2026 Model 1.5 Ton 3 Star Split AI Inverter Convertible 6-in-1 with Smart Energy Display, Inst...",4.2,"₹32,490","₹65,500",50% off,"38,222 Ratings & 4,626 Reviews","Annual Power Usage: 854.39 kWhRoom Size: 111 - 150 sqft1 Year Warranty on Product, 5 Years on PCB and 10 Years on the Compressor",27
Blue Star 2025 Model 1 Ton 3 Star Split Inverter AC,4,"₹32,707","₹51,750",36% off,"4,839 Ratings & 434 Reviews","Annual Power Usage: 676.06 WRoom Size: 90 sqft or Below1 Year Warranty on Product and 5 Year PCB Warranty, 10 Years Warranty on Compressor",27
CARRIER 2026 Model 1.5 Ton 3 Star Window Fixed Speed AC,4.3,"₹36,499","₹47,090",22% off,"2,583 Ratings & 291 Reviews",Annual Power Usage: 1122.36 UnitsRoom Size: 111 - 150 sqft1 Year Comprehensive Warranty,27
Whirlpool 2020 Model 1.5 Ton 5 Star Split Inverter AC,4.2,"₹36,850","₹70,500",47% off,"21,787 Ratings & 2,439 Reviews",Annual Power Usage: 867.41 UnitsRoom Size: 111 - 150 sqft1 Year Warranty on Product and 10 Years on Compressor,27
Godrej 2025 Model 2 Ton 5 Star Split Inverter AC,3.8,"₹50,490","₹63,600",20% off,279 Ratings & 26 Reviews,Room Size: 151 - 200 sqft,27
Whirlpool 2026 Model 1.5 Ton 3 Star Split Inverter AC,4.1,"₹32,240","₹57,150",43% off,"30,027 Ratings & 3,540 Reviews","Annual Power Usage: 858.22 kWhRoom Size: 111 - 150 sqft1 year warranty on product, 5 years  warranty on compressor",27
"Samsung Bespoke AI 2026 Model 1.5 ton 4 Star Split Inverter with Wi-fi Energy Saving, Voice Control, P...",4.1,"₹38,990","₹82,990",53% off,"6,233 Ratings & 578 Reviews",Annual Power Usage: 713.57 kWhRoom Size: 111 - 150 sqft5 year comprehensive warranty on product and 10 years warranty on compressor,27
Hitachi 2023 Model 1 Ton 3 Star Split Inverter Xpandable plus Ambience Light R 32 AC,3.9,"₹29,136","₹54,334",46% off,"2,394 Ratings & 305 Reviews","Annual Power Usage: 669.16 UnitsRoom Size: 90 sqft or Below1 Year Warranty on Product, 5 Years Warranty on Controller (PCB) and 10 Years Warranty on Compressor",27
Blue Star 2025 Model 1.5 Ton 5 Star Split Inverter AC,4.1,"₹45,400","₹75,500",39% off,"15,220 Ratings & 1,237 Reviews",Annual Power Usage: 783.33 WRoom Size: 111 - 150 sqft1 Year Comprehensive Warranty,27
CARRIER 2026 Model 1.5 Ton 3 Star Split AI Inverter with Wi-fi Convertible 6-in-1 with Geo-Fencing & V...,4.2,"₹33,490","₹65,900",49% off,"38,222 Ratings & 4,626 Reviews","Annual Power Usage: 854.39 kWhRoom Size: 111 - 150 sqft1 Year Warranty on Product, 5 Years on PCB and 10 Years on the Compressor",27
LG 2025 Model 1.5 Ton 5 Star Split AI Dual Inverter AI Convertible 6-in-1 Split with Faster Cooling an...,4.2,"₹42,990","₹78,990",45% off,"46,175 Ratings & 4,255 Reviews","Annual Power Usage: 744.75 kWhRoom Size: 111 - 150 sqft1 Year Warranty on Product,5 year on Pcb and 10 Years Warranty on Compressor",27
CARRIER 2024 Model 1.5 Ton 5 Star Split Inverter with Wi-fi AC,4.2,"₹41,990","₹81,390",48% off,"26,219 Ratings & 3,537 Reviews","Annual Power Usage: 789.6 kWhRoom Size: 111 - 150 sqft1 year on product, 10 years on compressor",27
Voltas 2024 Model 1.5 Ton 3 Star Split Inverter AC,4.2,"₹33,390","₹64,990",48% off,"83,437 Ratings & 7,067 Reviews",Room Size: 111 - 150 sqft,27
CARRIER 2025 Model 1 Ton 3 Star Split Inverter with Wi-fi AC,4.2,"₹33,499","₹58,690",42% off,"13,833 Ratings & 1,614 Reviews",Annual Power Usage: 685.62 kWhRoom Size: 90 sqft or Below1 Year warranty on product,27
Voltas 2024 Model 1 Ton 5 Star Split Inverter AC,4.1,"₹39,850","₹63,990",37% off,"2,331 Ratings & 256 Reviews","Annual Power Usage: 511.13 UnitsRoom Size: 90 sqft or Below5 years warranty from the date of installation, (Inverter or Fixed Speed SACs) of Tonnage up to 2.2 Tr (Offer valid till 31st May 2026). It is applicable only for residential usage and does not apply to commercial or National Accounts customers, 5 Years warranty on PCB, 10 Years on Inverter Compressor",27
"Godrej 2025 Model 1.5 Ton 5 Star Split Inverter AI Powered, 5-In-1 Convertible, Heavy Duty Cooling At ...",4,"₹33,490","₹50,600",33% off,"12,566 Ratings & 1,206 Reviews","Annual Power Usage: 736.46 kWhRoom Size: 111 - 150 sqft5 year warranty on whole product, 10 years warranty on compressor , Warranty can be availed after registering on Brand website within 7 days of purchase.",27
Midea 2026 Model 1.5 Ton 3 Star Split AI Inverter with Wi-fi Convertible 6-in-1 with Turbo Mode for Fa...,4.3,"₹29,990","₹59,700",49% off,"18,604 Ratings & 2,838 Reviews","Annual Power Usage: 854.39 kWhRoom Size: 111 - 150 sqft5 Year Comprehensive Warranty On Product,10 Year Warranty On Compressor",27
Lloyd 2024 Model 1.5 Ton 5 Star Split Inverter AC,4.1,"₹42,901","₹66,900",35% off,"11,881 Ratings & 1,355 Reviews","Annual Power Usage: 714.5 UnitsRoom Size: 111 - 150 sqft1 Year Warranty on Product, 5 Year Warranty on Component & 10 Year Warranty on Compressor.",28
Samsung 2024 Model 1.5 Ton 5 Star Split Inverter with Wi-fi AC,4.2,"₹46,960","₹81,990",42% off,"26,515 Ratings & 2,683 Reviews",Annual Power Usage: 1290 UnitsRoom Size: 111 - 150 sqftManufacturer Warranty:  1 Year Standard Warranty 5 Year Comprehensive Warranty 10 Year Warranty on Compressor,28
Voltas 2026 Model 1.5 Ton 3 Star Split Inverter AC,4.2,"₹33,990","₹60,990",44% off,"83,437 Ratings & 7,067 Reviews","Annual Power Usage: 900.94 kWhRoom Size: 111 - 150 sqft1 Year Warranty On Product,10 Years Warranty On Compressor",28
"LG 2025 Model 1.5 Ton 5 Star Split Dual Inverter with Faster Cooling and Energy Saving, AI Convertible...",4.2,"₹42,990","₹78,990",45% off,"46,175 Ratings & 4,255 Reviews",Annual Power Usage: 744.75 kWhRoom Size: 111 - 150 sqft1 Year Manufacturing Warranty on Product,28
Panasonic 2025 Model 1.5 Ton 5 Star Split Inverter with Wi-fi AC,4.2,"₹45,990","₹68,900",33% off,"22,111 Ratings & 2,346 Reviews",Annual Power Usage: 759.55 WRoom Size: 111 - 150 sqft1 Year Warranty on Product and 10 Years Warranty on Compressor,28
Samsung 2026 Model 1.5 Ton 3 Star Split Inverter AC,4.1,"₹35,990","₹76,800",53% off,"37,322 Ratings & 3,395 Reviews",Annual Power Usage: 847.65 UnitsRoom Size: 111 - 150 sqft1 Year Standard,28
"LG 2023 Model 1.5 Ton 3 Star Split Inverter 2 Way Swing, HD Filter with Anti-Virus Protection AC",4,"₹74,721","₹78,999",5% off,"43,160 Ratings & 4,010 Reviews","Annual Power Usage: 852.44 UnitsRoom Size: 111 - 150 sqft1 Year Warranty on Product, 5 Years Warranty on PCB and 10 Years Warranty on Compressor from LG",28
Haier 2025 Model 1 Ton 3 Star Split Inverter AC,3.8,"₹32,500","₹60,000",45% off,"3,318 Ratings & 266 Reviews","Annual Power Usage: 697.66 WRoom Size: 90 sqft or Below1 Year Product Warrenty, 5 Years comprehensive warranty and 12 Years Warranty on Compressor",28
Godrej 2025 Model 1 Ton 3 Star Split Inverter 5-In-1-Convertible Cooling with Heavy Duty Cooling At Ex...,4,"₹26,490","₹38,600",31% off,"8,298 Ratings & 716 Reviews","Annual Power Usage: 1034 UnitsRoom Size: 90 sqft or Below5 Years Warranty on Whole Product (Valid on sales post 1 Sep 2024, warranty can be availed after registering on Brand website within 7 days of purchase) and 10 Years Warranty on Compressor",28
"CARRIER 2026 Model 1.5 Ton 3 Star Split AI Inverter Convertible 6-in-1 with Smart Energy Display, Inst...",4.2,"₹32,490","₹65,500",50% off,"38,222 Ratings & 4,626 Reviews","Annual Power Usage: 854.39 kWhRoom Size: 111 - 150 sqft1 Year Warranty on Product, 5 Years on PCB and 10 Years on the Compressor",28
Lloyd Stellar Grace 2025 Model 1.5 Ton 5 Star Split Inverter with Wi-fi 6 in 1 Expandable Stellar Grac...,4.1,"₹59,900","₹83,490",28% off,"11,881 Ratings & 1,355 Reviews","Annual Power Usage: 774.22 WRoom Size: 111 - 150 sqft1 Year Warranty on Product, 5 Year Warranty on Component & 10 Year Warranty on Compressor.",28
Blue Star 2024 Model 1 Ton 3 Star Window Fixed Speed AC,4.1,"₹27,500","₹32,911",16% off,"1,711 Ratings & 178 Reviews",Room Size: 90 sqft or Below,28
Whirlpool 2026 Model 1.5 Ton 3 Star Split Inverter AC,4.1,"₹32,240","₹57,150",43% off,"30,027 Ratings & 3,540 Reviews","Annual Power Usage: 858.22 kWhRoom Size: 111 - 150 sqft1 year warranty on product, 5 years  warranty on compressor",28
"Samsung Bespoke AI 2026 Model 1.5 ton 4 Star Split Inverter with Wi-fi Energy Saving, Voice Control, P...",4.1,"₹38,990","₹82,990",53% off,"6,233 Ratings & 578 Reviews",Annual Power Usage: 713.57 kWhRoom Size: 111 - 150 sqft5 year comprehensive warranty on product and 10 years warranty on compressor,28
Hitachi 2023 Model 1.5 Ton 5 Star Split Inverter AC,4,"₹43,050","₹75,400",42% off,"5,094 Ratings & 705 Reviews",Annual Power Usage: 813.13 UnitsRoom Size: 111 - 150 sqft1 Year Warranty on Product and 5 Years Warranty on Compressor,28
Panasonic 2025 Model 1.5 Ton 3 Star Split Inverter AC,4.1,"₹38,060","₹60,900",37% off,"24,445 Ratings & 2,408 Reviews",Annual Power Usage: 987.7 kWhRoom Size: 111 - 150 sqft1 Year Warranty on Product and 10 Years Warranty on Compressor,28
CARRIER 2025 Model 1.5 Ton 3 Star Split Inverter with Wi-fi AC,4.2,"₹34,990","₹68,500",48% off,"38,222 Ratings & 4,626 Reviews",Annual Power Usage: 613.7 UnitsRoom Size: 111 - 150 sqft1-Year Comprehensive Warranty On The Product,28
Hitachi 2023 Model 1.8 Ton 4 Star Split Inverter with Wi-fi Xpandable plus Ambience Light R 32 AC,3.2,"₹39,990","₹96,450",58% off,33 Ratings & 5 Reviews,"Annual Power Usage: 1096.51 UnitsRoom Size: 151 - 200 sqft1 Year Warranty on Product, 5 Years Warranty on Controller (PCB) and 10 Years Warranty on Compressor",28
CARRIER 2026 Model 1.5 Ton 3 Star Split AI Inverter with Wi-fi Convertible 6-in-1 with Geo-Fencing & V...,4.2,"₹33,490","₹65,900",49% off,"38,222 Ratings & 4,626 Reviews","Annual Power Usage: 854.39 kWhRoom Size: 111 - 150 sqft1 Year Warranty on Product, 5 Years on PCB and 10 Years on the Compressor",28
LG 2025 Model 1.5 Ton 5 Star Split AI Dual Inverter AI Convertible 6-in-1 Split with Faster Cooling an...,4.2,"₹42,990","₹78,990",45% off,"46,175 Ratings & 4,255 Reviews","Annual Power Usage: 744.75 kWhRoom Size: 111 - 150 sqft1 Year Warranty on Product,5 year on Pcb and 10 Years Warranty on Compressor",28
Blue Star 2025 Model 1 Ton 5 Star Split Inverter with Wi-fi AC,4,"₹38,500","₹64,500",40% off,"2,676 Ratings & 255 Reviews",Annual Power Usage: 538.94 UnitsRoom Size: 90 sqft or Below60 months for those customers who purchase Blue Star Split ACs (Inverter or Fixed Speed SACs) of Tonnage up to 2 Tr from 16th February 2026 to 30th June 2026.,28
Hitachi 2023 Model 1 Ton 5 Star Split Inverter AC,4.1,"₹35,431","₹55,990",36% off,958 Ratings & 167 Reviews,Annual Power Usage: 533.61 UnitsRoom Size: 90 sqft or Below1 Year Comprehensive Warranty on Product and 10 Years Warranty on Compressor,28
"Godrej 2025 Model 1.5 Ton 5 Star Split Inverter AI Powered, 5-In-1 Convertible, Heavy Duty Cooling At ...",4,"₹33,490","₹50,600",33% off,"12,566 Ratings & 1,206 Reviews","Annual Power Usage: 736.46 kWhRoom Size: 111 - 150 sqft5 year warranty on whole product, 10 years warranty on compressor , Warranty can be availed after registering on Brand website within 7 days of purchase.",28
Midea 2026 Model 1.5 Ton 3 Star Split AI Inverter with Wi-fi Convertible 6-in-1 with Turbo Mode for Fa...,4.3,"₹29,990","₹59,700",49% off,"18,604 Ratings & 2,838 Reviews","Annual Power Usage: 854.39 kWhRoom Size: 111 - 150 sqft5 Year Comprehensive Warranty On Product,10 Year Warranty On Compressor",28
Lloyd 2021 Model 1 Ton 3 Star Split Inverter AC,4,"₹32,222","₹44,990",28% off,"5,114 Ratings & 551 Reviews",Annual Power Usage: 5500 UnitsRoom Size: 90 sqft or Below1 Year Comprehensive Warranty on AC and 10 Years on Compressor From Lloyd,29
Hitachi 2022 Model 1 Ton 5 Star Split Inverter AC,4.1,"₹41,322","₹54,600",24% off,958 Ratings & 167 Reviews,Annual Power Usage: 585.85 UnitsRoom Size: 90 sqft or Below1 Year Warranty on Complete Product and 10 Years on Compressor,29
Whirlpool 2023 Model 1.5 Ton 3 Star Split Inverter 6th Sense Technology AC,4.1,"₹32,990","₹62,300",47% off,"30,027 Ratings & 3,540 Reviews",Annual Power Usage: 1015.5 UnitsRoom Size: 111 - 150 sqft1 Year Comprehensive Warranty on Product and 5 Years Warranty on Compressor,29
Hitachi 2023 Model 1.5 Ton 5 Star Split Inverter AC,4,"₹43,200","₹70,500",38% off,"5,094 Ratings & 705 Reviews",Annual Power Usage: 758.52 UnitsRoom Size: 111 - 150 sqft1 Year Warranty on Product and 10 Years Warranty on Compressor,29
Voltas 2026 Model 1.5 Ton 3 Star Split Inverter AC,4.2,"₹33,990","₹60,990",44% off,"83,437 Ratings & 7,067 Reviews","Annual Power Usage: 900.94 kWhRoom Size: 111 - 150 sqft1 Year Warranty On Product,10 Years Warranty On Compressor",29
"LG 2025 Model 1.5 Ton 5 Star Split Dual Inverter with Faster Cooling and Energy Saving, AI Convertible...",4.2,"₹42,990","₹78,990",45% off,"46,175 Ratings & 4,255 Reviews",Annual Power Usage: 744.75 kWhRoom Size: 111 - 150 sqft1 Year Manufacturing Warranty on Product,29
Godrej 2022 Model 1.5 Ton Split Inverter AC,,"₹29,490","₹45,900",35% off,,Room Size: 111 - 150 sqft,29
Lloyd 2022 Model 1.5 Ton 3 Star Window Fixed Speed AC,4.1,"₹35,999","₹40,990",12% off,"3,328 Ratings & 350 Reviews",Annual Power Usage: 1621 UnitsRoom Size: 111 - 150 sqft1 Year Comprehensive Warranty on Product and 5 Years on Compressor,29
Godrej 2025 Model 1 Ton 3 Star Split Inverter 5-In-1-Convertible Cooling with Heavy Duty Cooling At Ex...,4,"₹26,490","₹38,600",31% off,"8,298 Ratings & 716 Reviews","Annual Power Usage: 1034 UnitsRoom Size: 90 sqft or Below5 Years Warranty on Whole Product (Valid on sales post 1 Sep 2024, warranty can be availed after registering on Brand website within 7 days of purchase) and 10 Years Warranty on Compressor",29
"CARRIER 2026 Model 1.5 Ton 3 Star Split AI Inverter Convertible 6-in-1 with Smart Energy Display, Inst...",4.2,"₹32,490","₹65,500",50% off,"38,222 Ratings & 4,626 Reviews","Annual Power Usage: 854.39 kWhRoom Size: 111 - 150 sqft1 Year Warranty on Product, 5 Years on PCB and 10 Years on the Compressor",29
Lloyd 2024 Model 1.5 Ton 3 Star Split Inverter with Wi-fi AC,4.1,"₹31,980","₹58,990",45% off,"20,599 Ratings & 2,180 Reviews","Annual Power Usage: 951.47 kWhRoom Size: 111 - 150 sqft1 Year warranty on the product, 5 Year warranty on Component and 10 Years warranty on the Compressor,",29
Lloyd 2023 Model 1.5 Ton 3 Star Split Inverter with Wi-fi AC,4.1,"₹35,990","₹54,990",34% off,"20,599 Ratings & 2,180 Reviews",Annual Power Usage: 1002.31 UnitsRoom Size: 111 - 150 sqft1 Year Comprehensive Warranty on Product and 10 Years Warranty on Compressor,29
Whirlpool 2026 Model 1.5 Ton 3 Star Split Inverter AC,4.1,"₹31,990","₹42,560",24% off,"30,027 Ratings & 3,540 Reviews",Annual Power Usage: 893.62 UnitsRoom Size: 111 - 150 sqft1+9 Years Compressor Warranty,29
"Haier 2023 Model 1.6 Ton 5 Star Split Inverter with Anti Bacterial Filter, 60 High Ambient Performance...",4.2,"₹38,000","₹76,500",50% off,171 Ratings & 15 Reviews,Annual Power Usage: 836.95 UnitsRoom Size: 151 - 200 sqft5 Years Warranty on Product and 12 Years Warranty on Compressor,29
Whirlpool 2026 Model 1.5 Ton 3 Star Split Inverter AC,4.1,"₹32,240","₹57,150",43% off,"30,027 Ratings & 3,540 Reviews","Annual Power Usage: 858.22 kWhRoom Size: 111 - 150 sqft1 year warranty on product, 5 years  warranty on compressor",29
"Samsung Bespoke AI 2026 Model 1.5 ton 4 Star Split Inverter with Wi-fi Energy Saving, Voice Control, P...",4.1,"₹38,990","₹82,990",53% off,"6,233 Ratings & 578 Reviews",Annual Power Usage: 713.57 kWhRoom Size: 111 - 150 sqft5 year comprehensive warranty on product and 10 years warranty on compressor,29
Panasonic 2024 Model 1.5 Ton 3 Star Split Inverter AC,4.1,"₹52,100","₹56,400",7% off,"24,445 Ratings & 2,408 Reviews","Annual Power Usage: 1000.53 UnitsRoom Size: 111 - 150 sqft1 Year on Product, 5 Years on PCB and 10 Years on Compressor",29
Blue Star 2023 Model 1 Ton 3 Star Split Fixed Speed AC,4,"₹38,000","₹46,250",17% off,"4,839 Ratings & 434 Reviews",Annual Power Usage: 681.21 UnitsRoom Size: 90 sqft or Below1 Year Warranty on Product and 5 Years Warranty on Compressor,29
CARRIER 2026 Model 1.5 Ton 3 Star Split AI Inverter with Wi-fi Convertible 6-in-1 with Geo-Fencing & V...,4.2,"₹33,490","₹65,900",49% off,"38,222 Ratings & 4,626 Reviews","Annual Power Usage: 854.39 kWhRoom Size: 111 - 150 sqft1 Year Warranty on Product, 5 Years on PCB and 10 Years on the Compressor",29
LG 2025 Model 1.5 Ton 5 Star Split AI Dual Inverter AI Convertible 6-in-1 Split with Faster Cooling an...,4.2,"₹42,990","₹78,990",45% off,"46,175 Ratings & 4,255 Reviews","Annual Power Usage: 744.75 kWhRoom Size: 111 - 150 sqft1 Year Warranty on Product,5 year on Pcb and 10 Years Warranty on Compressor",29
Sharp 2025 Model 1.5 Ton 3 Star Window Fixed Speed AC,,"₹32,990","₹64,990",49% off,,Annual Power Usage: 1137.94 UnitsRoom Size: 111 - 150 sqft1 year on product,29
IFB 2025 Model 1 Ton 3 Star Split Inverter AC,4.1,"₹29,997","₹50,990",41% off,"2,519 Ratings & 217 Reviews",Room Size: 90 sqft or Below,29
Hitachi 2019 Model 1.5 Ton 3 Star Split Fixed Speed AC,4,"₹37,650","₹52,600",28% off,"10,460 Ratings & 1,257 Reviews",Annual Power Usage: 1157.29 UnitsRoom Size: 111 - 150 sqft1 Year on Complete Unit and 5 Years on Compressor From Hitachi,29
Hitachi 2018 Model 1.5 Ton 3 Star Split Inverter AC,4,"₹38,479","₹51,390",25% off,"10,460 Ratings & 1,257 Reviews",Annual Power Usage: 0 UnitsRoom Size: 111 - 150 sqft1 Year on Complete Unit and 5 Years on Compressor from Hitachi,29
Voltas 2026 Model 1.5 Ton 3 Star Split Inverter AC,4.2,"₹33,990","₹60,990",44% off,"83,437 Ratings & 7,067 Reviews","Annual Power Usage: 900.94 kWhRoom Size: 111 - 150 sqft1 Year Warranty On Product,10 Years Warranty On Compressor",30
"LG 2025 Model 1.5 Ton 5 Star Split Dual Inverter with Faster Cooling and Energy Saving, AI Convertible...",4.2,"₹42,990","₹78,990",45% off,"46,175 Ratings & 4,255 Reviews",Annual Power Usage: 744.75 kWhRoom Size: 111 - 150 sqft1 Year Manufacturing Warranty on Product,30
LG 2021 Model 1.5 Ton 5 Star Split Dual Inverter AC,4.2,"₹43,298","₹72,990",40% off,"46,175 Ratings & 4,255 Reviews",Room Size: 111 - 150 sqft,30
Panasonic 2024 Model 1 Ton 3 Star Split Fixed Speed AC,4.2,"₹35,040","₹42,100",16% off,"5,369 Ratings & 613 Reviews","Annual Power Usage: 656.44 UnitsRoom Size: 90 sqft or Below1 Year on Product, 5 Years on PCB and 10 Years on Compressor",30
Godrej 2025 Model 1 Ton 3 Star Split Inverter 5-In-1-Convertible Cooling with Heavy Duty Cooling At Ex...,4,"₹26,490","₹38,600",31% off,"8,298 Ratings & 716 Reviews","Annual Power Usage: 1034 UnitsRoom Size: 90 sqft or Below5 Years Warranty on Whole Product (Valid on sales post 1 Sep 2024, warranty can be availed after registering on Brand website within 7 days of purchase) and 10 Years Warranty on Compressor",30
"CARRIER 2026 Model 1.5 Ton 3 Star Split AI Inverter Convertible 6-in-1 with Smart Energy Display, Inst...",4.2,"₹32,490","₹65,500",50% off,"38,222 Ratings & 4,626 Reviews","Annual Power Usage: 854.39 kWhRoom Size: 111 - 150 sqft1 Year Warranty on Product, 5 Years on PCB and 10 Years on the Compressor",30
Hitachi 2023 Model 1 Ton 5 Star Split Inverter AC,4.1,"₹35,431","₹55,990",36% off,958 Ratings & 167 Reviews,Annual Power Usage: 533.61 UnitsRoom Size: 90 sqft or Below1 Year Comprehensive Warranty on Product and 10 Years Warranty on Compressor,30
Voltas 2022 Model 1.5 Ton 3 Star Split Inverter AC,4.2,"₹34,950","₹67,729",48% off,"83,437 Ratings & 7,067 Reviews",Annual Power Usage: 1017.95 UnitsRoom Size: 111 - 150 sqft1 Year Warranty on Product and 5 Years Warranty on Compressor,30
Hitachi 2023 Model 1.5 Ton 5 Star Split Inverter AC,4,"₹43,500","₹72,900",40% off,"5,094 Ratings & 705 Reviews",Annual Power Usage: 813.13 UnitsRoom Size: 111 - 150 sqft1 Year Comprehensive Warranty on Product and 10 Years Warranty on Compressor,30
ONIDA 2023 Model 1.5 Ton 3 Star Split Inverter AC,4.1,"₹34,695","₹45,900",24% off,"15,623 Ratings & 1,827 Reviews",Annual Power Usage: 969.15 UnitsRoom Size: 111 - 150 sqft1 Year Warranty on Product and 5 Years Warranty on Compressor from Onida,30
Whirlpool 2026 Model 1.5 Ton 3 Star Split Inverter AC,4.1,"₹32,240","₹57,150",43% off,"30,027 Ratings & 3,540 Reviews","Annual Power Usage: 858.22 kWhRoom Size: 111 - 150 sqft1 year warranty on product, 5 years  warranty on compressor",30
Samsung 2025 Model 1.5 Ton 5 Star Split Inverter with Wi-fi AC,4.2,"₹36,490","₹72,990",50% off,"26,515 Ratings & 2,683 Reviews",Annual Power Usage: 751.24 WRoom Size: 111 - 150 sqft5 Years Comprehensive Warranty on AC and 10 Years Warranty on Compressor,30
Lloyd 2023 Model 1 Ton 3 Star Split Inverter with Wi-fi AC,4,"₹28,990","₹50,990",43% off,"5,114 Ratings & 551 Reviews",Annual Power Usage: 700.06 UnitsRoom Size: 90 sqft or Below1 Year Comprehensive Warranty on Product and 10 Years Warranty on Compressor,30
Godrej 2024 Model 1 Ton 5 Star Split Inverter AC,4,"₹35,900","₹48,990",26% off,"2,579 Ratings & 244 Reviews","Annual Power Usage: 516.37 UnitsRoom Size: 90 sqft or Below1 Year Warranty on the Product, 5 Years Warranty on PCB and 10 Years Warranty on Compressor",30
"Samsung Bespoke AI 2026 Model 1.5 ton 4 Star Split Inverter with Wi-fi Energy Saving, Voice Control, P...",4.1,"₹38,990","₹82,990",53% off,"6,233 Ratings & 578 Reviews",Annual Power Usage: 713.57 kWhRoom Size: 111 - 150 sqft5 year comprehensive warranty on product and 10 years warranty on compressor,30
CARRIER 2026 Model 1.5 Ton 3 Star Split AI Inverter with Wi-fi Convertible 6-in-1 with Geo-Fencing & V...,4.2,"₹33,490","₹65,900",49% off,"38,222 Ratings & 4,626 Reviews","Annual Power Usage: 854.39 kWhRoom Size: 111 - 150 sqft1 Year Warranty on Product, 5 Years on PCB and 10 Years on the Compressor",30
Panasonic 2025 Model 1.5 Ton 3 Star Split Inverter AC,4.1,"₹38,090","₹57,400",33% off,"24,445 Ratings & 2,408 Reviews",Annual Power Usage: 987.91 kWhRoom Size: 111 - 150 sqft1 Year Warranty on Product and 10 Years Warranty on Compressor,30
Lloyd 2025 Model 1.5 Ton 3 Star Split Inverter with Wi-fi AC,4.1,"₹37,990","₹69,999",45% off,"20,599 Ratings & 2,180 Reviews",Annual Power Usage: 874.94 UnitsRoom Size: 111 - 150 sqft1 Year Comprehensive Warranty,30
"Haier 2024 Model 1 Ton 3 Star Split Dual Inverter with Micro Bacterial Filter, 60 High Ambient Perform...",3.8,"₹28,699","₹58,000",50% off,"3,318 Ratings & 266 Reviews",Annual Power Usage: 697.66 UnitsRoom Size: 90 sqft or Below5 Years Warranty on Product and 12 Years Warranty on Compressor,30
Samsung Bespoke AI 2025 Model 1.5 ton 3 Star Split WindFree Inverter with Wi-fi 5 Step Convertible Coo...,4.1,"₹63,490",,,"37,322 Ratings & 3,395 Reviews",Annual Power Usage: 1047.62 UnitsRoom Size: 111 - 150 sqft5 years comprehensive warranty on product and 10 years on compressor,30
LG 2025 Model 1.5 Ton 5 Star Split AI Dual Inverter AI Convertible 6-in-1 Split with Faster Cooling an...,4.2,"₹42,990","₹78,990",45% off,"46,175 Ratings & 4,255 Reviews","Annual Power Usage: 744.75 kWhRoom Size: 111 - 150 sqft1 Year Warranty on Product,5 year on Pcb and 10 Years Warranty on Compressor",30
Midea 2026 Model 1.5 Ton 3 Star Split AI Inverter with Wi-fi Convertible 6-in-1 with Turbo Mode for Fa...,4.3,"₹29,990","₹59,700",49% off,"18,604 Ratings & 2,838 Reviews","Annual Power Usage: 854.39 kWhRoom Size: 111 - 150 sqft5 Year Comprehensive Warranty On Product,10 Year Warranty On Compressor",30
Godrej 2025 Model 1.5 Ton 3 Star Split Inverter AC,4,"₹32,549","₹42,300",23% off,"22,727 Ratings & 1,770 Reviews",Room Size: 111 - 150 sqft,30
Hitachi 2023 Model 1.5 Ton 3 Star Split Inverter ir throw with Hexa Sensor Technology AC,4,"₹36,450","₹63,100",42% off,"10,460 Ratings & 1,257 Reviews","Annual Power Usage: 1012.62 UnitsRoom Size: 111 - 150 sqft1 Year Warranty on Product, 5 Years Warranty on Controller (PCB) and 10 Years Warranty on Compressor.",30
Voltas 2026 Model 1.5 Ton 3 Star Split Inverter AC,4.2,"₹33,990","₹60,990",44% off,"83,437 Ratings & 7,067 Reviews","Annual Power Usage: 900.94 kWhRoom Size: 111 - 150 sqft1 Year Warranty On Product,10 Years Warranty On Compressor",31
"LG 2025 Model 1.5 Ton 5 Star Split Dual Inverter with Faster Cooling and Energy Saving, AI Convertible...",4.2,"₹42,990","₹78,990",45% off,"46,175 Ratings & 4,255 Reviews",Annual Power Usage: 744.75 kWhRoom Size: 111 - 150 sqft1 Year Manufacturing Warranty on Product,31
Blue Star 2026 Model 1.5 Ton 3 Star Split Inverter AC,4.1,"₹37,490","₹60,500",38% off,"26,862 Ratings & 2,253 Reviews","Annual Power Usage: 918.45 kWhRoom Size: 111 - 150 sqft1 year warranty on product, 5 years warranty on PCB, 10 years warrantry on Inverter compressor",31
"Hitachi 2023 Model 2 Ton 3 Star Split Inverter ice Clean, Xpandable Plus, Long air throw with Hexa Sen...",4,"₹59,235","₹75,400",21% off,544 Ratings & 69 Reviews,"Annual Power Usage: 1277.22 UnitsRoom Size: 151 - 200 sqft1 Year Warranty on Product, 5 Years Warranty on Controller (PCB) and 10 Years Warranty on Compressor.",31
Samsung 2026 Model 2 Ton 3 Star Split Inverter AC,4,"₹47,490","₹67,190",29% off,426 Ratings & 25 Reviews,Annual Power Usage: 1084.6 UnitsRoom Size: 151 - 200 sqft1 Year Standard,31
Blue Star 2023 Model 1.5 Ton 3 Star Split Inverter AC,4.1,"₹36,999","₹58,500",36% off,"26,862 Ratings & 2,253 Reviews",Annual Power Usage: 1012.44 UnitsRoom Size: 111 - 150 sqft1 Year Warranty on Product and 10 Years Warranty on Compressor,31
Godrej 2025 Model 1 Ton 3 Star Split Inverter 5-In-1-Convertible Cooling with Heavy Duty Cooling At Ex...,4,"₹26,490","₹38,600",31% off,"8,298 Ratings & 716 Reviews","Annual Power Usage: 1034 UnitsRoom Size: 90 sqft or Below5 Years Warranty on Whole Product (Valid on sales post 1 Sep 2024, warranty can be availed after registering on Brand website within 7 days of purchase) and 10 Years Warranty on Compressor",31
"CARRIER 2026 Model 1.5 Ton 3 Star Split AI Inverter Convertible 6-in-1 with Smart Energy Display, Inst...",4.2,"₹32,490","₹65,500",50% off,"38,222 Ratings & 4,626 Reviews","Annual Power Usage: 854.39 kWhRoom Size: 111 - 150 sqft1 Year Warranty on Product, 5 Years on PCB and 10 Years on the Compressor",31
"Hitachi 2023 Model 1 Ton 3 Star Split Inverter ice Clean, Xpandable Plus, Long air throw with Hexa Sen...",3.9,"₹32,990","₹61,400",46% off,"2,394 Ratings & 305 Reviews",Annual Power Usage: 669.16 UnitsRoom Size: 90 sqft or Below1 Year Warranty on Product and 5 Years Warranty on Compressor,31
Daikin 2018 Model 1.5 Ton 3 Star Split Fixed Speed AC,4.2,"₹37,218","₹42,990",13% off,"24,785 Ratings & 1,912 Reviews",Annual Power Usage: 0 UnitsRoom Size: 111 - 150 sqft1 Year on Product and 5 Years on Compressor from Daikin,31
Whirlpool 2026 Model 1.5 Ton 3 Star Split Inverter AC,4.1,"₹32,240","₹57,150",43% off,"30,027 Ratings & 3,540 Reviews","Annual Power Usage: 858.22 kWhRoom Size: 111 - 150 sqft1 year warranty on product, 5 years  warranty on compressor",31
"Samsung Bespoke AI 2026 Model 1.5 ton 4 Star Split Inverter with Wi-fi Energy Saving, Voice Control, P...",4.1,"₹38,990","₹82,990",53% off,"6,233 Ratings & 578 Reviews",Annual Power Usage: 713.57 kWhRoom Size: 111 - 150 sqft5 year comprehensive warranty on product and 10 years warranty on compressor,31
Voltas 2022 Model 1.5 Ton 3 Star Split Inverter AC,4.2,"₹34,950","₹67,729",48% off,"83,437 Ratings & 7,067 Reviews",Annual Power Usage: 1017.95 UnitsRoom Size: 111 - 150 sqft1 Year Warranty on Product and 5 Years Warranty on Compressor,31
Hitachi 2023 Model 1.5 Ton 5 Star Split Inverter AC,4,"₹43,500","₹72,900",40% off,"5,094 Ratings & 705 Reviews",Annual Power Usage: 813.13 UnitsRoom Size: 111 - 150 sqft1 Year Comprehensive Warranty on Product and 10 Years Warranty on Compressor,31
Lloyd 2025 Model 1.5 Ton 3 Star Split Inverter with Wi-fi Anti-Viral AC,4.1,"₹36,990","₹63,490",41% off,"20,599 Ratings & 2,180 Reviews","Annual Power Usage: 990.77 UnitsRoom Size: 111 - 150 sqft1 Year Warranty on Product, 5 Year Warranty on Component & 10 Year Warranty on Compressor.",31
"Haier 2024 Model 1 Ton 3 Star Split Dual Inverter with Micro Bacterial Filter, 60 High Ambient Perform...",3.8,"₹28,699","₹58,000",50% off,"3,318 Ratings & 266 Reviews",Annual Power Usage: 697.66 UnitsRoom Size: 90 sqft or Below5 Years Warranty on Product and 12 Years Warranty on Compressor,31
CARRIER 2026 Model 1.5 Ton 3 Star Split AI Inverter with Wi-fi Convertible 6-in-1 with Geo-Fencing & V...,4.2,"₹33,490","₹65,900",49% off,"38,222 Ratings & 4,626 Reviews","Annual Power Usage: 854.39 kWhRoom Size: 111 - 150 sqft1 Year Warranty on Product, 5 Years on PCB and 10 Years on the Compressor",31
LG 2025 Model 1.5 Ton 5 Star Split AI Dual Inverter AI Convertible 6-in-1 Split with Faster Cooling an...,4.2,"₹42,990","₹78,990",45% off,"46,175 Ratings & 4,255 Reviews","Annual Power Usage: 744.75 kWhRoom Size: 111 - 150 sqft1 Year Warranty on Product,5 year on Pcb and 10 Years Warranty on Compressor",31
Samsung Bespoke AI 2025 Model 1.5 ton 3 Star Split WindFree Inverter with Wi-fi 5 Step Convertible Coo...,4.1,"₹63,490",,,"37,322 Ratings & 3,395 Reviews",Annual Power Usage: 1047.62 UnitsRoom Size: 111 - 150 sqft5 years comprehensive warranty on product and 10 years on compressor,31
Voltas 2026 Model 1.5 Ton 5 Star Split Inverter with Wi-fi AC,4.2,"₹47,499","₹77,990",39% off,"41,002 Ratings & 3,819 Reviews",Room Size: 111 - 150 sqft,31
"Godrej 2025 Model 1.5 Ton 5 Star Split Inverter AI Powered, 5-In-1 Convertible, Heavy Duty Cooling At ...",4,"₹33,490","₹50,600",33% off,"12,566 Ratings & 1,206 Reviews","Annual Power Usage: 736.46 kWhRoom Size: 111 - 150 sqft5 year warranty on whole product, 10 years warranty on compressor , Warranty can be availed after registering on Brand website within 7 days of purchase.",31
Midea 2026 Model 1.5 Ton 3 Star Split AI Inverter with Wi-fi Convertible 6-in-1 with Turbo Mode for Fa...,4.3,"₹29,990","₹59,700",49% off,"18,604 Ratings & 2,838 Reviews","Annual Power Usage: 854.39 kWhRoom Size: 111 - 150 sqft5 Year Comprehensive Warranty On Product,10 Year Warranty On Compressor",31
Haier 2025 Model 1.6 Ton 5 Star Split Inverter with Wi-fi AC,4.2,"₹43,450","₹82,000",47% off,171 Ratings & 15 Reviews,Annual Power Usage: 836.95 WRoom Size: 151 - 200 sqft5 Year Comprehensive Warranty,31
IFB 2026 Model 1.5 Ton 3 Star Split Inverter with Wi-fi AC,4.2,"₹33,999","₹59,999",43% off,"8,648 Ratings & 903 Reviews",Room Size: 111 - 150 sqft,31
Hitachi 2021 Model 1.5 Ton 3 Star Split Fixed Speed AC,4,"₹37,062","₹50,600",26% off,"10,460 Ratings & 1,257 Reviews",Annual Power Usage: 1703.04 UnitsRoom Size: 111 - 150 sqft1 Year on Product and 10 Years on Compressor from Hitachi,32
Hitachi 2023 Model 2 Ton 3 Star Split Inverter AC,4,"₹50,545","₹80,400",37% off,544 Ratings & 69 Reviews,Annual Power Usage: 1409.41 UnitsRoom Size: 151 - 200 sqft1 Year Warranty on Product and 10 Years Warranty on Compressor,32
Voltas 2026 Model 1.5 Ton 3 Star Split Inverter AC,4.2,"₹33,990","₹60,990",44% off,"83,437 Ratings & 7,067 Reviews","Annual Power Usage: 900.94 kWhRoom Size: 111 - 150 sqft1 Year Warranty On Product,10 Years Warranty On Compressor",32
"LG 2025 Model 1.5 Ton 5 Star Split Dual Inverter with Faster Cooling and Energy Saving, AI Convertible...",4.2,"₹42,990","₹78,990",45% off,"46,175 Ratings & 4,255 Reviews",Annual Power Usage: 744.75 kWhRoom Size: 111 - 150 sqft1 Year Manufacturing Warranty on Product,32
Godrej 2022 Model 1.5 Ton 3 Star Split Inverter AC,4,"₹28,999","₹43,900",33% off,"22,727 Ratings & 1,770 Reviews",Annual Power Usage: 980.37 UnitsRoom Size: 111 - 150 sqft1 Year Comprehensive Warranty on Product and 10 Years Warranty on Compressor,32
Hitachi 2023 Model 1 Ton 3 Star Split Inverter AC,3.9,"₹35,110","₹55,400",36% off,"2,394 Ratings & 305 Reviews",Annual Power Usage: 669.16 UnitsRoom Size: 90 sqft or Below1 Year Comprehensive Warranty on Product and 10 Years Warranty on Compressor,32
Godrej 2025 Model 1 Ton 3 Star Split Inverter 5-In-1-Convertible Cooling with Heavy Duty Cooling At Ex...,4,"₹26,490","₹38,600",31% off,"8,298 Ratings & 716 Reviews","Annual Power Usage: 1034 UnitsRoom Size: 90 sqft or Below5 Years Warranty on Whole Product (Valid on sales post 1 Sep 2024, warranty can be availed after registering on Brand website within 7 days of purchase) and 10 Years Warranty on Compressor",32
"CARRIER 2026 Model 1.5 Ton 3 Star Split AI Inverter Convertible 6-in-1 with Smart Energy Display, Inst...",4.2,"₹32,490","₹65,500",50% off,"38,222 Ratings & 4,626 Reviews","Annual Power Usage: 854.39 kWhRoom Size: 111 - 150 sqft1 Year Warranty on Product, 5 Years on PCB and 10 Years on the Compressor",32
Voltas 2024 Model 1.5 Ton 5 Star Split Inverter AC,4.2,"₹37,150","₹75,990",51% off,"41,002 Ratings & 3,819 Reviews",Annual Power Usage: 751.28 kWhRoom Size: 111 - 150 sqft1 Year Comprehensive Warranty on Product and 10 Years Warranty on Compressor*,32
Whirlpool 2018 Model 1.5 Ton 3 Star Split Inverter AC,4.1,"₹32,990","₹65,400",49% off,"30,027 Ratings & 3,540 Reviews","Annual Power Usage: 0 UnitsRoom Size: 111 - 150 sqft1 Year on Comprehensive Unit , 10 years on compressor & 1 year on condensor",32
"Panasonic 2023 Model 1 Ton 5 Star Split Inverter with Wi-fi with 4 Way Swing, PM 0.1 Air Purification ...",4.2,"₹57,658","₹59,999",3% off,"4,169 Ratings & 452 Reviews","Annual Power Usage: 523.15 UnitsRoom Size: 90 sqft or Below1 Year Comprehensive Warranty on Product, 5 Years Warranty on PCB and 10 Years Warranty on Compressor",32
Haier 2023 Model 1.5 Ton 3 Star Split Inverter AC,4,"₹33,999","₹66,000",48% off,"6,315 Ratings & 597 Reviews",Annual Power Usage: 1029.15 WRoom Size: 111 - 150 sqft5 Year Comprehensive Warranty,32
Whirlpool 2026 Model 1.5 Ton 3 Star Split Inverter AC,4.1,"₹32,240","₹57,150",43% off,"30,027 Ratings & 3,540 Reviews","Annual Power Usage: 858.22 kWhRoom Size: 111 - 150 sqft1 year warranty on product, 5 years  warranty on compressor",32
Samsung 2025 Model 1.5 Ton 5 Star Split Inverter with Wi-fi AC,4.2,"₹36,490","₹72,990",50% off,"26,515 Ratings & 2,683 Reviews",Annual Power Usage: 751.24 WRoom Size: 111 - 150 sqft5 Years Comprehensive Warranty on AC and 10 Years Warranty on Compressor,32
Panasonic 2023 Model 1.5 Ton 5 Star Split Inverter with Wi-fi Convertible 7-in-1 with Additional AI Mo...,4.2,"₹66,206","₹69,999",5% off,"22,111 Ratings & 2,346 Reviews","Annual Power Usage: 774.19 UnitsRoom Size: 111 - 150 sqft1 Year Comprehensive Warranty on Product, 5 Years Warranty on PCB and 10 Years Warranty on Compressor",32
Whirlpool 2026 Model 1 Ton 3 Star Split Inverter AC,4.1,"₹28,890","₹57,950",50% off,"10,799 Ratings & 1,227 Reviews",Annual Power Usage: 594.03 UnitsRoom Size: 90 sqft or BelowCompressor Warranty 1+9 Years,32
"Samsung Bespoke AI 2026 Model 1.5 ton 4 Star Split Inverter with Wi-fi Energy Saving, Voice Control, P...",4.1,"₹38,990","₹82,990",53% off,"6,233 Ratings & 578 Reviews",Annual Power Usage: 713.57 kWhRoom Size: 111 - 150 sqft5 year comprehensive warranty on product and 10 years warranty on compressor,32
CARRIER 2026 Model 1.5 Ton 3 Star Split AI Inverter with Wi-fi Convertible 6-in-1 with Geo-Fencing & V...,4.2,"₹33,490","₹65,900",49% off,"38,222 Ratings & 4,626 Reviews","Annual Power Usage: 854.39 kWhRoom Size: 111 - 150 sqft1 Year Warranty on Product, 5 Years on PCB and 10 Years on the Compressor",32
Hitachi 2023 Model 1.5 Ton 3 Star Split Inverter AC,4,"₹37,350","₹63,100",40% off,"10,460 Ratings & 1,257 Reviews",Annual Power Usage: 1024.34 UnitsRoom Size: 111 - 150 sqft1 Year Comprehensive Warranty on Product and 10 Years Warranty on Compressor,32
Lloyd 2021 Model 1.5 Ton 3 Star Split Fixed Speed AC,4.1,"₹35,789","₹52,990",32% off,"20,599 Ratings & 2,180 Reviews",Annual Power Usage: 1490 UnitsRoom Size: 111 - 150 sqft1 Year Comprehensive Warranty on Product and 5 Years on Compressor,32
CARRIER 2022 Model 1.5 Ton 3 Star Split Inverter AC,4.2,"₹67,790",,,"38,222 Ratings & 4,626 Reviews",Annual Power Usage: 999.69 UnitsRoom Size: 111 - 150 sqft1 Year Warranty on Product and 10 Years on Compressor,32
Godrej 2023 Model 2 Ton 3 Star Split Fixed Speed with Anti-Dust Filter AC,3.9,"₹41,990","₹61,990",32% off,"2,151 Ratings & 134 Reviews","Annual Power Usage: 1215.35 UnitsRoom Size: 151 - 200 sqft5 Years Warranty on Whole Product (Valid on sales post 1 Sep 2024, warranty can be availed after registering on Brand website within 7 days of purchase) and 5 Years Warranty on Compressor",32
LG 2025 Model 1.5 Ton 5 Star Split AI Dual Inverter AI Convertible 6-in-1 Split with Faster Cooling an...,4.2,"₹42,990","₹78,990",45% off,"46,175 Ratings & 4,255 Reviews","Annual Power Usage: 744.75 kWhRoom Size: 111 - 150 sqft1 Year Warranty on Product,5 year on Pcb and 10 Years Warranty on Compressor",32
Midea 2026 Model 1.5 Ton 3 Star Split AI Inverter with Wi-fi Convertible 6-in-1 with Turbo Mode for Fa...,4.3,"₹29,990","₹59,700",49% off,"18,604 Ratings & 2,838 Reviews","Annual Power Usage: 854.39 kWhRoom Size: 111 - 150 sqft5 Year Comprehensive Warranty On Product,10 Year Warranty On Compressor",32
Hitachi 2023 Model 2 Ton 3 Star Split Inverter AC,4,"₹50,545","₹80,400",37% off,544 Ratings & 69 Reviews,Annual Power Usage: 1409.41 UnitsRoom Size: 151 - 200 sqft1 Year Warranty on Product and 10 Years Warranty on Compressor,33
Hitachi 2023 Model 1 Ton 3 Star Split Inverter AC,3.9,"₹35,110","₹55,400",36% off,"2,394 Ratings & 305 Reviews",Annual Power Usage: 669.16 UnitsRoom Size: 90 sqft or Below1 Year Comprehensive Warranty on Product and 10 Years Warranty on Compressor,33
Voltas 2026 Model 1.5 Ton 3 Star Split Inverter AC,4.2,"₹33,990","₹60,990",44% off,"83,437 Ratings & 7,067 Reviews","Annual Power Usage: 900.94 kWhRoom Size: 111 - 150 sqft1 Year Warranty On Product,10 Years Warranty On Compressor",33
"LG 2025 Model 1.5 Ton 5 Star Split Dual Inverter with Faster Cooling and Energy Saving, AI Convertible...",4.2,"₹42,990","₹78,990",45% off,"46,175 Ratings & 4,255 Reviews",Annual Power Usage: 744.75 kWhRoom Size: 111 - 150 sqft1 Year Manufacturing Warranty on Product,33
Haier 2025 Model 1.5 Ton 3 Star Split HEXA Inverter with Wi-fi AC,4,"₹33,500","₹64,000",47% off,"6,315 Ratings & 597 Reviews",Room Size: 111 - 150 sqft,33
Haier 2023 Model 1.5 Ton 3 Star Split Inverter AC,4,"₹33,999","₹66,000",48% off,"6,315 Ratings & 597 Reviews",Annual Power Usage: 1029.15 WRoom Size: 111 - 150 sqft5 Year Comprehensive Warranty,33
CARRIER 2022 Model 1.5 Ton 3 Star Split Inverter AC,4.2,"₹67,790",,,"38,222 Ratings & 4,626 Reviews",Annual Power Usage: 999.69 UnitsRoom Size: 111 - 150 sqft1 Year Warranty on Product and 10 Years on Compressor,33
Lloyd 2021 Model 1.5 Ton 3 Star Split Fixed Speed AC,4.1,"₹35,789","₹52,990",32% off,"20,599 Ratings & 2,180 Reviews",Annual Power Usage: 1490 UnitsRoom Size: 111 - 150 sqft1 Year Comprehensive Warranty on Product and 5 Years on Compressor,33
Godrej 2025 Model 1 Ton 3 Star Split Inverter 5-In-1-Convertible Cooling with Heavy Duty Cooling At Ex...,4,"₹26,490","₹38,600",31% off,"8,298 Ratings & 716 Reviews","Annual Power Usage: 1034 UnitsRoom Size: 90 sqft or Below5 Years Warranty on Whole Product (Valid on sales post 1 Sep 2024, warranty can be availed after registering on Brand website within 7 days of purchase) and 10 Years Warranty on Compressor",33
"CARRIER 2026 Model 1.5 Ton 3 Star Split AI Inverter Convertible 6-in-1 with Smart Energy Display, Inst...",4.2,"₹32,490","₹65,500",50% off,"38,222 Ratings & 4,626 Reviews","Annual Power Usage: 854.39 kWhRoom Size: 111 - 150 sqft1 Year Warranty on Product, 5 Years on PCB and 10 Years on the Compressor",33
MITSUBISHI HEAVY INDUSTRIES 2026 Model 1.5 Ton 2 Star Split Fixed Speed AC,,"₹58,099","₹58,500",,,"Annual Power Usage: 1012.53 kWhRoom Size: 111 - 150 sqft1 Year Warranty on Product ,1 year warranty on PCB and 5 Years Warranty on Compressor",33
Panasonic 2025 Model 1.5 Ton 3 Star Hot and Cold Split Inverter AC,4.1,"₹43,720","₹62,900",30% off,"24,445 Ratings & 2,408 Reviews","Annual Power Usage: 928.57 kWhRoom Size: 111 - 150 sqft1 Year Comprehensive warranty on Product,
5 Years warranty on PCB & 
10 Years warranty on Compressor",33
Whirlpool 2026 Model 1.5 Ton 3 Star Split Inverter AC,4.1,"₹32,240","₹57,150",43% off,"30,027 Ratings & 3,540 Reviews","Annual Power Usage: 858.22 kWhRoom Size: 111 - 150 sqft1 year warranty on product, 5 years  warranty on compressor",33
"Samsung Bespoke AI 2026 Model 1.5 ton 4 Star Split Inverter with Wi-fi Energy Saving, Voice Control, P...",4.1,"₹38,990","₹82,990",53% off,"6,233 Ratings & 578 Reviews",Annual Power Usage: 713.57 kWhRoom Size: 111 - 150 sqft5 year comprehensive warranty on product and 10 years warranty on compressor,33
Lloyd 2022 Model 0.8 Ton 3 Star Split Inverter AC,4.1,"₹45,999",,,"2,789 Ratings & 393 Reviews",Annual Power Usage: 585.16 UnitsRoom Size: 90 sqft or Below1 Year Comprehensive Warranty on Product and 10 Years on Compressor,33
Blue Star 2025 Model 2 Ton 3 Star Window Fixed Speed AC,3.8,"₹38,690","₹50,000",22% off,168 Ratings & 13 Reviews,Annual Power Usage: 1435.97 kWhRoom Size: 151 - 200 sqftWarranty of the Product is Limited to Manufacturing Defects Only,33
Panasonic 2023 Model 1.5 Ton 3 Star Hot and Cold Split Inverter with Wi-fi AC,4.1,"₹47,090","₹62,900",25% off,"24,445 Ratings & 2,408 Reviews","Annual Power Usage: 972.89 UnitsRoom Size: 111 - 150 sqft1 Year Warranty on Product, 5 Years Warranty on PCB, 5 Years Warranty on ODU Casing and 10 Years Warranty on Compressor",33
Godrej 2025 Model 1.5 Ton 3 Star Window Fixed Speed AC,4,"₹41,900",,,"2,193 Ratings & 161 Reviews","Annual Power Usage: 1203.74 WRoom Size: 111 - 150 sqft1 Year on Product (Except Remote, Add-on Plastic Parts) 5 Years warranty  On Compressor",33
CARRIER 2026 Model 1.5 Ton 3 Star Split AI Inverter with Wi-fi Convertible 6-in-1 with Geo-Fencing & V...,4.2,"₹33,490","₹65,900",49% off,"38,222 Ratings & 4,626 Reviews","Annual Power Usage: 854.39 kWhRoom Size: 111 - 150 sqft1 Year Warranty on Product, 5 Years on PCB and 10 Years on the Compressor",33
LG 2025 Model 1.5 Ton 5 Star Split AI Dual Inverter AI Convertible 6-in-1 Split with Faster Cooling an...,4.2,"₹42,990","₹78,990",45% off,"46,175 Ratings & 4,255 Reviews","Annual Power Usage: 744.75 kWhRoom Size: 111 - 150 sqft1 Year Warranty on Product,5 year on Pcb and 10 Years Warranty on Compressor",33
IFB 2024 Model 1.5 Ton 3 Star Split Inverter with Wi-fi AC,4.2,"₹36,200","₹72,990",50% off,"8,648 Ratings & 903 Reviews",Annual Power Usage: 1002.83 kWhRoom Size: 111 - 150 sqft,33
"LG 2023 Model 1.5 Ton 5 Star Split Inverter AI Convertible 6-in-1 Cooling , HD Filter with Anti-Virus ...",4.2,"₹46,500","₹75,990",38% off,"46,175 Ratings & 4,255 Reviews","Annual Power Usage: 685.26 UnitsRoom Size: 111 - 150 sqft1 Year Warranty on Product, 5 Years Warranty on PCB and 10 Years Warranty on Compressor with Gas Charging",33
"Godrej 2025 Model 1.5 Ton 5 Star Split Inverter AI Powered, 5-In-1 Convertible, Heavy Duty Cooling At ...",4,"₹33,490","₹50,600",33% off,"12,566 Ratings & 1,206 Reviews","Annual Power Usage: 736.46 kWhRoom Size: 111 - 150 sqft5 year warranty on whole product, 10 years warranty on compressor , Warranty can be availed after registering on Brand website within 7 days of purchase.",33
Midea 2026 Model 1.5 Ton 3 Star Split AI Inverter with Wi-fi Convertible 6-in-1 with Turbo Mode for Fa...,4.3,"₹29,990","₹59,700",49% off,"18,604 Ratings & 2,838 Reviews","Annual Power Usage: 854.39 kWhRoom Size: 111 - 150 sqft5 Year Comprehensive Warranty On Product,10 Year Warranty On Compressor",33
IFB 2024 Model 2 Ton 3 Star Split Inverter With Heavy Duty Cooling AC,4.2,"₹48,500","₹65,400",25% off,"1,194 Ratings & 115 Reviews","Annual Power Usage: 1248.28 UnitsRoom Size: 151 - 200 sqft1 Year Warranty on Product, 5 Years Warranty on PCB and 10 Years Warranty on Compressor",34
Haier 2025 Model 1.5 Ton 3 Star Split HEXA Inverter with Wi-fi AC,4,"₹33,500","₹64,000",47% off,"6,315 Ratings & 597 Reviews",Room Size: 111 - 150 sqft,34
CARRIER 2025 Model 1.5 Ton 3 Star Split Inverter AC,4.2,"₹34,999","₹67,500",48% off,"38,222 Ratings & 4,626 Reviews",Annual Power Usage: 887.8 UnitsRoom Size: 111 - 150 sqft1 Year Comprehensive Warranty,34
Lloyd 2022 Model 1.5 Ton 5 Star Window Inverter AC,4,"₹35,464","₹51,990",31% off,"1,256 Ratings & 156 Reviews",Annual Power Usage: 1173.59 UnitsRoom Size: 111 - 150 sqft1 Year Comprehensive Warranty on AC and 5 Years on Compressor,34
Voltas 2026 Model 1.5 Ton 3 Star Split Inverter AC,4.2,"₹33,990","₹60,990",44% off,"83,437 Ratings & 7,067 Reviews","Annual Power Usage: 900.94 kWhRoom Size: 111 - 150 sqft1 Year Warranty On Product,10 Years Warranty On Compressor",34
"LG 2025 Model 1.5 Ton 5 Star Split Dual Inverter with Faster Cooling and Energy Saving, AI Convertible...",4.2,"₹42,990","₹78,990",45% off,"46,175 Ratings & 4,255 Reviews",Annual Power Usage: 744.75 kWhRoom Size: 111 - 150 sqft1 Year Manufacturing Warranty on Product,34
Voltas 2023 Model 1 Ton 3 Star Split Inverter AC,4.1,"₹29,990","₹58,990",49% off,"8,721 Ratings & 907 Reviews",Annual Power Usage: 672.93 UnitsRoom Size: 90 sqft or Below1 Year Comprehensive Warranty on Product and 10 Years Warranty on Compressor,34
Voltas 2022 Model 1 Ton 3 Star Split Inverter with Wi-fi AC,4.1,"₹29,147","₹56,990",48% off,"8,721 Ratings & 907 Reviews",Annual Power Usage: 672.93 UnitsRoom Size: 90 sqft or Below1 Year Warranty on Product and 10 Years Warranty on Compressor,34
Godrej 2025 Model 1 Ton 3 Star Split Inverter 5-In-1-Convertible Cooling with Heavy Duty Cooling At Ex...,4,"₹26,490","₹38,600",31% off,"8,298 Ratings & 716 Reviews","Annual Power Usage: 1034 UnitsRoom Size: 90 sqft or Below5 Years Warranty on Whole Product (Valid on sales post 1 Sep 2024, warranty can be availed after registering on Brand website within 7 days of purchase) and 10 Years Warranty on Compressor",34
"CARRIER 2026 Model 1.5 Ton 3 Star Split AI Inverter Convertible 6-in-1 with Smart Energy Display, Inst...",4.2,"₹32,490","₹65,500",50% off,"38,222 Ratings & 4,626 Reviews","Annual Power Usage: 854.39 kWhRoom Size: 111 - 150 sqft1 Year Warranty on Product, 5 Years on PCB and 10 Years on the Compressor",34
Haier 2024 Model 1.5 Ton 3 Star Split Dual Inverter AC,4,"₹33,650","₹67,500",50% off,"6,315 Ratings & 597 Reviews",Annual Power Usage: 1029.15 UnitsRoom Size: 111 - 150 sqft1 Year Standard Warranty 5 Years Comprehensive warranty and 12 Years Warranty on Compressor,34
Blue Star 2023 Model 1 Ton 5 Star Split Inverter AC,4,"₹36,850","₹60,500",39% off,"2,676 Ratings & 255 Reviews",Annual Power Usage: 536.27 UnitsRoom Size: 90 sqft or Below1 Year Warranty on Product and 10 Years Warranty on Compressor,34
Sharp 2025 Model 1.5 Ton 3 Star Window Inverter AC,,"₹30,690","₹50,990",39% off,,Annual Power Usage: 1137.94 UnitsRoom Size: 111 - 150 sqft5 years Comprehensive Warranty,34
CARRIER 2025 Model 2 Ton 3 Star Split Inverter with Wi-fi AC,4.2,"₹49,500","₹77,800",36% off,"4,267 Ratings & 497 Reviews",Room Size: 151 - 200 sqft,34
Whirlpool 2026 Model 1.5 Ton 3 Star Split Inverter AC,4.1,"₹32,240","₹57,150",43% off,"30,027 Ratings & 3,540 Reviews","Annual Power Usage: 858.22 kWhRoom Size: 111 - 150 sqft1 year warranty on product, 5 years  warranty on compressor",34
Samsung 2025 Model 1.5 Ton 5 Star Split Inverter with Wi-fi AC,4.2,"₹36,490","₹72,990",50% off,"26,515 Ratings & 2,683 Reviews",Annual Power Usage: 751.24 WRoom Size: 111 - 150 sqft5 Years Comprehensive Warranty on AC and 10 Years Warranty on Compressor,34
IFB 2026 Model 1.5 Ton 3 Star Split Inverter with Wi-fi AC,4.2,"₹35,500","₹63,990",44% off,"8,648 Ratings & 903 Reviews",Annual Power Usage: 889.95 UnitsRoom Size: 111 - 150 sqft1 Year Manufacture Warranty On This Product,34
Hitachi 2024 Model 2 Ton 3 Star Split Inverter AC,4,"₹55,900","₹75,400",25% off,544 Ratings & 69 Reviews,"Annual Power Usage: 1419.9 WRoom Size: 151 - 200 sqft1 Year Warranty on Product,  5 Years on PCB and Motor, 10 Years Warranty on Compressor",34
"Samsung Bespoke AI 2026 Model 1.5 ton 4 Star Split Inverter with Wi-fi Energy Saving, Voice Control, P...",4.1,"₹38,990","₹82,990",53% off,"6,233 Ratings & 578 Reviews",Annual Power Usage: 713.57 kWhRoom Size: 111 - 150 sqft5 year comprehensive warranty on product and 10 years warranty on compressor,34
CARRIER 2026 Model 1.5 Ton 3 Star Split AI Inverter with Wi-fi Convertible 6-in-1 with Geo-Fencing & V...,4.2,"₹33,490","₹65,900",49% off,"38,222 Ratings & 4,626 Reviews","Annual Power Usage: 854.39 kWhRoom Size: 111 - 150 sqft1 Year Warranty on Product, 5 Years on PCB and 10 Years on the Compressor",34
Voltas 2024 Model 1.5 Ton 3 Star Split Inverter AC,4.2,"₹33,790","₹64,990",48% off,"83,437 Ratings & 7,067 Reviews","Annual Power Usage: 975.26 UnitsRoom Size: 111 - 150 sqft1 year on product, 5 years warranty on PCB, 10 years warranty on compressor",34
Hitachi 2025 Model 1.5 Ton 3 Star Split Inverter with Wi-fi AC,4,"₹48,990","₹73,990",33% off,"10,460 Ratings & 1,257 Reviews",Annual Power Usage: 897.16 UnitsRoom Size: 111 - 150 sqftStandard warranty of 1 Year,34
"LG 2023 Model 1.5 Ton 5 Star Split Inverter AI Convertible 6-in-1 Cooling , HD Filter with Anti-Virus ...",4.2,"₹46,500","₹75,990",38% off,"46,175 Ratings & 4,255 Reviews","Annual Power Usage: 685.26 UnitsRoom Size: 111 - 150 sqft1 Year Warranty on Product, 5 Years Warranty on PCB and 10 Years Warranty on Compressor with Gas Charging",34
Panasonic 2023 Model 1.5 Ton 5 Star Split Inverter AC,4.2,"₹43,800","₹67,400",35% off,"22,111 Ratings & 2,346 Reviews",Annual Power Usage: 1290 UnitsRoom Size: 111 - 150 sqft1 Year Comprehensive Warranty on Product and 5 Years Warranty on Compressor,34
Voltas 2026 Model 1.5 Ton 3 Star Split Inverter AC,4.2,"₹33,990","₹60,990",44% off,"83,437 Ratings & 7,067 Reviews","Annual Power Usage: 900.94 kWhRoom Size: 111 - 150 sqft1 Year Warranty On Product,10 Years Warranty On Compressor",35
"LG 2025 Model 1.5 Ton 5 Star Split Dual Inverter with Faster Cooling and Energy Saving, AI Convertible...",4.2,"₹42,990","₹78,990",45% off,"46,175 Ratings & 4,255 Reviews",Annual Power Usage: 744.75 kWhRoom Size: 111 - 150 sqft1 Year Manufacturing Warranty on Product,35
Lloyd 2024 Model 1.5 Ton 3 Star Window Fixed Speed AC,4.1,"₹31,590","₹40,900",22% off,"3,328 Ratings & 350 Reviews","Annual Power Usage: 1180.51 UnitsRoom Size: 111 - 150 sqft1 Year Warranty on Product, 5 Year Warranty on Component & 10 Year Warranty on Compressor.",35
O-General 2025 Model 1.8 Ton 4 Star Window Inverter AC,,"₹53,900","₹55,530",2% off,,Annual Power Usage: 1393.7 UnitsRoom Size: 151 - 200 sqft1 Year Comprehensive Warranty,35
Godrej 2025 Model 1 Ton 3 Star Split Inverter 5-In-1-Convertible Cooling with Heavy Duty Cooling At Ex...,4,"₹26,490","₹38,600",31% off,"8,298 Ratings & 716 Reviews","Annual Power Usage: 1034 UnitsRoom Size: 90 sqft or Below5 Years Warranty on Whole Product (Valid on sales post 1 Sep 2024, warranty can be availed after registering on Brand website within 7 days of purchase) and 10 Years Warranty on Compressor",35
"CARRIER 2026 Model 1.5 Ton 3 Star Split AI Inverter Convertible 6-in-1 with Smart Energy Display, Inst...",4.2,"₹32,490","₹65,500",50% off,"38,222 Ratings & 4,626 Reviews","Annual Power Usage: 854.39 kWhRoom Size: 111 - 150 sqft1 Year Warranty on Product, 5 Years on PCB and 10 Years on the Compressor",35
"Haier 2023 Model 1.6 Ton 5 Star Split Inverter with Wi-fi Frost Self-clean technology, Supersonic Cool...",4.2,"₹42,850","₹79,990",46% off,171 Ratings & 15 Reviews,Annual Power Usage: 828.37 UnitsRoom Size: 151 - 200 sqft5 Years Comprehensive Warranty and 12 Years Compressor Warranty,35
Blue Star 2024 Model 1.5 Ton 3 Star Window Fixed Speed AC,4.2,"₹37,619","₹42,900",12% off,"1,912 Ratings & 181 Reviews","Annual Power Usage: 1180.51 UnitsRoom Size: 111 - 150 sqft1 Year Warranty on Product, 5 Years Warranty on PCB and 5 Years Warranty on Compressor",35
Godrej 2023 Model 1.5 Ton Split Inverter AC,,"₹34,790","₹54,900",36% off,,Room Size: 111 - 150 sqft,35
TCL 2023 Model 1.5 Ton 3 Star Split Inverter with Wi-fi AC,4,"₹45,991",,,"1,461 Ratings & 168 Reviews","Annual Power Usage: 985.71 UnitsRoom Size: 111 - 150 sqft1 Year Warranty on Product, 5 Years Warranty on PCB and 10 Years Warranty on Compressor",35
Whirlpool 2026 Model 1.5 Ton 3 Star Split Inverter AC,4.1,"₹32,240","₹57,150",43% off,"30,027 Ratings & 3,540 Reviews","Annual Power Usage: 858.22 kWhRoom Size: 111 - 150 sqft1 year warranty on product, 5 years  warranty on compressor",35
"Samsung Bespoke AI 2026 Model 1.5 ton 4 Star Split Inverter with Wi-fi Energy Saving, Voice Control, P...",4.1,"₹38,990","₹82,990",53% off,"6,233 Ratings & 578 Reviews",Annual Power Usage: 713.57 kWhRoom Size: 111 - 150 sqft5 year comprehensive warranty on product and 10 years warranty on compressor,35
Voltas 2022 Model 1.5 Ton 5 Star Window Inverter AC,4.3,"₹34,990","₹45,990",23% off,"8,589 Ratings & 892 Reviews",Annual Power Usage: 1114.62 UnitsRoom Size: 111 - 150 sqft1 Year Warranty on Product and 10 Years Warranty on Compressor,35
LG 2025 Model 2 Ton 3 Star Split Dual Inverter AC,4.1,"₹56,718","₹75,000",24% off,"1,559 Ratings & 116 Reviews",Room Size: 151 - 200 sqft,35
CARRIER 2026 Model 1.5 Ton 3 Star Split AI Inverter with Wi-fi Convertible 6-in-1 with Geo-Fencing & V...,4.2,"₹33,490","₹65,900",49% off,"38,222 Ratings & 4,626 Reviews","Annual Power Usage: 854.39 kWhRoom Size: 111 - 150 sqft1 Year Warranty on Product, 5 Years on PCB and 10 Years on the Compressor",35
LG 2025 Model 1.5 Ton 5 Star Split AI Dual Inverter AI Convertible 6-in-1 Split with Faster Cooling an...,4.2,"₹42,990","₹78,990",45% off,"46,175 Ratings & 4,255 Reviews","Annual Power Usage: 744.75 kWhRoom Size: 111 - 150 sqft1 Year Warranty on Product,5 year on Pcb and 10 Years Warranty on Compressor",35
Godrej 2024 Model 1.5 Ton 3 Star Split Inverter 4 Way Air Swing AC,4,"₹32,500","₹48,900",33% off,"22,727 Ratings & 1,770 Reviews","Annual Power Usage: 980.37 UnitsRoom Size: 111 - 150 sqft5 Years Warranty on Whole Product (Valid on sales post 1 Sep 2024, warranty can be availed after registering on Brand website within 7 days of purchase) and 10 Years Warranty on Compressor",35
Godrej 2025 Model 1.7 Ton 3 Star Split Inverter AC,4.4,"₹32,990","₹46,000",28% off,27 Ratings & 3 Reviews,Room Size: 151 - 200 sqft,35
Hitachi 2025 Model 1.5 Ton 3 Star Window Inverter AC,4.1,"₹35,990","₹44,990",20% off,"6,348 Ratings & 664 Reviews",Annual Power Usage: 1172.92 UnitsRoom Size: 111 - 150 sqft1 Year Warranty,35
Lloyd 2022 Model 1.5 Ton 5 Star Window Inverter AC,4,"₹35,464","₹51,990",31% off,"1,256 Ratings & 156 Reviews",Annual Power Usage: 1173.59 UnitsRoom Size: 111 - 150 sqft1 Year Comprehensive Warranty on AC and 5 Years on Compressor,35
"Godrej 2025 Model 1.5 Ton 5 Star Split Inverter AI Powered, 5-In-1 Convertible, Heavy Duty Cooling At ...",4,"₹33,490","₹50,600",33% off,"12,566 Ratings & 1,206 Reviews","Annual Power Usage: 736.46 kWhRoom Size: 111 - 150 sqft5 year warranty on whole product, 10 years warranty on compressor , Warranty can be availed after registering on Brand website within 7 days of purchase.",35
Midea 2026 Model 1.5 Ton 3 Star Split AI Inverter with Wi-fi Convertible 6-in-1 with Turbo Mode for Fa...,4.3,"₹29,990","₹59,700",49% off,"18,604 Ratings & 2,838 Reviews","Annual Power Usage: 854.39 kWhRoom Size: 111 - 150 sqft5 Year Comprehensive Warranty On Product,10 Year Warranty On Compressor",35
"Panasonic 2023 Model 1.5 Ton 4 Star Split Inverter with Wi-fi with 4 Way Swing, PM 0.1 Air Purificatio...",4.1,"₹42,858","₹68,000",36% off,"2,166 Ratings & 250 Reviews","Annual Power Usage: 876.76 UnitsRoom Size: 111 - 150 sqft1 Year Comprehensive Warranty on Product, 5 Years Warranty on PCB and 10 Years Warranty on Compressor",35
CARRIER 2025 Model 1.5 Ton 3 Star Split Inverter with Wi-fi AC,4.2,"₹33,399","₹71,790",53% off,"38,222 Ratings & 4,626 Reviews",Room Size: 111 - 150 sqft,35
Voltas 2026 Model 1.5 Ton 3 Star Split Inverter AC,4.2,"₹33,990","₹60,990",44% off,"83,437 Ratings & 7,067 Reviews","Annual Power Usage: 900.94 kWhRoom Size: 111 - 150 sqft1 Year Warranty On Product,10 Years Warranty On Compressor",36
"LG 2025 Model 1.5 Ton 5 Star Split Dual Inverter with Faster Cooling and Energy Saving, AI Convertible...",4.2,"₹42,990","₹78,990",45% off,"46,175 Ratings & 4,255 Reviews",Annual Power Usage: 744.75 kWhRoom Size: 111 - 150 sqft1 Year Manufacturing Warranty on Product,36
"Panasonic 2023 Model 1 Ton 5 Star Split Inverter with Wi-fi with 4 Way Swing, PM 0.1 Air Purification ...",4.2,"₹57,658","₹59,999",3% off,"4,169 Ratings & 452 Reviews","Annual Power Usage: 523.15 UnitsRoom Size: 90 sqft or Below1 Year Comprehensive Warranty on Product, 5 Years Warranty on PCB and 10 Years Warranty on Compressor",36
Panasonic 2023 Model 1.5 Ton 5 Star Split Inverter with Wi-fi Convertible 7-in-1 with Additional AI Mo...,4.2,"₹66,206","₹69,999",5% off,"22,111 Ratings & 2,346 Reviews","Annual Power Usage: 774.19 UnitsRoom Size: 111 - 150 sqft1 Year Comprehensive Warranty on Product, 5 Years Warranty on PCB and 10 Years Warranty on Compressor",36
Hitachi 2025 Model 1.5 Ton 5 Star Window Fixed Speed AC,4.1,"₹39,999","₹52,999",24% off,"2,897 Ratings & 327 Reviews",Room Size: 111 - 150 sqft,36
Haier 2024 Model 1.6 Ton 5 Star Split Inverter AC,4.2,"₹42,950","₹75,400",43% off,171 Ratings & 15 Reviews,Annual Power Usage: 836.95 UnitsRoom Size: 151 - 200 sqft1 Year Warranty on Product and 12 Years Warranty on Compressor,36
Godrej 2025 Model 1 Ton 3 Star Split Inverter 5-In-1-Convertible Cooling with Heavy Duty Cooling At Ex...,4,"₹26,490","₹38,600",31% off,"8,298 Ratings & 716 Reviews","Annual Power Usage: 1034 UnitsRoom Size: 90 sqft or Below5 Years Warranty on Whole Product (Valid on sales post 1 Sep 2024, warranty can be availed after registering on Brand website within 7 days of purchase) and 10 Years Warranty on Compressor",36
"CARRIER 2026 Model 1.5 Ton 3 Star Split AI Inverter Convertible 6-in-1 with Smart Energy Display, Inst...",4.2,"₹32,490","₹65,500",50% off,"38,222 Ratings & 4,626 Reviews","Annual Power Usage: 854.39 kWhRoom Size: 111 - 150 sqft1 Year Warranty on Product, 5 Years on PCB and 10 Years on the Compressor",36
"LG 2023 Model 1.5 Ton 5 Star Split Dual Inverter with Wi-fi AI Convertible 6-in-1 Cooling, HD Filter w...",4.2,"₹37,490","₹91,990",59% off,"46,175 Ratings & 4,255 Reviews","Annual Power Usage: 744.99 UnitsRoom Size: 111 - 150 sqft1 Year Warranty on Product, 5 Years Warranty on PCB and 10 Years Warranty on Compressor with Gas Charging (T&C)",36
Whirlpool 2025 Model 1.5 Ton 3 Star Split Inverter AC,4.1,"₹33,200","₹65,400",49% off,"30,027 Ratings & 3,540 Reviews",Annual Power Usage: 987.11 kWhRoom Size: 111 - 150 sqft1 Year Comprehensive Warranty on  product,36
Whirlpool 2026 Model 1.5 Ton 3 Star Split Inverter AC,4.1,"₹32,240","₹57,150",43% off,"30,027 Ratings & 3,540 Reviews","Annual Power Usage: 858.22 kWhRoom Size: 111 - 150 sqft1 year warranty on product, 5 years  warranty on compressor",36
"Samsung Bespoke AI 2026 Model 1.5 ton 4 Star Split Inverter with Wi-fi Energy Saving, Voice Control, P...",4.1,"₹38,990","₹82,990",53% off,"6,233 Ratings & 578 Reviews",Annual Power Usage: 713.57 kWhRoom Size: 111 - 150 sqft5 year comprehensive warranty on product and 10 years warranty on compressor,36
Godrej 2024 Model 1.5 Ton 3 Star Split Inverter AC,4,"₹32,300","₹47,000",31% off,"22,727 Ratings & 1,770 Reviews",Annual Power Usage: 1003.51 UnitsRoom Size: 111 - 150 sqft1 Year on Product and 10 Years Warranty on Compressor,36
CARRIER 2025 Model 1.5 Ton 5 Star Split Inverter with Wi-fi AC,4.2,"₹45,800","₹74,500",38% off,"26,219 Ratings & 3,537 Reviews",Room Size: 111 - 150 sqft,36
Voltas 2025 Model 1 Ton 3 Star Split Inverter with Wi-fi AC,4.1,"₹35,355","₹57,990",39% off,"8,721 Ratings & 907 Reviews","Annual Power Usage: 602.41 kWhRoom Size: 90 sqft or Below1 Year Warranty On Product,10 Years Warranty On Compressor",36
Voltas 2025 Model 1 Ton 3 Star Split Inverter with Wi-fi AC,4.1,"₹35,900","₹57,990",38% off,"8,721 Ratings & 907 Reviews","Annual Power Usage: 602.41 kWhRoom Size: 90 sqft or Below1 Year Warranty On Product,10 Years Warranty On Compressor",36
CARRIER 2026 Model 1.5 Ton 3 Star Split AI Inverter with Wi-fi Convertible 6-in-1 with Geo-Fencing & V...,4.2,"₹33,490","₹65,900",49% off,"38,222 Ratings & 4,626 Reviews","Annual Power Usage: 854.39 kWhRoom Size: 111 - 150 sqft1 Year Warranty on Product, 5 Years on PCB and 10 Years on the Compressor",36
LG 2025 Model 1.5 Ton 5 Star Split AI Dual Inverter AI Convertible 6-in-1 Split with Faster Cooling an...,4.2,"₹42,990","₹78,990",45% off,"46,175 Ratings & 4,255 Reviews","Annual Power Usage: 744.75 kWhRoom Size: 111 - 150 sqft1 Year Warranty on Product,5 year on Pcb and 10 Years Warranty on Compressor",36
Samsung 2024 Model 1.5 Ton 3 Star Split Inverter with Wi-fi AC,4.1,"₹38,786","₹78,290",50% off,"37,322 Ratings & 3,395 Reviews",Annual Power Usage: 1900 UnitsRoom Size: 111 - 150 sqftManufacturer Warranty:  1 Year Standard Warranty 5 Year Comprehensive Warranty 10 Year Warranty on Compressor,36
"Haier 2024 Model 1.5 Ton 3 Star Split Fixed Speed with Wi-fi with Turbo Mode, Micro Anti-Bacterial Fil...",4,"₹39,184","₹62,500",37% off,"6,315 Ratings & 597 Reviews",Annual Power Usage: 1045.04 UnitsRoom Size: 111 - 150 sqft1 Year Warranty on Product and 6 Years Warranty on Compressor,36
"Godrej 2025 Model 1.5 Ton 5 Star Split Inverter AI Powered, 5-In-1 Convertible, Heavy Duty Cooling At ...",4,"₹33,490","₹50,600",33% off,"12,566 Ratings & 1,206 Reviews","Annual Power Usage: 736.46 kWhRoom Size: 111 - 150 sqft5 year warranty on whole product, 10 years warranty on compressor , Warranty can be availed after registering on Brand website within 7 days of purchase.",36
Midea 2026 Model 1.5 Ton 3 Star Split AI Inverter with Wi-fi Convertible 6-in-1 with Turbo Mode for Fa...,4.3,"₹29,990","₹59,700",49% off,"18,604 Ratings & 2,838 Reviews","Annual Power Usage: 854.39 kWhRoom Size: 111 - 150 sqft5 Year Comprehensive Warranty On Product,10 Year Warranty On Compressor",36
Samsung 2026 Model 1.5 Ton 4 Star Split Inverter with Wi-fi AC,4.1,"₹38,750","₹82,990",53% off,"6,233 Ratings & 578 Reviews",Room Size: 111 - 150 sqft,36
Samsung 2026 Model 1 Ton 3 Star Split AI Inverter with Wi-fi AC,4.2,"₹32,490","₹67,990",52% off,"8,987 Ratings & 942 Reviews","Annual Power Usage: 585.36 kWhRoom Size: 90 sqft or Below1 Year Standard Warranty, 5 Years comprehensive Protection and 10 Years warranty on compressor",36
Panasonic 2025 Model 1.5 Ton 5 Star Split Inverter AC,4.2,"₹45,800","₹62,500",26% off,"22,111 Ratings & 2,346 Reviews","Annual Power Usage: 759.55 kWhRoom Size: 111 - 150 sqft1 Year Comprehensive Warranty, 5 Years PCB Warranty, 5 Years ODU Casing Warranty, 10 Years Compressor Warranty",37
Haier 2024 Model 1.6 Ton 5 Star Split Dual Inverter AC,4.2,"₹42,950","₹80,000",46% off,171 Ratings & 15 Reviews,Annual Power Usage: 836.95 UnitsRoom Size: 151 - 200 sqft1 Year Standard Warranty 5 Years Comprehensive warranty and 12 Years Warranty on Compressor,37
Voltas 2026 Model 1.5 Ton 3 Star Split Inverter AC,4.2,"₹33,990","₹60,990",44% off,"83,437 Ratings & 7,067 Reviews","Annual Power Usage: 900.94 kWhRoom Size: 111 - 150 sqft1 Year Warranty On Product,10 Years Warranty On Compressor",37
"LG 2025 Model 1.5 Ton 5 Star Split Dual Inverter with Faster Cooling and Energy Saving, AI Convertible...",4.2,"₹42,990","₹78,990",45% off,"46,175 Ratings & 4,255 Reviews",Annual Power Usage: 744.75 kWhRoom Size: 111 - 150 sqft1 Year Manufacturing Warranty on Product,37
Whirlpool 2026 Model 1 Ton 3 Star Split Inverter AC,4.1,"₹32,500","₹50,400",35% off,"10,799 Ratings & 1,227 Reviews",Annual Power Usage: 594.03 UnitsRoom Size: 90 sqft or Below1+4 Years Compressor Warranty,37
Godrej 2026 Model 1 Ton 5 Star Split Inverter AC,4,"₹33,990","₹46,000",26% off,"2,579 Ratings & 244 Reviews","Annual Power Usage: 468.65 kWhRoom Size: 90 sqft or Below10 years warranty on compressor, 5 year warranty on whole product (Applicable on purchase after Sept 2024 and warranty can be availed after registering on brand website within 30 days of purchase)",37
Godrej 2025 Model 1 Ton 3 Star Split Inverter 5-In-1-Convertible Cooling with Heavy Duty Cooling At Ex...,4,"₹26,490","₹38,600",31% off,"8,298 Ratings & 716 Reviews","Annual Power Usage: 1034 UnitsRoom Size: 90 sqft or Below5 Years Warranty on Whole Product (Valid on sales post 1 Sep 2024, warranty can be availed after registering on Brand website within 7 days of purchase) and 10 Years Warranty on Compressor",37
"CARRIER 2026 Model 1.5 Ton 3 Star Split AI Inverter Convertible 6-in-1 with Smart Energy Display, Inst...",4.2,"₹32,490","₹65,500",50% off,"38,222 Ratings & 4,626 Reviews","Annual Power Usage: 854.39 kWhRoom Size: 111 - 150 sqft1 Year Warranty on Product, 5 Years on PCB and 10 Years on the Compressor",37
TOSHIBA 2019 Model 1 Ton 5 Star Split Inverter AC,4,"₹39,000","₹50,000",22% off,5 Ratings & 0 Reviews,"Annual Power Usage: 618.45 UnitsRoom Size: 90 sqft or Below1 Year on product, 5 year on Compressor",37
Godrej 2025 Model 1.7 Ton 3 Star Split Inverter AC,4.4,"₹32,990","₹46,000",28% off,27 Ratings & 3 Reviews,Room Size: 151 - 200 sqft,37
Daikin 2020 Model 1.8 Ton 3 Star Split Inverter AC,4.2,"₹49,389","₹69,299",28% off,412 Ratings & 45 Reviews,Annual Power Usage: 1202.77 UnitsRoom Size: 151 - 200 sqft1 Year Warranty on Product and 10 Years on Compresser,37
LG 2025 Model 2 Ton 3 Star Split Dual Inverter AC,4.1,"₹56,718","₹75,000",24% off,"1,559 Ratings & 116 Reviews",Room Size: 151 - 200 sqft,37
Whirlpool 2026 Model 1.5 Ton 3 Star Split Inverter AC,4.1,"₹32,240","₹57,150",43% off,"30,027 Ratings & 3,540 Reviews","Annual Power Usage: 858.22 kWhRoom Size: 111 - 150 sqft1 year warranty on product, 5 years  warranty on compressor",37
Samsung 2025 Model 1.5 Ton 5 Star Split Inverter with Wi-fi AC,4.2,"₹36,490","₹72,990",50% off,"26,515 Ratings & 2,683 Reviews",Annual Power Usage: 751.24 WRoom Size: 111 - 150 sqft5 Years Comprehensive Warranty on AC and 10 Years Warranty on Compressor,37
Samsung 2026 Model 1.5 Ton 5 Star Split Inverter with Wi-fi AC,4.2,"₹50,990","₹91,990",44% off,"26,515 Ratings & 2,683 Reviews","Annual Power Usage: 636.71 kWhRoom Size: 111 - 150 sqftManufacturer warranty: 5 year comprehensive, 10 years on compressor (T&C Apply)",37
Voltas 2022 Model 1.5 Ton 5 Star Window Inverter AC,4.3,"₹34,990","₹45,990",23% off,"8,589 Ratings & 892 Reviews",Annual Power Usage: 1114.62 UnitsRoom Size: 111 - 150 sqft1 Year Warranty on Product and 10 Years Warranty on Compressor,37
"Samsung Bespoke AI 2026 Model 1.5 ton 4 Star Split Inverter with Wi-fi Energy Saving, Voice Control, P...",4.1,"₹38,990","₹82,990",53% off,"6,233 Ratings & 578 Reviews",Annual Power Usage: 713.57 kWhRoom Size: 111 - 150 sqft5 year comprehensive warranty on product and 10 years warranty on compressor,37
CARRIER 2026 Model 1.5 Ton 3 Star Split AI Inverter with Wi-fi Convertible 6-in-1 with Geo-Fencing & V...,4.2,"₹33,490","₹65,900",49% off,"38,222 Ratings & 4,626 Reviews","Annual Power Usage: 854.39 kWhRoom Size: 111 - 150 sqft1 Year Warranty on Product, 5 Years on PCB and 10 Years on the Compressor",37
Blue Star 2023 Model 1 Ton 5 Star Split Inverter AC,4,"₹37,650","₹60,500",37% off,"2,676 Ratings & 255 Reviews","Annual Power Usage: 517.12 UnitsRoom Size: 90 sqft or Below1 Year Warranty on Product, 5 Years Warranty on PCB and 10 Years Warranty on Inverter Compressor",37
Godrej 2024 Model 3 Ton 2 Star Cassette Fixed Speed With Anti Dust Filter AC,,"₹84,990","₹1,33,550",36% off,,"Annual Power Usage: 2608.74 Units1 year standard warranty on product, 5 years warranty on compressor and 5 year warranty on PCB.",37
Samsung 2023 Model 2 Ton 3 Star Split Inverter AC,4,"₹48,991","₹82,990",40% off,426 Ratings & 25 Reviews,Annual Power Usage: 1145.22 UnitsRoom Size: 151 - 200 sqft1 Year Standard Warranty on Product and 10 Years Warranty on Compressor,37
Hitachi 2023 Model 1.5 Ton 5 Star Split Inverter AC,4,"₹44,590","₹72,900",38% off,"5,094 Ratings & 705 Reviews","Annual Power Usage: 758.52 UnitsRoom Size: 111 - 150 sqft1 Year Comprehensive Warranty on Prodcut, 5 Years Warranty on PCB and 10 Years Warranty on Compressor",37
LG 2025 Model 1.5 Ton 5 Star Split AI Dual Inverter AI Convertible 6-in-1 Split with Faster Cooling an...,4.2,"₹42,990","₹78,990",45% off,"46,175 Ratings & 4,255 Reviews","Annual Power Usage: 744.75 kWhRoom Size: 111 - 150 sqft1 Year Warranty on Product,5 year on Pcb and 10 Years Warranty on Compressor",37
Midea 2026 Model 1.5 Ton 3 Star Split AI Inverter with Wi-fi Convertible 6-in-1 with Turbo Mode for Fa...,4.3,"₹29,990","₹59,700",49% off,"18,604 Ratings & 2,838 Reviews","Annual Power Usage: 854.39 kWhRoom Size: 111 - 150 sqft5 Year Comprehensive Warranty On Product,10 Year Warranty On Compressor",37
